root,relpath,code,href,written,status
/Volumes/disk/J/Adult,A/AARM/AARM-074/AARM-074.mp4,AARM-074,/v/ZMkAq,1,
/Volumes/disk/G/Adult,A/AARM/AARM-149/AARM-149.mp4,AARM-149,/v/Rd8bRz,1,
/Volumes/disk/J/Adult,A/AARM-165/AARM-165.mp4,AARM-165,/v/GM6Oxb,1,
/Volumes/disk/J/Adult,A/AARM-176/AARM-176.mp4,AARM-176,/v/Mm1zbv,1,
/Volumes/disk/D/Adult,A/AAR/aarm-192/aarm-192.mp4,AARM-192,/v/ZXJNPm,1,
/Volumes/disk/J/Adult,A/aarm-199/aarm-199.mp4,AARM-199,/v/ZX6xgq,1,
/Volumes/disk/J/Adult,xunlei/ABF-001-UC/ABF-001.mp4,ABF-001,/v/9bx8,1,
/Volumes/disk/J/Adult,A/ABF/ABF-017/ABF-017.mp4,ABF-017,/v/GMDOgJ,1,
/Volumes/disk/J/Adult,xunlei/ABF-020/ABF-020.mp4,ABF-020,,,
/Volumes/disk/J/Adult,xunlei/ABF-024/ABF-024.mp4,ABF-024,,,
/Volumes/disk/J/Adult,A/ABF/ABF-030/ABF-030.mp4,ABF-030,/v/MyMA,1,
/Volumes/disk/J/Adult,A/ABF/ABF-040/ABF-040.mp4,ABF-040,,,
/Volumes/disk/J/Adult,A/ABF/ABF-041/ABF-041.mp4,ABF-041,,,
/Volumes/disk/D/Adult,A/ABF/ABF-101/abf-101.mp4,ABF-101,,,
/Volumes/disk/D/Adult,A/ABF/ABF-111/abf-111.mp4,ABF-111,,,
/Volumes/disk/D/Adult,A/ABF/ABF-114/abf-114.mp4,ABF-114,/v/z4K20J,1,
/Volumes/disk/D/Adult,A/ABF/ABF-121/abf-121.mp4,ABF-121,,,
/Volumes/disk/D/Adult,A/ABF/ABF-133/abf-133.mp4,ABF-133,,,
/Volumes/disk/D/Adult,A/ABF/ABF-158/abf-158.mp4,ABF-158,,,
/Volumes/disk/D/Adult,A/ABF/ABF-162/abf-162.mp4,ABF-162,,,
/Volumes/disk/D/Adult,A/ABF/ABF-169/abf-169.mp4,ABF-169,,,
/Volumes/disk/D/Adult,A/ABF/ABF-178/abf-178.mp4,ABF-178,,,
/Volumes/disk/D/Adult,A/ABF/ABF-180/abf-180.mp4,ABF-180,,,
/Volumes/disk/D/Adult,A/ABF/ABF-183/abf-183.mp4,ABF-183,,,
/Volumes/disk/D/Adult,A/ABF/ABF-187/abf-187.mp4,ABF-187,,,
/Volumes/disk/D/Adult,A/ABF/ABF-196/abf-196.mp4,ABF-196,,,
/Volumes/disk/D/Adult,A/ABF/ABF-203-UC/ABF-203-UC.mp4,ABF-203,,,
/Volumes/disk/D/Adult,A/ABF/ABF-207/abf-207.mp4,ABF-207,,,
/Volumes/disk/D/Adult,A/ABF/ABF-213-UC/ABF-213-UC.mp4,ABF-213,,,
/Volumes/disk/D/Adult,A/ABF/ABF-216/abf-216.mp4,ABF-216,,,
/Volumes/disk/D/Adult,unclass/ABP-172-U/ABP-172-U.mp4,ABP-172,/v/B84e1,1,
/Volumes/disk/G/Adult,A/ABP/ABP-583/ABP-583.mp4,ABP-583,/v/0RzPa,1,
/Volumes/disk/G/Adult,A/ABP/ABP-656/ABP-656.mkv,ABP-656,/v/wK0gz,1,
/Volumes/disk/J/Adult,A/ABP/ABP-691/ABP-691.mp4,ABP-691,/v/mezKD,1,
/Volumes/disk/G/Adult,A/ABP/ABP-773/ABP-773.mp4,ABP-773,/v/a8Mrq,1,
/Volumes/disk/J/Adult,A/ABP/ABP-780/ABP-780.mp4,ABP-780,/v/VBVwz,1,
/Volumes/disk/J/Adult,A/ABP/ABP-785/ABP-785.mp4,ABP-785,,,
/Volumes/disk/J/Adult,A/ABP/ABP-807/ABP-807.mp4,ABP-807,,,
/Volumes/disk/J/Adult,A/ABP/ABP-838/ABP-838.mp4,ABP-838,/v/8NbGx,1,
/Volumes/disk/J/Adult,xunlei/abp-886-C/abp-886.mp4,ABP-886,,,
/Volumes/disk/J/Adult,A/abp-901-C/abp-901.mp4,ABP-901,/v/N98x4,1,
/Volumes/disk/G/Adult,A/ABP/ABP-907/ABP-907.mp4,ABP-907,,,
/Volumes/disk/G/Adult,A/ABP/ABP-923/ABP-923.mp4,ABP-923,/v/Zq748,1,
/Volumes/disk/D/Adult,A/ABP/ABP-933/ABP-933.mp4,ABP-933,/v/X4pG4,1,
/Volumes/disk/G/Adult,A/ABP/ABP-934/ABP-934.mkv,ABP-934,/v/14ORd,1,
/Volumes/disk/D/Adult,A/ABP/ABP-968/ABP-968.mp4,ABP-968,/v/V7v7n,1,
/Volumes/disk/D/Adult,A/ABP/abp-984/abp-984.mp4,ABP-984,/v/w421B,1,
/Volumes/disk/G/Adult,A/ABP/ABP-984/ABP-984.mp4,ABP-984,/v/w421B,1,
/Volumes/disk/J/Adult,A/ABP/ABP-988/ABP-988.mp4,ABP-988,,,
/Volumes/disk/J/Adult,A/abw-005-uncensored/abw-005.mp4,ABW-005,/v/q7R53,1,
/Volumes/disk/J/Adult,A/ABW/ABW-017/ABW-017.mp4,ABW-017,/v/dPQxe,1,
/Volumes/disk/G/Adult,A/ABW/ABW-024/ABW-024.mp4,ABW-024,/v/W40D7,1,
/Volumes/disk/J/Adult,A/ABW/ABW-030/ABW-030.mp4,ABW-030,/v/OqaO0,1,
/Volumes/disk/D/Adult,A/ABW/ABW-032/ABW-032.mp4,ABW-032,/v/ZPZOX,1,
/Volumes/disk/D/Adult,unclass/ABW-041-UC/ABW-041-UC.mp4,ABW-041,,,
/Volumes/disk/J/Adult,xunlei/abw-050/abw-050.mp4,ABW-050,,,
/Volumes/disk/D/Adult,A/ABW/abw-054/abw-054.mp4,ABW-054,/v/y3qWX,1,
/Volumes/disk/J/Adult,A/ABW/ABW-070/ABW-070.mp4,ABW-070,,,
/Volumes/disk/J/Adult,A/ABW/ABW-076/ABW-076.mp4,ABW-076,/v/bGAAB,1,
/Volumes/disk/D/Adult,A/ABW/abw-087/abw-087.mp4,ABW-087,/v/n8kRw,1,
/Volumes/disk/J/Adult,A/abw-087/abw-087.mp4,ABW-087,/v/n8kRw,1,
/Volumes/disk/J/Adult,A/ABW/ABW-092/ABW-092.mp4,ABW-092,/v/qZ8Gx,1,
/Volumes/disk/D/Adult,A/ABW/ABW-096/ABW-096.mp4,ABW-096,/v/A52GO,1,
/Volumes/disk/J/Adult,A/ABW-099/ABW-099.mp4,ABW-099,/v/Z8Vyv,1,
/Volumes/disk/G/Adult,A/ABW/ABW-100/ABW-100.mp4,ABW-100,/v/pVvNe,1,
/Volumes/disk/J/Adult,xunlei/abw-104-C/abw-104.mp4,ABW-104,,,
/Volumes/disk/J/Adult,A/ABW/ABW-106/ABW-106.mp4,ABW-106,,,
/Volumes/disk/J/Adult,A/ABW-135-U/ABW-135.mp4,ABW-135,/v/WBG9Z,1,
/Volumes/disk/J/Adult,A/ABW-139/ABW-139.mp4,ABW-139,,,
/Volumes/disk/J/Adult,xunlei/ABW-139/ABW-139.mp4,ABW-139,,,
/Volumes/disk/G/Adult,A/ABW/ABW-146/ABW-146.mp4,ABW-146,,,
/Volumes/disk/J/Adult,A/ABW/ABW-146/ABW-146.mp4,ABW-146,,,
/Volumes/disk/D/Adult,A/ABW/ABW-153/ABW-153.mp4,ABW-153,/v/8a5eV,1,
/Volumes/disk/J/Adult,A/ABW-159-U/ABW-159.mp4,ABW-159,,,
/Volumes/disk/J/Adult,A/ABW/ABW-159/ABW-159.mp4,ABW-159,,,
/Volumes/disk/J/Adult,A/ABW/ABW-171/ABW-171.mkv,ABW-171,,,
/Volumes/disk/J/Adult,A/ABW/ABW-172/ABW-172.mp4,ABW-172,,,
/Volumes/disk/J/Adult,A/ABW-178/ABW-178.mp4,ABW-178,,,
/Volumes/disk/D/Adult,unclass/ABW-192/abw-192.mp4,ABW-192,,,
/Volumes/disk/J/Adult,A/ABW-192/ABW-192.mp4,ABW-192,,,
/Volumes/disk/G/Adult,A/ABW/ABW-196/ABW-196.mp4,ABW-196,,,
/Volumes/disk/G/Adult,A/ABW/ABW-199/ABW-199.mp4,ABW-199,,,
/Volumes/disk/J/Adult,xunlei/ABW-204-UC/ABW-204.mp4,ABW-204,,,
/Volumes/disk/G/Adult,A/ABW/ABW-206/ABW-206.mp4,ABW-206,,,
/Volumes/disk/J/Adult,A/ABW-207/ABW-207.mp4,ABW-207,,,
/Volumes/disk/J/Adult,xunlei/ABW-209-U/ABW-209.mp4,ABW-209,,,
/Volumes/disk/J/Adult,A/ABW-227/ABW-227.mp4,ABW-227,,,
/Volumes/disk/G/Adult,A/ABW/ABW-230/ABW-230.mp4,ABW-230,,,
/Volumes/disk/J/Adult,xunlei/ABW-232/ABW-232.mp4,ABW-232,/v/KAmnP,1,
/Volumes/disk/G/Adult,A/ABW/ABW-241/ABW-241.mp4,ABW-241,,,
/Volumes/disk/J/Adult,A/ABW/ABW-245/ABW-245.mp4,ABW-245,,,
/Volumes/disk/J/Adult,A/ABW-248/ABW-248.mp4,ABW-248,,,
/Volumes/disk/J/Adult,xunlei/abw-248-C/abw-248.mp4,ABW-248,,,
/Volumes/disk/G/Adult,A/ABW/ABW-252/ABW-252.mp4,ABW-252,,,
/Volumes/disk/J/Adult,A/ABW-254/ABW-254.mp4,ABW-254,/v/yK8Kg,1,
/Volumes/disk/G/Adult,A/ABW/ABW-255/ABW-255.mp4,ABW-255,,,
/Volumes/disk/J/Adult,A/ABW-255/ABW-255.mp4,ABW-255,,,
/Volumes/disk/J/Adult,xunlei/ABW-255-C/ABW-255.mp4,ABW-255,,,
/Volumes/disk/G/Adult,A/ABW/ABW-263/ABW-263.mp4,ABW-263,,,
/Volumes/disk/J/Adult,A/ABW/ABW-264/ABW-264.mp4,ABW-264,,,
/Volumes/disk/J/Adult,A/ABW-265/ABW-265.mp4,ABW-265,/v/g00v3q,1,
/Volumes/disk/J/Adult,A/ABW-269/ABW-269.mp4,ABW-269,,,
/Volumes/disk/J/Adult,xunlei/ABW-276-C/ABW-276.mp4,ABW-276,/v/zKkqgz,1,
/Volumes/disk/D/Adult,unclass/ABW-280/abw-280.mp4,ABW-280,,,
/Volumes/disk/J/Adult,xunlei/ABW-280/ABW-280.mp4,ABW-280,,,
/Volumes/disk/J/Adult,A/ABW/ABW-281/ABW-281.mp4,ABW-281,/v/J2AZJ8,1,
/Volumes/disk/G/Adult,A/ABW/ABW-284/ABW-284.mp4,ABW-284,,,
/Volumes/disk/J/Adult,xunlei/ABW-284/ABW-284.mp4,ABW-284,,,
/Volumes/disk/J/Adult,A/ABW-285/ABW-285.mp4,ABW-285,,,
/Volumes/disk/J/Adult,A/ABW/ABW-286-C_X1080X/ABW-286.mp4,ABW-286,/v/GM4PQD,1,
/Volumes/disk/G/Adult,A/ABW/ABW-287/ABW-287.mp4,ABW-287,,,
/Volumes/disk/J/Adult,A/ABW-291/ABW-291.mp4,ABW-291,,,
/Volumes/disk/J/Adult,xunlei/ABW-291-C/ABW-291.mp4,ABW-291,,,
/Volumes/disk/J/Adult,A/ABW/abw-293/abw-293.mp4,ABW-293,,,
/Volumes/disk/J/Adult,A/ABW/ABW-294-C/ABW-294.mp4,ABW-294,,,
/Volumes/disk/D/Adult,A/ABW/ABW-296/ABW-296.mp4,ABW-296,/v/Vw22Mz,1,
/Volumes/disk/G/Adult,A/ABW/ABW-297/ABW-297.mp4,ABW-297,,,
/Volumes/disk/J/Adult,xunlei/ABW-299-C/ABW-299.mp4,ABW-299,/v/p3DOke,1,
/Volumes/disk/J/Adult,xunlei/ABW-302-U/ABW-302.mp4,ABW-302,,,
/Volumes/disk/G/Adult,A/ABW/ABW-303/ABW-303.mp4,ABW-303,,,
/Volumes/disk/J/Adult,A/ABW/ABW-305-U/ABW-305.mp4,ABW-305,/v/zKb5Q4,1,
/Volumes/disk/G/Adult,A/ABW/ABW-306/ABW-306.mp4,ABW-306,,,
/Volumes/disk/J/Adult,xunlei/ABW-308-C/ABW-308.mp4,ABW-308,/v/Yn3qwK,1,
/Volumes/disk/G/Adult,A/ABW/ABW-312/ABW-312.mp4,ABW-312,,,
/Volumes/disk/D/Adult,unclass/ABW-313-C/ABW-313-C.mp4,ABW-313,,,
/Volumes/disk/D/Adult,A/ABW/ABW-314/ABW-314.mp4,ABW-314,/v/XWzkd4,1,
/Volumes/disk/J/Adult,xunlei/ABW-324-U/ABW-324.mp4,ABW-324,/v/xvPXZ8,1,
/Volumes/disk/G/Adult,A/ABW/ABW-325/ABW-325.mp4,ABW-325,,,
/Volumes/disk/J/Adult,xunlei/ABW-327/ABW-327.mp4,ABW-327,,,
/Volumes/disk/J/Adult,A/ABW/ABW-328/ABW-328.mp4,ABW-328,/v/W1ZBKe,1,
/Volumes/disk/J/Adult,A/ABW/ABW-331/ABW-331.mp4,ABW-331,,,
/Volumes/disk/J/Adult,A/ABW/abw-333/abw-333.mp4,ABW-333,,,
/Volumes/disk/J/Adult,xunlei/ABW-333/ABW-333.mp4,ABW-333,,,
/Volumes/disk/J/Adult,A/ABW/abw-337/abw-337.mp4,ABW-337,,,
/Volumes/disk/J/Adult,A/ABW/abw-338/abw-338.mp4,ABW-338,,,
/Volumes/disk/D/Adult,A/ABW/ABW-339/ABW-339.mp4,ABW-339,/v/76mqMP,1,
/Volumes/disk/J/Adult,A/ABW/abw-339/abw-339.mp4,ABW-339,/v/76mqMP,1,
/Volumes/disk/J/Adult,A/ABW/abw-340/abw-340.mp4,ABW-340,,,
/Volumes/disk/J/Adult,xunlei/ABW-340-U/ABW-340.mp4,ABW-340,,,
/Volumes/disk/J/Adult,A/ABW/abw-342/abw-342.mp4,ABW-342,,,
/Volumes/disk/J/Adult,xunlei/ABW-343/ABW-343.mp4,ABW-343,,,
/Volumes/disk/D/Adult,A/ABW/ABW-348/ABW-348.mp4,ABW-348,/v/PQwmgr,1,
/Volumes/disk/J/Adult,A/ABW-348/ABW-348.mp4,ABW-348,/v/PQwmgr,1,
/Volumes/disk/J/Adult,A/ABW/abw-349/abw-349.mp4,ABW-349,,,
/Volumes/disk/J/Adult,xunlei/ABW-349-U/ABW-349.mp4,ABW-349,,,
/Volumes/disk/J/Adult,xunlei/ABW-352/ABW-352.mp4,ABW-352,,,
/Volumes/disk/J/Adult,A/ABW/ABW-365/ABW-365.mp4,ABW-365,,,
/Volumes/disk/J/Adult,A/ACZD/ACZD-136/ACZD-136.mp4,ACZD-136,/v/Mm9bGv,1,
/Volumes/disk/D/Adult,A/ADN/ADN-256/ADN-256.mp4,ADN-256,/v/EOnJ9,1,
/Volumes/disk/G/Adult,A/ADN/ADN-296/ADN-296.mp4,ADN-296,/v/AMJyM,1,
/Volumes/disk/J/Adult,A/ADN/ADN-304/ADN-304.mp4,ADN-304,,,
/Volumes/disk/G/Adult,A/ADN/ADN-314/ADN-314.mp4,ADN-314,/v/YMwOD,1,
/Volumes/disk/G/Adult,A/ADN/ADN-351/ADN-351.mp4,ADN-351,/v/zW555,1,
/Volumes/disk/D/Adult,A/ADN/adn-384/adn-384.mp4,ADN-384,,,
/Volumes/disk/J/Adult,A/ADN/ADN-388/ADN-388.mp4,ADN-388,,,
/Volumes/disk/J/Adult,A/ADN/ADN-396/ADN-396.mp4,ADN-396,/v/Kydy0,1,
/Volumes/disk/D/Adult,A/ADN/adn-406/adn-406.mp4,ADN-406,,,
/Volumes/disk/J/Adult,A/ADN-414/ADN-414.mp4,ADN-414,,,
/Volumes/disk/G/Adult,A/ADN/ADN-431/ADN-431.mp4,ADN-431,,,
/Volumes/disk/J/Adult,A/ADN/ADN-431/ADN-431.mp4,ADN-431,,,
/Volumes/disk/J/Adult,A/ADN/ADN-435/ADN-435.mp4,ADN-435,,,
/Volumes/disk/G/Adult,A/ADN/ADN-442/ADN-442.mp4,ADN-442,,,
/Volumes/disk/D/Adult,A/ADN/ADN-450/ADN-450.mp4,ADN-450,/v/vDAx69,1,
/Volumes/disk/J/Adult,A/ADN/ADN-456/ADN-456.mp4,ADN-456,,,
/Volumes/disk/J/Adult,A/ADN/ADN-473/ADN-473.mp4,ADN-473,,,
/Volumes/disk/D/Adult,unclass/ADN-493/adn-493.mp4,ADN-493,/v/0Rb6mJ,1,
/Volumes/disk/J/Adult,A/ADN-495/ADN-495.mp4,ADN-495,,,
/Volumes/disk/D/Adult,unclass/ADN-517/adn-517.mp4,ADN-517,,,
/Volumes/disk/D/Adult,unclass/ADN-674/adn-674.mp4,ADN-674,,,
/Volumes/disk/D/Adult,unclass/adn-679/adn-679.mp4,ADN-679,/v/AqEq2y,1,
/Volumes/disk/J/Adult,A/AGAV-065/AGAV-065.mp4,AGAV-065,/v/2zvwp,1,
/Volumes/disk/J/Adult,A/AGMX/AGMX-00072/AGMX-00072.mp4,AGMX-00072,,,
/Volumes/disk/D/Adult,A/AGM/AGMX-153/AGMX-153.mp4,AGMX-153,/v/ne0KD4,1,
/Volumes/disk/D/Adult,A/AKA/AKA-055/AKA-055.ISO,AKA-055,/v/Dmgp,1,
/Volumes/disk/J/Adult,A/AKD/AKDL-177/AKDL-177.mp4,AKDL-177,/v/XPNZP,1,
/Volumes/disk/D/Adult,A/AKD/akdl-234/akdl-234.mp4,AKDL-234,,,
/Volumes/disk/J/Adult,A/ALDN-160-C/ALDN-160.mp4,ALDN-160,,,
/Volumes/disk/G/Adult,A/AMBI/AMBI-132/AMBI-132.mp4,AMBI-132,/v/mn6O5,1,
/Volumes/disk/J/Adult,A/AMBI-153/AMBI-153.mp4,AMBI-153,/v/MQp8X,1,
/Volumes/disk/J/Adult,A/AMBI-180/AMBI-180.mp4,AMBI-180,,,
/Volumes/disk/J/Adult,A/AMBS/AMBS-067/AMBS-067.mp4,AMBS-067,/v/7nawd,1,
/Volumes/disk/D/Adult,A/AMB/AMBS-077/AMBS-077.mp4,AMBS-077,/v/9DgPQ5,1,
/Volumes/disk/J/Adult,A/AMBS/AMBS-079/AMBS-079.mp4,AMBS-079,/v/PQeNOa,1,
/Volumes/disk/G/Adult,A/ANGR/ANGR-004/ANGR-004.mp4,ANGR-004,/v/RYye4,1,
/Volumes/disk/J/Adult,A/ANKK/ANKK-033/ANKK-033.mp4,ANKK-033,/v/NwmqM4,1,
/Volumes/disk/J/Adult,0/726ANKK-080/726ANKK-080.mp4,ANKK-080,/v/p3JW3b,1,
/Volumes/disk/G/Adult,A/AOI/AOI-006/AOI-006.mp4,AOI-006,,,
/Volumes/disk/J/Adult,A/AP/AP-595/AP-595.mp4,AP-595,/v/e86X1,1,
/Volumes/disk/J/Adult,A/AP-/AP-640/AP-640.mp4,AP-640,/v/6RgPa,1,
/Volumes/disk/J/Adult,A/APAA/APAA-383/APAA-383.mp4,APAA-383,/v/RNkZz,1,
/Volumes/disk/J/Adult,A/APAA-390/APAA-390.mp4,APAA-390,/v/ak41NW,1,
/Volumes/disk/J/Adult,A/APAA-396/APAA-396.mp4,APAA-396,,,
/Volumes/disk/J/Adult,A/APA/apaa-405/apaa-405.mp4,APAA-405,/v/k47XZ6,1,
/Volumes/disk/J/Adult,A/APAA/APAA-405/APAA-405.mp4,APAA-405,/v/k47XZ6,1,
/Volumes/disk/J/Adult,A/APAK/APAK-203/APAK-203.mp4,APAK-203,/v/Kx9NP,1,
/Volumes/disk/J/Adult,A/APAK/APAK-235/APAK-235.mp4,APAK-235,/v/D2RqnJ,1,
/Volumes/disk/G/Adult,A/APAK/APAK-242/APAK-242.mp4,APAK-242,,,
/Volumes/disk/J/Adult,A/APAK/APAK-257/APAK-257.mp4,APAK-257,/v/xv8vQA,1,
/Volumes/disk/J/Adult,A/APAK/APAK-260/APAK-260.mp4,APAK-260,,,
/Volumes/disk/J/Adult,A/APKH/APKH-161/APKH-161.mp4,APKH-161,,,
/Volumes/disk/J/Adult,A/APKH/APKH-162/APKH-162.mp4,APKH-162,,,
/Volumes/disk/G/Adult,A/APKH/APKH-180/APKH-180.mp4,APKH-180,/v/MEyZJ,1,
/Volumes/disk/J/Adult,A/APN/APNS-091/APNS-091.mp4,APNS-091,,,
/Volumes/disk/J/Adult,A/APNS/APNS-199/APNS-199.mp4,APNS-199,,,
/Volumes/disk/J/Adult,A/APNS/APNS-246/APNS-246.mp4,APNS-246,/v/q3ZkM,1,
/Volumes/disk/J/Adult,A/APNS/APNS-261/APNS-261.mp4,APNS-261,,,
/Volumes/disk/G/Adult,A/APNS/APNS-304/APNS-304.mp4,APNS-304,,,
/Volumes/disk/J/Adult,A/APNS-311/APNS-311.mp4,APNS-311,,,
/Volumes/disk/J/Adult,A/APNS-328/APNS-328.mp4,APNS-328,,,
/Volumes/disk/D/Adult,unclass/APNS-334/apns-334.mp4,APNS-334,,,
/Volumes/disk/G/Adult,A/APP/APP-672/APP-672.mp4,APP-672,,,
/Volumes/disk/G/Adult,A/APP/APP-715/APP-715.mp4,APP-715,,,
/Volumes/disk/J/Adult,0/261ARA-531/261ARA-531.mp4,ARA-531,,,
/Volumes/disk/G/Adult,A/ARA/ARA-535/ARA-535.mp4,ARA-535,,,
/Volumes/disk/D/Adult,A/ARA/ARA-540/ARA-540.mp4,ARA-540,,,
/Volumes/disk/G/Adult,A/ARA/ARA-543/ARA-543.mp4,ARA-543,/v/7V0NV,1,
/Volumes/disk/J/Adult,0/261ARA-549/261ARA-549.mp4,ARA-549,/v/J21ANd,1,
/Volumes/disk/J/Adult,0/261ARA-561/261ARA-561.mp4,ARA-561,/v/g0K7NA,1,
/Volumes/disk/J/Adult,0/261ARA-565/261ARA-565.mp4,ARA-565,,,
/Volumes/disk/J/Adult,0/261ARA-566/261ARA-566.mp4,ARA-566,,,
/Volumes/disk/J/Adult,0/261ARA-568/261ARA-568.mp4,ARA-568,/v/5Edxr6,1,
/Volumes/disk/J/Adult,0/261ARA-582/261ARA-582.mp4,ARA-582,,,
/Volumes/disk/G/Adult,A/ARBB/ARBB-033/ARBB-033.mp4,ARBB-033,/v/vezOp,1,
/Volumes/disk/J/Adult,A/ARB/ARBB-033/ARBB-033.mp4,ARBB-033,/v/vezOp,1,
/Volumes/disk/J/Adult,A/arm-872/arm-872.mp4,ARM-872,/v/Y39bB,1,
/Volumes/disk/J/Adult,0/738ASGMX-002/738ASGMX-002.mp4,ASGMX-002,/v/g0bOkG,1,
/Volumes/disk/J/Adult,A/ASGMX-004/ASGMX-004.mp4,ASGMX-004,/v/358VZN,1,
/Volumes/disk/J/Adult,A/AT-172/AT-172.mp4,AT-172,,,
/Volumes/disk/D/Adult,A/ATI/ATID-318/ATID-318.mp4,ATID-318,/v/YwWNK,1,
/Volumes/disk/G/Adult,A/ATID/ATID-356/ATID-356.mp4,ATID-356,/v/YeWQx,1,
/Volumes/disk/J/Adult,A/ATID/ATID-370/ATID-370.mp4,ATID-370,/v/y0zWv,1,
/Volumes/disk/G/Adult,A/ATID/ATID-399/ATID-399.mp4,ATID-399,/v/kbRJJ,1,
/Volumes/disk/J/Adult,A/ATID/ATID-441/ATID-441.mp4,ATID-441,,,
/Volumes/disk/D/Adult,A/ATI/ATID-499/ATID-499.mp4,ATID-499,,,
/Volumes/disk/J/Adult,A/ATID-523/ATID-523.mp4,ATID-523,/v/O22RXB,1,
/Volumes/disk/J/Adult,A/ATID/ATID-526/ATID-526.mp4,ATID-526,,,
/Volumes/disk/J/Adult,A/ATID/ATID-537/ATID-537.mp4,ATID-537,,,
/Volumes/disk/J/Adult,A/ATID/ATID-539/ATID-539.mp4,ATID-539,/v/GMwxmb,1,
/Volumes/disk/J/Adult,A/ATID-545/ATID-545.mp4,ATID-545,/v/g0P2KE,1,
/Volumes/disk/J/Adult,A/ATID/ATID-552/ATID-552.mp4,ATID-552,/v/NwdGeZ,1,
/Volumes/disk/J/Adult,A/ATID-559-U/ATID-559.mp4,ATID-559,,,
/Volumes/disk/J/Adult,A/ATID-577-C/ATID-577.mp4,ATID-577,,,
/Volumes/disk/D/Adult,unclass/ATYA-018/atya-018.mp4,ATYA-018,/v/z4Mzxb,1,
/Volumes/disk/G/Adult,A/AVOP/AVOP-408/AVOP-408.mp4,AVOP-408,/v/NRNQN,1,
/Volumes/disk/G/Adult,A/AXX/AXX-1702/AXX-1702.mp4,AXX-1702,,,
/Volumes/disk/J/Adult,B/BAB/BAB-044/BAB-044.mp4,BAB-044,/v/9bJV5,1,
/Volumes/disk/D/Adult,B/BAB/BAB-071/BAB-071.mp4,BAB-071,,,
/Volumes/disk/D/Adult,B/BAB/BAB-089/BAB-089.mp4,BAB-089,,,
/Volumes/disk/J/Adult,B/BABD/BABD-003/BABD-003.mp4,BABD-003,,,
/Volumes/disk/J/Adult,B/BABD/BABD-005/BABD-005.mp4,BABD-005,,,
/Volumes/disk/J/Adult,B/bacj-053/bacj-053.mp4,BACJ-053,/v/g0bO5G,1,
/Volumes/disk/J/Adult,B/BACJ/BACJ-071/BACJ-071.mp4,BACJ-071,/v/akY8pO,1,
/Volumes/disk/J/Adult,B/BANK/BANK-053/BANK-053.mp4,BANK-053,,,
/Volumes/disk/J/Adult,B/BANK/BANK-079/BANK-079.mp4,BANK-079,,,
/Volumes/disk/G/Adult,B/BANK/BANK-100/BANK-100.mp4,BANK-100,/v/NwgxvB,1,
/Volumes/disk/D/Adult,B/BAN/BANK-125/BANK-125.mp4,BANK-125,/v/0RVYb0,1,
/Volumes/disk/D/Adult,B/BAN/BANK-127/BANK-127.mp4,BANK-127,,,
/Volumes/disk/D/Adult,unclass/BAZX-340/bazx-340.mp4,BAZX-340,/v/Z7v7J,1,
/Volumes/disk/J/Adult,B/BAZX/BAZX-347/BAZX-347.mp4,BAZX-347,/v/355Yyb,1,
/Volumes/disk/G/Adult,B/BAZX/BAZX-361/BAZX-361.mp4,BAZX-361,/v/YnzJyp,1,
/Volumes/disk/J/Adult,B/BAZX-365/BAZX-365.mp4,BAZX-365,,,
/Volumes/disk/J/Adult,B/BAZX-378/BAZX-378.mp4,BAZX-378,/v/E27bP3,1,
/Volumes/disk/J/Adult,B/BAZX-380/BAZX-380.mp4,BAZX-380,/v/k49K2N,1,
/Volumes/disk/J/Adult,B/BAZX/BAZX-382/BAZX-382.mp4,BAZX-382,/v/MmDDBR,1,
/Volumes/disk/G/Adult,B/BBAN/BBAN-159/BBAN-159.mp4,BBAN-159,/v/xAgqP,1,
/Volumes/disk/G/Adult,B/BBAN/BBAN-201/BBAN-201.mp4,BBAN-201,/v/P9p6E,1,
/Volumes/disk/G/Adult,B/BBAN/BBAN-221/BBAN-221.mp4,BBAN-221,/v/n4wRm,1,
/Volumes/disk/G/Adult,B/BBAN/BBAN-240/BBAN-240.mp4,BBAN-240,/v/v48BO,1,
/Volumes/disk/G/Adult,B/BBAN/BBAN-257/BBAN-257.mp4,BBAN-257,/v/mJQ8M,1,
/Volumes/disk/G/Adult,B/BBAN/BBAN-261/BBAN-261.mp4,BBAN-261,/v/mJ63M,1,
/Volumes/disk/J/Adult,B/BBAN/BBAN-289/BBAN-289.mp4,BBAN-289,/v/GQ9vg,1,
/Volumes/disk/J/Adult,B/BBAN/BBAN-305/BBAN-305.mp4,BBAN-305,/v/Ygvwb,1,
/Volumes/disk/J/Adult,B/BBAN/BBAN-313/BBAN-313.mp4,BBAN-313,/v/32AJ0,1,
/Volumes/disk/J/Adult,B/BBAN/BBAN-333/BBAN-333.mp4,BBAN-333,/v/kkBvN,1,
/Volumes/disk/J/Adult,B/BBAN/BBAN-340/BBAN-340.mp4,BBAN-340,/v/6Bn0a,1,
/Volumes/disk/J/Adult,B/BBAN/BBAN-356/BBAN-356.mp4,BBAN-356,/v/ZQVDX,1,
/Volumes/disk/J/Adult,B/BBAN/BBAN-359/BBAN-359.mp4,BBAN-359,/v/YD1Ze,1,
/Volumes/disk/J/Adult,B/BBAN/BBAN-366/BBAN-366.mp4,BBAN-366,/v/nEND4,1,
/Volumes/disk/G/Adult,B/BBAN/BBAN-384/BBAN-384.mp4,BBAN-384,,,
/Volumes/disk/J/Adult,B/BBAN/BBAN-389/BBAN-389.mp4,BBAN-389,/v/65xKGQ,1,
/Volumes/disk/J/Adult,B/BBAN/BBAN-393/BBAN-393.mp4,BBAN-393,/v/eKOEWz,1,
/Volumes/disk/D/Adult,B/BBA/bban-398/bban-398.mp4,BBAN-398,/v/76QwNb,1,
/Volumes/disk/D/Adult,B/BBA/bban-401/bban-401.mp4,BBAN-401,/v/d49KY5,1,
/Volumes/disk/J/Adult,B/BBA/bban-401/bban-401.mp4,BBAN-401,/v/d49KY5,1,
/Volumes/disk/J/Adult,B/BBAN/BBAN-401/BBAN-401.mp4,BBAN-401,/v/d49KY5,1,
/Volumes/disk/G/Adult,B/BBAN/BBAN-402/BBAN-402.mp4,BBAN-402,/v/QVrnrG,1,
/Volumes/disk/J/Adult,B/BBA/bban-407/bban-407.mp4,BBAN-407,,,
/Volumes/disk/J/Adult,B/BBAN/BBAN-407/BBAN-407.mp4,BBAN-407,,,
/Volumes/disk/J/Adult,B/BBAN/BBAN-422/BBAN-422.mp4,BBAN-422,/v/0RWe77,1,
/Volumes/disk/J/Adult,B/BBAN/BBAN-435/BBAN-435.mp4,BBAN-435,/v/qD2Aqr,1,
/Volumes/disk/J/Adult,B/BBAN/BBAN-437/BBAN-437.mp4,BBAN-437,,,
/Volumes/disk/J/Adult,B/BBAN/BBAN-439/BBAN-439.mp4,BBAN-439,,,
/Volumes/disk/J/Adult,B/BBAN/BBAN-440/BBAN-440.mp4,BBAN-440,/v/YnXwdB,1,
/Volumes/disk/J/Adult,B/bban-450/bban-450.mp4,BBAN-450,/v/d4Wr4a,1,
/Volumes/disk/D/Adult,unclass/bban-523/bban-523.mp4,BBAN-523,/v/ve4EzO,1,
/Volumes/disk/D/Adult,B/BBE/bbean-03062/bbean-03062.mp4,BBEAN-03062,,,
/Volumes/disk/D/Adult,B/BBI/bbi-163/bbi-163.mp4,BBI-163,,,
/Volumes/disk/D/Adult,B/BBY/BBYI-001/BBYI-001.mp4,BBYI-001,,,
/Volumes/disk/J/Adult,B/BDA/BDA-154/BDA-154.mp4,BDA-154,,,
/Volumes/disk/J/Adult,B/BDA/BDA-158/BDA-158.mp4,BDA-158,/v/vB578,1,
/Volumes/disk/J/Adult,0/567BEAF-065/567BEAF-065.mp4,BEAF-065,/v/yrw6vZ,1,
/Volumes/disk/D/Adult,B/BF-/bf-658/bf-658.mp4,BF-658,/v/pEOMB,1,
/Volumes/disk/J/Adult,B/BF-659/BF-659.mp4,BF-659,/v/AdEMO,1,
/Volumes/disk/G/Adult,B/BF/BF-691/BF-691.mp4,BF-691,,,
/Volumes/disk/D/Adult,unclass/BF-726/bf-726.mp4,BF-726,,,
/Volumes/disk/G/Adult,B/BFX/BFX-613/BFX-613.mp4,BFX-613,,,
/Volumes/disk/G/Adult,B/BGN/BGN-061/BGN-061.mp4,BGN-061,,,
/Volumes/disk/G/Adult,B/BGN/BGN-064/BGN-064.mp4,BGN-064,,,
/Volumes/disk/J/Adult,B/BGN/bgn-073/bgn-073.mp4,BGN-073,,,
/Volumes/disk/J/Adult,B/BLD/BLD-005/BLD-005.mp4,BLD-005,,,
/Volumes/disk/J/Adult,B/BLD/BLD-007/BLD-007.mp4,BLD-007,/v/YnV14b,1,
/Volumes/disk/G/Adult,B/BLK/BLK-435/BLK-435.mp4,BLK-435,/v/J6Pr3,1,
/Volumes/disk/G/Adult,B/BLK/BLK-459/BLK-459.mp4,BLK-459,,,
/Volumes/disk/G/Adult,B/BLK/BLK-495/BLK-495.mp4,BLK-495,/v/WWgpg,1,
/Volumes/disk/J/Adult,B/BLK-595-U/BLK-595.mp4,BLK-595,,,
/Volumes/disk/D/Adult,B/BLK/BLK-621/BLK-621.mp4,BLK-621,/v/W1eYwB,1,
/Volumes/disk/J/Adult,B/BMW/BMW-236/BMW-236.mp4,BMW-236,/v/D5bQp,1,
/Volumes/disk/J/Adult,B/BMW-248/BMW-248.mp4,BMW-248,/v/0Wxp0,1,
/Volumes/disk/J/Adult,B/BMW/BMW-255/BMW-255.mp4,BMW-255,/v/YpqNB,1,
/Volumes/disk/J/Adult,B/BMW/BMW-261/BMW-261.mp4,BMW-261,/v/ePN4N,1,
/Volumes/disk/J/Adult,B/BMW/BMW-271/BMW-271.mp4,BMW-271,/v/ZXvm2P,1,
/Volumes/disk/J/Adult,B/BMW-275/BMW-275.mp4,BMW-275,/v/8VWzOa,1,
/Volumes/disk/D/Adult,unclass/BSKC-081/bskc-081.mp4,BSKC-081,,,
/Volumes/disk/G/Adult,B/BTHA/BTHA-033/BTHA-033.mp4,BTHA-033,/v/a8aOr,1,
/Volumes/disk/J/Adult,B/BTHA-071/BTHA-071.mp4,BTHA-071,/v/avez3,1,
/Volumes/disk/J/Adult,B/BTHA/BTHA-082/BTHA-082.mp4,BTHA-082,/v/2a2zwB,1,
/Volumes/disk/J/Adult,B/BUBB-116/BUBB-116.mp4,BUBB-116,,,
/Volumes/disk/G/Adult,B/BUR/BUR-584/BUR-584.mp4,BUR-584,/v/bZvgP,1,
/Volumes/disk/J/Adult,B/BUR/BUR-584/BUR-584.mp4,BUR-584,/v/bZvgP,1,
/Volumes/disk/D/Adult,C/CAR/CARIB-106-2/CARIB-106-2.wmv,CARIB-106,,,
/Volumes/disk/D/Adult,C/CAR/CARIB-106-3/CARIB-106-3.wmv,CARIB-106,,,
/Volumes/disk/D/Adult,C/CAR/CARIB-106/CARIB-106.wmv,CARIB-106,,,
/Volumes/disk/D/Adult,C/CAR/carib-1080/carib-1080.mp4,CARIB-1080,,,
/Volumes/disk/D/Adult,C/CAR/CARIB-184/CARIB-184.wmv,CARIB-184,,,
/Volumes/disk/D/Adult,C/CAR/CARIB-570/CARIB-570.mp4,CARIB-570,,,
/Volumes/disk/G/Adult,C/CAWD/CAWD-030/CAWD-030.mp4,CAWD-030,/v/Q0X89,1,
/Volumes/disk/G/Adult,C/CAWD/CAWD-043/CAWD-043.mp4,CAWD-043,/v/9yK6q,1,
/Volumes/disk/G/Adult,C/CAWD/CAWD-079/CAWD-079.mp4,CAWD-079,/v/RX7D4,1,
/Volumes/disk/G/Adult,C/CAWD/CAWD-081/CAWD-081.mp4,CAWD-081,/v/8ByMd,1,
/Volumes/disk/G/Adult,C/CAWD/CAWD-086/CAWD-086.mp4,CAWD-086,,,
/Volumes/disk/J/Adult,C/CAWD-086-C/CAWD-086.mp4,CAWD-086,,,
/Volumes/disk/G/Adult,C/CAWD/CAWD-095/CAWD-095.mp4,CAWD-095,/v/M7zq1,1,
/Volumes/disk/G/Adult,C/CAWD/CAWD-100/CAWD-100.mp4,CAWD-100,/v/p7qzw,1,
/Volumes/disk/D/Adult,C/CAW/cawd-117/cawd-117.mp4,CAWD-117,,,
/Volumes/disk/G/Adult,C/CAWD/CAWD-121/CAWD-121.mp4,CAWD-121,,,
/Volumes/disk/G/Adult,C/CAWD/CAWD-127/CAWD-127.mp4,CAWD-127,/v/zGD96,1,
/Volumes/disk/D/Adult,C/CAW/cawd-129/cawd-129.mp4,CAWD-129,,,
/Volumes/disk/D/Adult,C/CAW/cawd-137/cawd-137.mp4,CAWD-137,/v/mPqRM,1,
/Volumes/disk/G/Adult,C/CAWD/CAWD-148/CAWD-148.mp4,CAWD-148,/v/DJ7Zk,1,
/Volumes/disk/G/Adult,C/CAWD/CAWD-161/CAWD-161.mp4,CAWD-161,,,
/Volumes/disk/D/Adult,C/CAW/CAWD-165/CAWD-165.mp4,CAWD-165,,,
/Volumes/disk/G/Adult,C/CAWD/CAWD-174/CAWD-174.mp4,CAWD-174,/v/kqy7z,1,
/Volumes/disk/D/Adult,C/CAW/cawd-177/cawd-177.mp4,CAWD-177,/v/vQx99,1,
/Volumes/disk/D/Adult,C/CAW/cawd-194/cawd-194.mp4,CAWD-194,,,
/Volumes/disk/D/Adult,C/CAW/cawd-196/cawd-196.mp4,CAWD-196,/v/bR1Be,1,
/Volumes/disk/D/Adult,C/CAW/cawd-203/cawd-203.mp4,CAWD-203,,,
/Volumes/disk/D/Adult,C/CAW/cawd-228/cawd-228.mp4,CAWD-228,,,
/Volumes/disk/J/Adult,C/CAWD/cawd-241-C/cawd-241.mp4,CAWD-241,/v/K5PKA,1,
/Volumes/disk/J/Adult,C/CAWD-242/CAWD-242.mp4,CAWD-242,,,
/Volumes/disk/D/Adult,C/CAW/CAWD-253/CAWD-253.mp4,CAWD-253,/v/WezYp,1,
/Volumes/disk/J/Adult,C/CAWD-257/CAWD-257.mp4,CAWD-257,,,
/Volumes/disk/J/Adult,C/CAWD/CAWD-264/CAWD-264.mp4,CAWD-264,,,
/Volumes/disk/D/Adult,C/CAW/cawd-278/cawd-278.mp4,CAWD-278,,,
/Volumes/disk/J/Adult,C/CAWD/CAWD-279/CAWD-279.mp4,CAWD-279,,,
/Volumes/disk/D/Adult,C/CAW/cawd-287/cawd-287.mp4,CAWD-287,,,
/Volumes/disk/J/Adult,C/CAWD/CAWD-302/CAWD-302.mp4,CAWD-302,,,
/Volumes/disk/D/Adult,C/CAW/CAWD-315/CAWD-315.mp4,CAWD-315,,,
/Volumes/disk/D/Adult,C/CAW/CAWD-318/CAWD-318.mp4,CAWD-318,,,
/Volumes/disk/J/Adult,C/CAWD/CAWD-323/CAWD-323.mp4,CAWD-323,,,
/Volumes/disk/J/Adult,C/CAWD-328/CAWD-328.mp4,CAWD-328,,,
/Volumes/disk/D/Adult,C/CAW/cawd-330/cawd-330.mp4,CAWD-330,,,
/Volumes/disk/D/Adult,C/CAW/CAWD-340/CAWD-340.mp4,CAWD-340,/v/y1Y5r,1,
/Volumes/disk/D/Adult,C/CAW/cawd-343/cawd-343.mp4,CAWD-343,,,
/Volumes/disk/D/Adult,C/CAW/CAWD-351/CAWD-351.mp4,CAWD-351,,,
/Volumes/disk/D/Adult,C/CAW/cawd-355/cawd-355.mp4,CAWD-355,,,
/Volumes/disk/J/Adult,C/cawd-356-C/cawd-356.mp4,CAWD-356,,,
/Volumes/disk/D/Adult,C/CAW/CAWD-365/CAWD-365.mp4,CAWD-365,/v/kWp00,1,
/Volumes/disk/D/Adult,C/CAW/CAWD-367/CAWD-367.mp4,CAWD-367,,,
/Volumes/disk/D/Adult,C/CAW/cawd-368/cawd-368.mp4,CAWD-368,,,
/Volumes/disk/J/Adult,C/CAWD/CAWD-371/CAWD-371.mp4,CAWD-371,/v/vXNB8,1,
/Volumes/disk/D/Adult,C/CAW/CAWD-377/CAWD-377.mp4,CAWD-377,,,
/Volumes/disk/D/Adult,unclass/CAWD-378/cawd-378.mp4,CAWD-378,,,
/Volumes/disk/D/Adult,C/CAW/CAWD-384/CAWD-384.mp4,CAWD-384,/v/8MRVV,1,
/Volumes/disk/G/Adult,C/CAWD/CAWD-395/CAWD-395.mp4,CAWD-395,,,
/Volumes/disk/D/Adult,C/CAW/CAWD-402/CAWD-402.mp4,CAWD-402,,,
/Volumes/disk/G/Adult,C/CAWD/CAWD-403/CAWD-403.mp4,CAWD-403,,,
/Volumes/disk/J/Adult,C/CAWD/CAWD-409/CAWD-409.mp4,CAWD-409,,,
/Volumes/disk/D/Adult,C/CAW/CAWD-416/CAWD-416.mp4,CAWD-416,/v/eKBDWx,1,
/Volumes/disk/G/Adult,C/CAWD/CAWD-428/CAWD-428.mp4,CAWD-428,/v/2aKMmw,1,
/Volumes/disk/D/Adult,unclass/CAWD-431/cawd-431.mp4,CAWD-431,,,
/Volumes/disk/J/Adult,C/CAWD/CAWD-431/CAWD-431.mp4,CAWD-431,,,
/Volumes/disk/G/Adult,C/CAWD/CAWD-441/CAWD-441.mp4,CAWD-441,,,
/Volumes/disk/J/Adult,C/CAWD-441/CAWD-441.mp4,CAWD-441,,,
/Volumes/disk/G/Adult,C/CAWD/CAWD-447/CAWD-447.mp4,CAWD-447,/v/mePMzd,1,
/Volumes/disk/J/Adult,C/CAWD-447/CAWD-447.mp4,CAWD-447,/v/mePMzd,1,
/Volumes/disk/D/Adult,unclass/CAWD-501/cawd-501.mp4,CAWD-501,,,
/Volumes/disk/D/Adult,C/CAW/CAWD-502/CAWD-502.mp4,CAWD-502,,,
/Volumes/disk/D/Adult,C/CAW/CAWD-518/CAWD-518.mp4,CAWD-518,/v/wqyamY,1,
/Volumes/disk/D/Adult,C/CAW/cawd-521/cawd-521.mp4,CAWD-521,,,
/Volumes/disk/J/Adult,C/CAWD/CAWD-522/CAWD-522.mp4,CAWD-522,,,
/Volumes/disk/J/Adult,C/CAWD/CAWD-523/CAWD-523.mp4,CAWD-523,,,
/Volumes/disk/D/Adult,unclass/CAWD-527/cawd-527.mp4,CAWD-527,,,
/Volumes/disk/J/Adult,C/CAWD/CAWD-532/CAWD-532.mp4,CAWD-532,,,
/Volumes/disk/J/Adult,C/CAWD/CAWD-533/CAWD-533.mp4,CAWD-533,,,
/Volumes/disk/D/Adult,C/CAW/CAWD-534/CAWD-534.mp4,CAWD-534,/v/xvwyaQ,1,
/Volumes/disk/D/Adult,C/CAW/CAWD-536/CAWD-536.mp4,CAWD-536,,,
/Volumes/disk/J/Adult,C/CAWD/CAWD-543/CAWD-543.mp4,CAWD-543,,,
/Volumes/disk/J/Adult,C/CAWD-544/CAWD-544.mp4,CAWD-544,,,
/Volumes/disk/D/Adult,unclass/CAWD-568/cawd-568.mp4,CAWD-568,,,
/Volumes/disk/J/Adult,C/CAWD-568/CAWD-568.mp4,CAWD-568,,,
/Volumes/disk/J/Adult,C/CAWD/cawd-581/cawd-581.mp4,CAWD-581,,,
/Volumes/disk/J/Adult,C/CAWD/CAWD-583-C/CAWD-583.mp4,CAWD-583,,,
/Volumes/disk/J/Adult,C/cawd-587/cawd-587.mp4,CAWD-587,,,
/Volumes/disk/J/Adult,C/CAWD/CAWD-597/CAWD-597.mp4,CAWD-597,,,
/Volumes/disk/D/Adult,unclass/cawd-628/cawd-628.mp4,CAWD-628,/v/YnAaGd,1,
/Volumes/disk/D/Adult,unclass/CAWD-821/cawd-821.mp4,CAWD-821,,,
/Volumes/disk/D/Adult,C/CEA/CEAD-447/CEAD-447.mp4,CEAD-447,,,
/Volumes/disk/J/Adult,C/CEMD/CEMD-030/CEMD-030.mp4,CEMD-030,/v/PEY19,1,
/Volumes/disk/J/Adult,C/CEMD-330/CEMD-330.mp4,CEMD-330,/v/k4zPY4,1,
/Volumes/disk/J/Adult,C/CEMD/CEMD-358/CEMD-358.mp4,CEMD-358,,,
/Volumes/disk/J/Adult,C/CEMD-416/CEMD-416.mp4,CEMD-416,/v/5EgQyz,1,
/Volumes/disk/J/Adult,C/CESD/CESD-884/CESD-884.mp4,CESD-884,/v/N6yn3,1,
/Volumes/disk/J/Adult,C/CHN-194-U/CHN-194.mp4,CHN-194,,,
/Volumes/disk/G/Adult,C/CHN/CHN-206/CHN-206.mp4,CHN-206,,,
/Volumes/disk/J/Adult,C/CHUC/CHUC-048/CHUC-048.mp4,CHUC-048,,,
/Volumes/disk/J/Adult,C/CJOB/CJOB-117/CJOB-117.mp4,CJOB-117,/v/76y5YB,1,
/Volumes/disk/G/Adult,C/CJOB/CJOB-120/CJOB-120.mp4,CJOB-120,/v/E2vDgJ,1,
/Volumes/disk/J/Adult,C/CJOD/CJOD-111/CJOD-111.mp4,CJOD-111,,,
/Volumes/disk/D/Adult,C/CJO/CJOD-196/CJOD-196.mp4,CJOD-196,/v/P4B79,1,
/Volumes/disk/G/Adult,C/CJOD/CJOD-256/CJOD-256.mp4,CJOD-256,,,
/Volumes/disk/J/Adult,C/CJOD/CJOD-332/CJOD-332.mp4,CJOD-332,/v/ZGZ96,1,
/Volumes/disk/G/Adult,C/CJOD/CJOD-355/CJOD-355.mp4,CJOD-355,/v/JJPnA,1,
/Volumes/disk/G/Adult,C/CJOD/CJOD-372/CJOD-372.mp4,CJOD-372,/v/PQ8Ovv,1,
/Volumes/disk/J/Adult,C/CJOD/CJOD-398-U/CJOD-398.mp4,CJOD-398,/v/35vDxb,1,
/Volumes/disk/J/Adult,C/CJOD/CJOD-404/CJOD-404.mp4,CJOD-404,,,
/Volumes/disk/J/Adult,C/CLOT-023/CLOT-023.mp4,CLOT-023,/v/YnDVq6,1,
/Volumes/disk/J/Adult,C/clot-024/clot-024.mp4,CLOT-024,,,
/Volumes/disk/G/Adult,C/CLUB/CLUB-070/CLUB-070.mp4,CLUB-070,/v/emObr,1,
/Volumes/disk/J/Adult,C/CMF-083/CMF-083.mp4,CMF-083,/v/B8YDp1,1,
/Volumes/disk/J/Adult,C/CMV/CMV-179/CMV-179.mp4,CMV-179,,,
/Volumes/disk/G/Adult,C/COGM/COGM-002/COGM-002.mp4,COGM-002,/v/nNV4e,1,
/Volumes/disk/D/Adult,C/COS/COSH-128/COSH-128.mp4,COSH-128,,,
/Volumes/disk/D/Adult,C/COS/COSH-131/COSH-131.mkv,COSH-131,,,
/Volumes/disk/G/Adult,C/CRNX/CRNX-054/CRNX-054.mp4,CRNX-054,/v/gv6VQ,1,
/Volumes/disk/D/Adult,C/CRT/CRT-008/CRT-008.mp4,CRT-008,,,
/Volumes/disk/G/Adult,C/CRVR/CRVR-278/CRVR-278.mp4,CRVR-278,/v/ZXd7MJ,1,
/Volumes/disk/G/Adult,C/CRVR/CRVR-307/CRVR-307.mp4,CRVR-307,,,
/Volumes/disk/J/Adult,C/CRVR/CRVR-309/CRVR-309.mp4,CRVR-309,/v/MmP5B4,1,
/Volumes/disk/G/Adult,C/CSCT/CSCT-002/CSCT-002.mp4,CSCT-002,,,
/Volumes/disk/J/Adult,C/CSCT/CSCT-004/CSCT-004.mp4,CSCT-004,,,
/Volumes/disk/G/Adult,C/CSCT/CSCT-012/CSCT-012.mp4,CSCT-012,/v/WXPr8,1,
/Volumes/disk/D/Adult,C/CSP/CSPL-003/CSPL-003.mp4,CSPL-003,/v/0Rez2v,1,
/Volumes/disk/G/Adult,C/CSPL/CSPL-003/CSPL-003.mp4,CSPL-003,/v/0Rez2v,1,
/Volumes/disk/J/Adult,C/CSP/CSPL-003/CSPL-003.mp4,CSPL-003,/v/0Rez2v,1,
/Volumes/disk/J/Adult,C/CSPL/CSPL-003/CSPL-003.mp4,CSPL-003,/v/0Rez2v,1,
/Volumes/disk/J/Adult,C/CSPL/CSPL-006/CSPL-006.mp4,CSPL-006,/v/g0OyRy,1,
/Volumes/disk/J/Adult,C/CSPL-014/CSPL-014.mp4,CSPL-014,/v/XWOx55,1,
/Volumes/disk/J/Adult,C/CSPL/CSPL-014/CSPL-014.mp4,CSPL-014,/v/XWOx55,1,
/Volumes/disk/J/Adult,C/CSPL/CSPL-015/CSPL-015.mp4,CSPL-015,/v/XWJNQP,1,
/Volumes/disk/G/Adult,C/CSPL/CSPL-017/CSPL-017.mp4,CSPL-017,/v/Yn0Nab,1,
/Volumes/disk/J/Adult,C/CSPL/CSPL-018/CSPL-018.mp4,CSPL-018,/v/p3MVpq,1,
/Volumes/disk/J/Adult,C/CSPL/CSPL-020/CSPL-020.mp4,CSPL-020,/v/1BdW89,1,
/Volumes/disk/J/Adult,D/DAKH/DAKH-001/DAKH-001.mp4,DAKH-001,,,
/Volumes/disk/J/Adult,D/DAKH/DAKH-002/DAKH-002.mp4,DAKH-002,,,
/Volumes/disk/J/Adult,D/DAKH/DAKH-004/DAKH-004.mp4,DAKH-004,/v/qO956,1,
/Volumes/disk/J/Adult,D/DAKH/DAKH-005/DAKH-005.wmv,DAKH-005,/v/kBXyP,1,
/Volumes/disk/J/Adult,D/DAMX/DAMX-004/DAMX-004.mp4,DAMX-004,/v/8V1PyO,1,
/Volumes/disk/J/Adult,D/DAN/dandy-314/dandy-314.mp4,DANDY-314,/v/65E6D,1,
/Volumes/disk/J/Adult,D/DANDY-805/DANDY-805.mp4,DANDY-805,/v/Wqayg,1,
/Volumes/disk/J/Adult,D/DANDY-805/dandy-805_1.mp4,DANDY-805,/v/Wqayg,1,
/Volumes/disk/J/Adult,D/DANDY/DANDY-846/DANDY-846.mp4,DANDY-846,/v/qDG8DM,1,
/Volumes/disk/J/Adult,D/DAN/DANDY-872/DANDY-872.mp4,DANDY-872,/v/767MPP,1,
/Volumes/disk/G/Adult,D/DASD/DASD-293/DASD-293.mkv,DASD-293,/v/35PAe,1,
/Volumes/disk/J/Adult,D/DAS/DASD-293/DASD-293.mkv,DASD-293,/v/35PAe,1,
/Volumes/disk/G/Adult,D/DASD/DASD-308/DASD-308.avi,DASD-308,/v/ne77w,1,
/Volumes/disk/J/Adult,D/DAS/DASD-308/DASD-308.avi,DASD-308,/v/ne77w,1,
/Volumes/disk/J/Adult,0/0224-dasd321FHD/0224-dasd321FHD.mp4,DASD-321F,,,
/Volumes/disk/J/Adult,D/DASD/dasd-351-C/dasd-351.mp4,DASD-351,/v/W143R,1,
/Volumes/disk/J/Adult,D/dasd-399/[Thz.la]dasd-399.mp4,DASD-399,/v/rbAD,1,
/Volumes/disk/G/Adult,D/DASD/DASD-504/DASD-504.mp4,DASD-504,/v/wGRXD,1,
/Volumes/disk/J/Adult,D/DAS/DASD-538/DASD-538.mp4,DASD-538,/v/pP5Qm,1,
/Volumes/disk/G/Adult,D/DASD/DASD-559/DASD-559.mp4,DASD-559,/v/Qvd6J,1,
/Volumes/disk/J/Adult,D/DASD/DASD-560/DASD-560.mp4,DASD-560,/v/Ev084,1,
/Volumes/disk/J/Adult,D/DASD/DASD-572/DASD-572.mp4,DASD-572,/v/P4ap2,1,
/Volumes/disk/J/Adult,D/DAS/DASD-573/DASD-573.mp4,DASD-573,,,
/Volumes/disk/J/Adult,D/DASD/dasd-574/dasd-574.mp4,DASD-574,/v/OKaZK,1,
/Volumes/disk/J/Adult,D/DAS/DASD-587/DASD-587.mp4,DASD-587,/v/3y8MN,1,
/Volumes/disk/J/Adult,D/dasd-600-C/dasd-600.mp4,DASD-600,/v/8Exy3,1,
/Volumes/disk/J/Adult,D/DAS/DASD-691/DASD-691.mp4,DASD-691,/v/pzJqq,1,
/Volumes/disk/J/Adult,D/DASD/DASD-702/DASD-702.mp4,DASD-702,/v/KpKP7,1,
/Volumes/disk/G/Adult,D/DASD/DASD-715/DASD-715.mp4,DASD-715,/v/EONw0,1,
/Volumes/disk/J/Adult,D/DASD/DASD-752/DASD-752.mp4,DASD-752,/v/JzWMq,1,
/Volumes/disk/G/Adult,D/DASD/DASD-768/DASD-768.mp4,DASD-768,/v/r05NJ,1,
/Volumes/disk/J/Adult,D/DASD/DASD-859/DASD-859.mp4,DASD-859,,,
/Volumes/disk/G/Adult,D/DASD/DASD-875/DASD-875.mp4,DASD-875,/v/KJW7Q,1,
/Volumes/disk/J/Adult,D/dasd-877c.2021.JapornX.6000kbps.1080p.x264.ACC-TaoSeJiaZu/dasd-877c.mkv,DASD-877C,,,
/Volumes/disk/J/Adult,D/DASD/DASD-880/DASD-880.mp4,DASD-880,/v/WA7VB,1,
/Volumes/disk/J/Adult,D/DASD/DASD-908/DASD-908.mp4,DASD-908,/v/RrzEn,1,
/Volumes/disk/J/Adult,D/DASD/DASD-919/DASD-919.mp4,DASD-919,/v/D1JJJ,1,
/Volumes/disk/J/Adult,D/DASD/DASD-921/DASD-921.mp4,DASD-921,/v/5MABp,1,
/Volumes/disk/J/Adult,D/DASD/DASD-930/DASD-930.mp4,DASD-930,,,
/Volumes/disk/J/Adult,D/DASD/DASD-932/DASD-932.mp4,DASD-932,/v/JeX2x,1,
/Volumes/disk/J/Adult,D/DASD/DASD-945/DASD-945.mp4,DASD-945,/v/07Xev,1,
/Volumes/disk/J/Adult,D/DASD-950/DASD-950.mp4,DASD-950,,,
/Volumes/disk/J/Adult,D/DASD/DASD-961/DASD-961.mp4,DASD-961,/v/GVymQ,1,
/Volumes/disk/J/Adult,D/DASD/DASD-963/DASD-963.mp4,DASD-963,/v/99MNp,1,
/Volumes/disk/J/Adult,D/DASD/DASD-969/DASD-969.mp4,DASD-969,,,
/Volumes/disk/G/Adult,D/DASS/DASS-015/DASS-015.mp4,DASS-015,/v/QX2OG,1,
/Volumes/disk/J/Adult,D/DASD/DASS-024/DASS-024.mp4,DASS-024,,,
/Volumes/disk/J/Adult,D/DASS/DASS-025/DASS-025.mp4,DASS-025,/v/ByaV6,1,
/Volumes/disk/J/Adult,D/DASD/dass-065/dass-065.mp4,DASS-065,/v/neg1QM,1,
/Volumes/disk/J/Adult,D/DASD/DASS-067/DASS-067.mp4,DASS-067,,,
/Volumes/disk/J/Adult,D/DASD/DASS-068-C_X1080X/DASS-068.mp4,DASS-068,/v/zKM134,1,
/Volumes/disk/G/Adult,D/DASS/DASS-075/DASS-075.mp4,DASS-075,/v/g0qeNN,1,
/Volumes/disk/D/Adult,D/DAS/DASS-092/DASS-092.mp4,DASS-092,/v/AznRn0,1,
/Volumes/disk/G/Adult,D/DASS/DASS-105/DASS-105.mp4,DASS-105,/v/zKA87z,1,
/Volumes/disk/J/Adult,D/DASS-109-C/DASS-109.mp4,DASS-109,/v/8VONAd,1,
/Volumes/disk/J/Adult,D/DAS/dass-120/dass-120.mp4,DASS-120,,,
/Volumes/disk/G/Adult,D/DASS/DASS-124/DASS-124.mp4,DASS-124,/v/k47BgJ,1,
/Volumes/disk/J/Adult,D/dass-133/dass-133.mp4,DASS-133,/v/8VG45E,1,
/Volumes/disk/D/Adult,D/DAS/dass-149/dass-149.mp4,DASS-149,/v/E2AJz2,1,
/Volumes/disk/J/Adult,D/DASS/DASS-157/DASS-157.mp4,DASS-157,,,
/Volumes/disk/J/Adult,D/DASD/DASS-159/DASS-159.mp4,DASS-159,/v/0RVYZJ,1,
/Volumes/disk/J/Adult,D/DASS/DASS-197/DASS-197.mp4,DASS-197,/v/g0ayDN,1,
/Volumes/disk/D/Adult,D/DAS/DASS-203/DASS-203.mp4,DASS-203,/v/wq2K47,1,
/Volumes/disk/J/Adult,D/DASS/DASS-204/DASS-204.mp4,DASS-204,/v/rm53zk,1,
/Volumes/disk/J/Adult,D/DASD/DASS-212/DASS-212.mp4,DASS-212,,,
/Volumes/disk/J/Adult,D/DASD/DASS-219-C/DASS-219.mp4,DASS-219,/v/E2XZ5x,1,
/Volumes/disk/J/Adult,D/DASS/DASS-222/DASS-222.mp4,DASS-222,/v/XWbeNe,1,
/Volumes/disk/J/Adult,D/dass-234/dass-234.mp4,DASS-234,,,
/Volumes/disk/J/Adult,D/DASD/DASS-246/DASS-246.mp4,DASS-246,/v/4572mp,1,
/Volumes/disk/J/Adult,D/DASD/dass-247/dass-247.mp4,DASS-247,/v/653689,1,
/Volumes/disk/J/Adult,D/dass-251/dass-251.mp4,DASS-251,,,
/Volumes/disk/D/Adult,unclass/DASS-286/dass-286.mp4,DASS-286,/v/k40vMP,1,
/Volumes/disk/D/Adult,unclass/DASS-382/dass-382.mp4,DASS-382,,,
/Volumes/disk/D/Adult,unclass/DASS-418/dass-418.mp4,DASS-418,/v/kK4gG4,1,
/Volumes/disk/D/Adult,unclass/DASS-450/dass-450.mp4,DASS-450,/v/Xee7ZM,1,
/Volumes/disk/D/Adult,unclass/DASS-456/dass-456.mp4,DASS-456,/v/gyybkg,1,
/Volumes/disk/D/Adult,unclass/DASS-465/dass-465.mp4,DASS-465,/v/Ywwqn8,1,
/Volumes/disk/D/Adult,unclass/DASS-480/dass-480.mp4,DASS-480,/v/kKK8wz,1,
/Volumes/disk/D/Adult,unclass/DASS-510/dass-510.mp4,DASS-510,/v/a88A6W,1,
/Volumes/disk/J/Adult,D/DAVK/DAVK-083/DAVK-083.mp4,DAVK-083,,,
/Volumes/disk/J/Adult,D/DAVK-087/DAVK-087.mp4,DAVK-087,,,
/Volumes/disk/J/Adult,D/DCV-053/DCV-053.mp4,DCV-053,/v/a48an,1,
/Volumes/disk/J/Adult,0/498DDH-034/498DDH-034.mp4,DDH-034,,,
/Volumes/disk/J/Adult,0/498DDH-045/498DDH-045.mkv,DDH-045,/v/67679,1,
/Volumes/disk/D/Adult,D/DDH/DDH-075/DDH-075.mp4,DDH-075,,,
/Volumes/disk/J/Adult,0/498DDH-089/498DDH-089.mp4,DDH-089,,,
/Volumes/disk/J/Adult,0/498DDH-092/498DDH-092.mp4,DDH-092,/v/E22rGM,1,
/Volumes/disk/J/Adult,0/498DDH-108/498DDH-108.mp4,DDH-108,/v/Mmq5A1,1,
/Volumes/disk/J/Adult,0/498DDH-121/498DDH-121.mp4,DDH-121,,,
/Volumes/disk/J/Adult,0/498DDH-134/498DDH-134.mp4,DDH-134,/v/B8XNma,1,
/Volumes/disk/G/Adult,D/DDH/DDH-141/DDH-141.mp4,DDH-141,,,
/Volumes/disk/J/Adult,0/498DDH-144/498DDH-144.mp4,DDH-144,/v/YnMVNd,1,
/Volumes/disk/J/Adult,D/DDH/DDH-147/DDH-147.mp4,DDH-147,/v/2ag7Vm,1,
/Volumes/disk/J/Adult,D/DDH/DDH-153/DDH-153.mp4,DDH-153,,,
/Volumes/disk/J/Adult,0/498DDH-168/498DDH-168.mp4,DDH-168,,,
/Volumes/disk/J/Adult,0/498DDH-170/498DDH-170.mp4,DDH-170,/v/Mmk66J,1,
/Volumes/disk/D/Adult,D/DDH/DDH-172/DDH-172.mp4,DDH-172,,,
/Volumes/disk/J/Adult,0/498DDH-172/498DDH-172.mp4,DDH-172,,,
/Volumes/disk/J/Adult,0/498DDH-174/498DDH-174.mp4,DDH-174,/v/W1NV3K,1,
/Volumes/disk/J/Adult,0/498DDH-176/498DDH-176.mp4,DDH-176,/v/35Z43z,1,
/Volumes/disk/J/Adult,0/498DDH-178/498DDH-178.mp4,DDH-178,,,
/Volumes/disk/J/Adult,D/DDH/DDH-179/DDH-179.mp4,DDH-179,,,
/Volumes/disk/D/Adult,D/DDH/DDH-181/DDH-181.mp4,DDH-181,,,
/Volumes/disk/J/Adult,0/498DDH-188/498DDH-188.mp4,DDH-188,/v/RdMvxz,1,
/Volumes/disk/J/Adult,0/498DDH-202/498DDH-202.mp4,DDH-202,/v/vD1g9z,1,
/Volumes/disk/J/Adult,D/DDH/DDH-205/DDH-205.mp4,DDH-205,,,
/Volumes/disk/J/Adult,0/498DDH-206/498DDH-206.mp4,DDH-206,/v/1Bd4Gw,1,
/Volumes/disk/J/Adult,0/498DDH-212/498DDH-212.mp4,DDH-212,,,
/Volumes/disk/J/Adult,0/498DDHP-042/498DDHP-042.mp4,DDHP-042,,,
/Volumes/disk/J/Adult,D/DDK-225/DDK-225.mp4,DDK-225,,,
/Volumes/disk/D/Adult,D/DFD/DFDM-034/DFDM-034.mp4,DFDM-034,/v/K4eGkm,1,
/Volumes/disk/G/Adult,D/DFE/DFE-054/DFE-054.mp4,DFE-054,/v/mzZwR,1,
/Volumes/disk/G/Adult,D/DFE/DFE-055/DFE-055.mp4,DFE-055,/v/3m30z,1,
/Volumes/disk/G/Adult,D/DFE/DFE-066/DFE-066.mp4,DFE-066,/v/VwVQ03,1,
/Volumes/disk/G/Adult,D/DFE/DFE-067/DFE-067.mp4,DFE-067,,,
/Volumes/disk/D/Adult,D/DFE/dfe-068/dfe-068.mp4,DFE-068,,,
/Volumes/disk/J/Adult,D/DFE-068/DFE-068.mp4,DFE-068,,,
/Volumes/disk/J/Adult,D/DFE/DFE-069/DFE-069.mp4,DFE-069,/v/zKagdz,1,
/Volumes/disk/J/Adult,D/DFE/DFE-071/DFE-071.mp4,DFE-071,,,
/Volumes/disk/G/Adult,D/DIC/DIC-076/DIC-076.mp4,DIC-076,,,
/Volumes/disk/G/Adult,D/DIC/DIC-083/DIC-083.mp4,DIC-083,,,
/Volumes/disk/G/Adult,D/DIV/DIV-226/DIV-226.mkv,DIV-226,/v/65yr9,1,
/Volumes/disk/G/Adult,D/DLDSS/DLDSS-030/DLDSS-030.mp4,DLDSS-030,,,
/Volumes/disk/G/Adult,D/DLDSS/DLDSS-040/DLDSS-040.mp4,DLDSS-040,,,
/Volumes/disk/J/Adult,D/DLDSS-044-U/DLDSS-044.mp4,DLDSS-044,/v/B2wb1,1,
/Volumes/disk/J/Adult,D/DLDSS-179/DLDSS-179.mp4,DLDSS-179,,,
/Volumes/disk/J/Adult,D/dldss-203/dldss-203.mp4,DLDSS-203,,,
/Volumes/disk/D/Adult,D/DLD/dldss-208/dldss-208.mp4,DLDSS-208,,,
/Volumes/disk/D/Adult,D/DLD/dldss-209/dldss-209.mp4,DLDSS-209,,,
/Volumes/disk/J/Adult,D/DNJR/DNJR-045/DNJR-045.mp4,DNJR-045,,,
/Volumes/disk/J/Adult,D/DNJR/DNJR-105/DNJR-105.mp4,DNJR-105,,,
/Volumes/disk/J/Adult,D/DOA-052/DOA-052.mp4,DOA-052,/v/Vw6Kg2,1,
/Volumes/disk/D/Adult,D/DOC/DOCP-221/DOCP-221.mp4,DOCP-221,/v/qqODD,1,
/Volumes/disk/J/Adult,D/DOCP/DOCP-327/DOCP-327.mp4,DOCP-327,,,
/Volumes/disk/J/Adult,D/DOCP/DOCP-344/DOCP-344.mp4,DOCP-344,,,
/Volumes/disk/J/Adult,D/DOCP/DOCP-353/DOCP-353.mp4,DOCP-353,/v/pvqgk,1,
/Volumes/disk/J/Adult,D/DOCP/DOCP-398/DOCP-398.mp4,DOCP-398,/v/akvgng,1,
/Volumes/disk/G/Adult,D/DOKS/DOKS-539/DOKS-539.mp4,DOKS-539,,,
/Volumes/disk/J/Adult,D/DOKS-586/DOKS-586.mp4,DOKS-586,/v/9DMAME,1,
/Volumes/disk/D/Adult,D/DOM/DOM-043/DOM-043.avi,DOM-043,,,
/Volumes/disk/D/Adult,D/DOR/DORI-075/DORI-075.mp4,DORI-075,,,
/Volumes/disk/D/Adult,D/DOR/DORI-091/DORI-091.mp4,DORI-091,/v/2aYbJm,1,
/Volumes/disk/J/Adult,D/DORR/DORR-005/DORR-005.mp4,DORR-005,,,
/Volumes/disk/J/Adult,D/DORR/DORR-006/DORR-006.mp4,DORR-006,,,
/Volumes/disk/J/Adult,D/DRPT-030/DRPT-030.mp4,DRPT-030,/v/J2VRqA,1,
/Volumes/disk/J/Adult,D/DRPT/DRPT-050/DRPT-050.mp4,DRPT-050,/v/k4Z9J4,1,
/Volumes/disk/D/Adult,unclass/DRPT-084/drpt-084.mp4,DRPT-084,/v/0eyyNk,1,
/Volumes/disk/J/Adult,D/DSVR/DSVR-00861-2/DSVR-00861.mp4,DSVR-00861,,,
/Volumes/disk/J/Adult,D/DSVR/DSVR-00861-3/DSVR-00861.mp4,DSVR-00861,,,
/Volumes/disk/J/Adult,D/DSVR/DSVR-00861/DSVR-00861.mp4,DSVR-00861,,,
/Volumes/disk/J/Adult,D/DSVR/DSVR-1226/DSVR-1226.mp4,DSVR-1226,,,
/Volumes/disk/J/Adult,VR/dsvr-1314/dsvr-1314-2.mp4,DSVR-1314,/v/p3BXGZ,1,
/Volumes/disk/J/Adult,VR/dsvr-1314/dsvr-1314.mp4,DSVR-1314,/v/p3BXGZ,1,
/Volumes/disk/J/Adult,D/DSVR/DSVR-1324/DSVR-1324.mp4,DSVR-1324,,,
/Volumes/disk/J/Adult,D/DSVR/DSVR-847-1/DSVR-847.mp4,DSVR-847,,,
/Volumes/disk/J/Adult,D/DSVR/DSVR-847-2/DSVR-847.mp4,DSVR-847,,,
/Volumes/disk/J/Adult,D/DSVR/DSVR-847-3/DSVR-847.mp4,DSVR-847,,,
/Volumes/disk/J/Adult,D/DV/DV-1195-U/DV-1195.mp4,DV-1195,/v/96GAX,1,
/Volumes/disk/J/Adult,D/DV-/DV-1225/DV-1225.mp4,DV-1225,/v/J0zB8,1,
/Volumes/disk/D/Adult,D/DV-/DV-1278/DV-1278.mp4,DV-1278,/v/Ww7g8,1,
/Volumes/disk/G/Adult,D/DV/DV-1343/DV-1343.mp4,DV-1343,,,
/Volumes/disk/D/Adult,D/DV-/DV-1418/DV-1418.avi,DV-1418,/v/WwyqZ,1,
/Volumes/disk/J/Adult,D/DV-/DV-1498/DV-1498.mp4,DV-1498,/v/z4G77,1,
/Volumes/disk/J/Adult,D/DV-/DV-1508/DV-1508.mp4,DV-1508,/v/1A029,1,
/Volumes/disk/J/Adult,D/DV/DV-1527-U/DV-1527.mp4,DV-1527,,,
/Volumes/disk/J/Adult,D/DV-/DV-1583/DV-1583.mp4,DV-1583,/v/1A0GJ,1,
/Volumes/disk/J/Adult,D/DV-/DV-1593/DV-1593.mp4,DV-1593,/v/veRbp,1,
/Volumes/disk/J/Adult,D/DV-/DV-1656/DV-1656.mp4,DV-1656,/v/AqJZ0,1,
/Volumes/disk/D/Adult,D/DV-/DV-1672/DV-1672.avi,DV-1672,/v/dObv,1,
/Volumes/disk/J/Adult,D/DVA/DVAJ-0025/DVAJ-0025.mp4,DVAJ-0025,/v/Xeg0P,1,
/Volumes/disk/G/Adult,D/DVAJ/DVAJ-165/DVAJ-165.mp4,DVAJ-165,/v/APBe,1,
/Volumes/disk/J/Adult,D/DV/DVAJ-557/DVAJ-557.mp4,DVAJ-557,/v/ED3Z0,1,
/Volumes/disk/G/Adult,D/DVAJ/DVAJ-601/DVAJ-601.mp4,DVAJ-601,,,
/Volumes/disk/D/Adult,unclass/DVAJ-631/dvaj-631.mp4,DVAJ-631,/v/vD11yz,1,
/Volumes/disk/D/Adult,unclass/DVAJ-658/dvaj-658.mp4,DVAJ-658,/v/5nE2Op,1,
/Volumes/disk/D/Adult,unclass/DVAJ-686-U/DVAJ-686-U.mp4,DVAJ-686,/v/deZaEM,1,
/Volumes/disk/G/Adult,D/DVDMS/DVDMS-752/DVDMS-752.mp4,DVDMS-752,/v/6gaba,1,
/Volumes/disk/G/Adult,D/DVDMS/DVDMS-888/DVDMS-888.mp4,DVDMS-888,/v/RdYxOK,1,
/Volumes/disk/J/Adult,D/DVDMS/DVDMS-888/DVDMS-888.mp4,DVDMS-888,/v/RdYxOK,1,
/Volumes/disk/G/Adult,D/DVDMS/DVDMS-921/DVDMS-921.mp4,DVDMS-921,,,
/Volumes/disk/J/Adult,D/DVDMS/DVDMS-945/DVDMS-945.mp4,DVDMS-945,/v/J29Rxq,1,
/Volumes/disk/D/Adult,D/DVD/DVDMS-961/DVDMS-961.mp4,DVDMS-961,/v/RdbVy4,1,
/Volumes/disk/D/Adult,D/DVD/DVDMS-968/DVDMS-968.mp4,DVDMS-968,/v/MmkV9X,1,
/Volumes/disk/D/Adult,D/DVM/DVMM-003/DVMM-003.mp4,DVMM-003,/v/K4QZmP,1,
/Volumes/disk/D/Adult,D/DVR/DVRT-020/DVRT-020.mp4,DVRT-020,/v/Azyxre,1,
/Volumes/disk/G/Adult,D/DVRT/DVRT-020/DVRT-020.mp4,DVRT-020,/v/Azyxre,1,
/Volumes/disk/G/Adult,D/DVX/DVX-1330/DVX-1330.avi,DVX-1330,,,
/Volumes/disk/G/Adult,E/EBOD/EBOD-550/EBOD-550.mp4,EBOD-550,/v/Y6pb,1,
/Volumes/disk/G/Adult,E/EBOD/EBOD-727/EBOD-727.mp4,EBOD-727,,,
/Volumes/disk/G/Adult,E/EBOD/EBOD-776/EBOD-776.mp4,EBOD-776,/v/AJx5n,1,
/Volumes/disk/G/Adult,E/EBOD/EBOD-784/EBOD-784.mp4,EBOD-784,,,
/Volumes/disk/J/Adult,E/EBOD/EBOD-839/EBOD-839.mp4,EBOD-839,/v/Z59x8,1,
/Volumes/disk/J/Adult,E/EBOD/EBOD-949-C/EBOD-949.mp4,EBOD-949,/v/W1rNGB,1,
/Volumes/disk/J/Adult,E/EBWH/EBWH-030/EBWH-030.mp4,EBWH-030,,,
/Volumes/disk/J/Adult,E/EBWH/EBWH-034-C/EBWH-034.mp4,EBWH-034,,,
/Volumes/disk/J/Adult,E/EBWH/EBWH-041/EBWH-041.mp4,EBWH-041,,,
/Volumes/disk/D/Adult,unclass/EBWH-132/ebwh-132.mp4,EBWH-132,/v/NQQQvr,1,
/Volumes/disk/G/Adult,E/EKDV/EKDV-470/EKDV-470.mp4,EKDV-470,/v/gG7m,1,
/Volumes/disk/G/Adult,E/EKDV/EKDV-680/EKDV-680.mp4,EKDV-680,/v/mNM8y,1,
/Volumes/disk/J/Adult,E/EKDV/EKDV-681/EKDV-681.mp4,EKDV-681,/v/N8nO3,1,
/Volumes/disk/J/Adult,E/EKDV/EKDV-685/EKDV-685.mp4,EKDV-685,/v/Nw1Vpr,1,
/Volumes/disk/J/Adult,E/EKDV/EKDV-691/EKDV-691.mp4,EKDV-691,/v/g0O1dm,1,
/Volumes/disk/G/Adult,E/EKDV/EKDV-702/EKDV-702.mp4,EKDV-702,/v/RdEbJz,1,
/Volumes/disk/J/Adult,E/EKDV/EKDV-702/EKDV-702.mp4,EKDV-702,/v/RdEbJz,1,
/Volumes/disk/D/Adult,E/EKD/EKDV-706/EKDV-706.mp4,EKDV-706,,,
/Volumes/disk/J/Adult,E/EKDV/EKDV-709/EKDV-709.mp4,EKDV-709,,,
/Volumes/disk/J/Adult,E/EKDV/EKDV-710/EKDV-710.mp4,EKDV-710,,,
/Volumes/disk/J/Adult,E/EKDV/EKDV-711/EKDV-711.mp4,EKDV-711,/v/XWkm15,1,
/Volumes/disk/J/Adult,E/EKDV/EKDV-718/EKDV-718.mp4,EKDV-718,,,
/Volumes/disk/D/Adult,unclass/EKDV-772/ekdv-772.mp4,EKDV-772,,,
/Volumes/disk/D/Adult,unclass/EKDV-775/ekdv-775.mp4,EKDV-775,,,
/Volumes/disk/J/Adult,E/ENDS/ENDS-085/ENDS-085.mp4,ENDS-085,,,
/Volumes/disk/J/Adult,0/709ENDS-093/709ENDS-093.mp4,ENDS-093,/v/Az7VNy,1,
/Volumes/disk/J/Adult,0/709ENDS-094/709ENDS-094.mp4,ENDS-094,/v/Mmp3PX,1,
/Volumes/disk/D/Adult,E/END/ENDX-381/ENDX-381.mp4,ENDX-381,,,
/Volumes/disk/J/Adult,0/285ENDX-415/285ENDX-415.mp4,ENDX-415,/v/W1Vq88,1,
/Volumes/disk/J/Adult,E/ENDX/ENDX-447/ENDX-447.mp4,ENDX-447,,,
/Volumes/disk/J/Adult,E/EPSB/EPSB-004/EPSB-004.mp4,EPSB-004,/v/W1NG3Z,1,
/Volumes/disk/J/Adult,E/EPSB/EPSB-006/EPSB-006.mp4,EPSB-006,/v/bANYEB,1,
/Volumes/disk/G/Adult,E/ERGV/ERGV-043/ERGV-043.mp4,ERGV-043,,,
/Volumes/disk/G/Adult,E/ERGV/ERGV-047/ERGV-047.mp4,ERGV-047,,,
/Volumes/disk/J/Adult,E/ERHV/ERHV-010/ERHV-010.mp4,ERHV-010,/v/k42Kyz,1,
/Volumes/disk/J/Adult,0/546ERHV-016/546ERHV-016.mp4,ERHV-016,,,
/Volumes/disk/J/Adult,E/ERHV/ERHV-019/ERHV-019.mp4,ERHV-019,/v/vD1OqY,1,
/Volumes/disk/G/Adult,E/ERK/ERK-024/ERK-024.mp4,ERK-024,,,
/Volumes/disk/J/Adult,0/546EROFC-066/546erofc-066.mp4,EROFC-066,,,
/Volumes/disk/J/Adult,0/546EROFC-078/546erofc-078.mp4,EROFC-078,/v/8VVvB5,1,
/Volumes/disk/J/Adult,0/546EROFC-103/546erofc-103.mp4,EROFC-103,,,
/Volumes/disk/J/Adult,0/546EROFC-109/546erofc-109.mp4,EROFC-109,,,
/Volumes/disk/G/Adult,E/EROFC/EROFC-123/EROFC-123.mp4,EROFC-123,/v/D2XYmp,1,
/Volumes/disk/J/Adult,0/546EROFC-129/546erofc-129.mp4,EROFC-129,,,
/Volumes/disk/J/Adult,0/546EROFC-141/546erofc-141.mp4,EROFC-141,/v/J2yD23,1,
/Volumes/disk/J/Adult,0/546EROFC-144/546erofc-144.mp4,EROFC-144,/v/bAvJR6,1,
/Volumes/disk/J/Adult,0/546EROFC-149/546erofc-149.mp4,EROFC-149,/v/W1P67e,1,
/Volumes/disk/G/Adult,E/EROFV/EROFV-059/EROFV-059.mp4,EROFV-059,,,
/Volumes/disk/J/Adult,E/EROFV/EROFV-177/EROFV-177.mp4,EROFV-177,,,
/Volumes/disk/J/Adult,E/EROFV/EROFV-196/EROFV-196.mp4,EROFV-196,,,
/Volumes/disk/D/Adult,E/ERO/EROV-008/EROV-008.mp4,EROV-008,,,
/Volumes/disk/J/Adult,E/ETQR/ETQR-396/ETQR-396.mp4,ETQR-396,,,
/Volumes/disk/J/Adult,E/ETQR/ETQR-464/ETQR-464.mp4,ETQR-464,/v/Rd1pJD,1,
/Volumes/disk/J/Adult,E/ETQR/ETQR-470/ETQR-470.mp4,ETQR-470,,,
/Volumes/disk/D/Adult,E/ETQ/ETQR-488/ETQR-488.mp4,ETQR-488,/v/AzekAM,1,
/Volumes/disk/J/Adult,E/EVIS/EVIS-398/EVIS-398.mp4,EVIS-398,/v/dazMM,1,
/Volumes/disk/J/Adult,E/EVIS/EVIS-417/EVIS-417.mp4,EVIS-417,/v/bA4REB,1,
/Volumes/disk/J/Adult,E/EVIS/EVIS-473/EVIS-473.mp4,EVIS-473,/v/qDg5r6,1,
/Volumes/disk/G/Adult,E/EYAN/EYAN-052/EYAN-052.mp4,EYAN-052,,,
/Volumes/disk/G/Adult,E/EYAN/EYAN-163/EYAN-163.mp4,EYAN-163,/v/m3RNy,1,
/Volumes/disk/J/Adult,0/490FAN-180/490FAN-180.mp4,FAN-180,,,
/Volumes/disk/G/Adult,F/FANH/FANH-086/FANH-086.mp4,FANH-086,/v/9v5O5,1,
/Volumes/disk/G/Adult,F/FANH/FANH-124/FANH-124.mp4,FANH-124,/v/35RmW1,1,
/Volumes/disk/D/Adult,F/FAN/FANH-125/FANH-125.mp4,FANH-125,/v/qDK8be,1,
/Volumes/disk/D/Adult,F/FC-/FC-1344765/FC-1344765.mp4,FC-134476,,,
/Volumes/disk/G/Adult,F/FCDSS/FCDSS-028/FCDSS-028.mp4,FCDSS-028,/v/23yWq,1,
/Volumes/disk/D/Adult,F/FCD/FCDSS-037/FCDSS-037.mp4,FCDSS-037,/v/J248nR,1,
/Volumes/disk/D/Adult,F/FCD/fcdss-038/fcdss-038.mp4,FCDSS-038,/v/ZXqaqJ,1,
/Volumes/disk/J/Adult,F/FCDSS/FCDSS-040/FCDSS-040.mp4,FCDSS-040,/v/mebr7d,1,
/Volumes/disk/D/Adult,F/FCD/fcdss-046/fcdss-046.mp4,FCDSS-046,/v/VwkNqG,1,
/Volumes/disk/J/Adult,F/FCH/FCH-076/FCH-076.mp4,FCH-076,/v/Vwm4NG,1,
/Volumes/disk/J/Adult,F/FCP-073/fcp-073.mp4,FCP-073,/v/pEeMm,1,
/Volumes/disk/J/Adult,F/FCP/FCP-142/FCP-142.mp4,FCP-142,/v/d4d4V5,1,
/Volumes/disk/D/Adult,F/FCP/FCP-155/FCP-155.mp4,FCP-155,/v/qD87Ka,1,
/Volumes/disk/J/Adult,0/326FCT-008/326fct-008.mp4,FCT-008,/v/ndedw,1,
/Volumes/disk/G/Adult,F/FCT/FCT-010/FCT-010.mp4,FCT-010,,,
/Volumes/disk/G/Adult,F/FCT/FCT-018/FCT-018.mp4,FCT-018,/v/k4raAe,1,
/Volumes/disk/J/Adult,F/FCT/FCT-031/FCT-031.mp4,FCT-031,/v/k4X5ve,1,
/Volumes/disk/J/Adult,F/FCT/FCT-036/FCT-036.mp4,FCT-036,/v/wqYKZn,1,
/Volumes/disk/J/Adult,F/FCT/FCT-040/FCT-040.mp4,FCT-040,/v/qDpkk6,1,
/Volumes/disk/J/Adult,F/FCT/FCT-059/FCT-059.mp4,FCT-059,,,
/Volumes/disk/J/Adult,0/326FCT-074/326fct-074.mp4,FCT-074,/v/65Bv7E,1,
/Volumes/disk/G/Adult,F/FCX/FCX-141614/FCX-141614.mp4,FCX-141614,,,
/Volumes/disk/G/Adult,F/FCX/FCX-150333/FCX-150333.mp4,FCX-150333,,,
/Volumes/disk/J/Adult,F/FGEN/FGEN-003/FGEN-003.mp4,FGEN-003,/v/8V0Gzd,1,
/Volumes/disk/G/Adult,F/FIR/FIR-053/FIR-053.mp4,FIR-053,,,
/Volumes/disk/J/Adult,F/fneo-057/fneo-057-B.mp4,FNEO-057,/v/WrY5p,1,
/Volumes/disk/J/Adult,F/fneo-057/fneo-057.mp4,FNEO-057,/v/WrY5p,1,
/Volumes/disk/J/Adult,F/FNEO-064/FNEO-064.mp4,FNEO-064,,,
/Volumes/disk/J/Adult,F/FNEO/FNEO-064/FNEO-064.mp4,FNEO-064,,,
/Volumes/disk/G/Adult,F/FNEO/FNEO-067/FNEO-067.mp4,FNEO-067,/v/g0BdnZ,1,
/Volumes/disk/J/Adult,F/FNEO-067/FNEO-067.mp4,FNEO-067,/v/g0BdnZ,1,
/Volumes/disk/J/Adult,F/FNEO/FNEO-072/FNEO-072.mp4,FNEO-072,,,
/Volumes/disk/J/Adult,F/FNEO/FNEO-073/FNEO-073.mp4,FNEO-073,,,
/Volumes/disk/J/Adult,F/FNEO/FNEO-075/FNEO-075.mp4,FNEO-075,,,
/Volumes/disk/J/Adult,F/FNEO/FNEO-076/FNEO-076.mp4,FNEO-076,,,
/Volumes/disk/D/Adult,F/FOC/FOCS-085/FOCS-085.mp4,FOCS-085,,,
/Volumes/disk/G/Adult,F/FOCS/FOCS-091/FOCS-091.mp4,FOCS-091,,,
/Volumes/disk/J/Adult,F/FOCS-101/FOCS-101.mp4,FOCS-101,/v/2a0zBN,1,
/Volumes/disk/J/Adult,F/FOCS-128/FOCS-128.mp4,FOCS-128,,,
/Volumes/disk/D/Adult,F/FSD/fsdss-077/fsdss-077.mp4,FSDSS-077,/v/R86O4,1,
/Volumes/disk/G/Adult,F/FSDSS/FSDSS-077/FSDSS-077.mp4,FSDSS-077,/v/R86O4,1,
/Volumes/disk/J/Adult,F/FSDSS/fsdss-078/fsdss-078.mp4,FSDSS-078,/v/NkmPw,1,
/Volumes/disk/J/Adult,F/FSD/FSDSS-098/FSDSS-098.mp4,FSDSS-098,/v/BXZZr,1,
/Volumes/disk/G/Adult,F/FSDSS/FSDSS-111/FSDSS-111.mp4,FSDSS-111,/v/bPM0B,1,
/Volumes/disk/G/Adult,F/FSDSS/FSDSS-127/FSDSS-127.mp4,FSDSS-127,/v/mPG8Y,1,
/Volumes/disk/J/Adult,F/FSDSS/FSDSS-127-U/FSDSS-127.mp4,FSDSS-127,/v/mPG8Y,1,
/Volumes/disk/G/Adult,F/FSDSS/FSDSS-145/FSDSS-145.mp4,FSDSS-145,,,
/Volumes/disk/G/Adult,F/FSDSS/FSDSS-167/FSDSS-167.mp4,FSDSS-167,,,
/Volumes/disk/G/Adult,F/FSDSS/FSDSS-176/FSDSS-176.mp4,FSDSS-176,/v/vQABO,1,
/Volumes/disk/G/Adult,F/FSDSS/FSDSS-194/FSDSS-194.mp4,FSDSS-194,/v/0wGd0,1,
/Volumes/disk/D/Adult,F/FSD/fsdss-199/fsdss-199.mp4,FSDSS-199,,,
/Volumes/disk/G/Adult,F/FSDSS/FSDSS-209/FSDSS-209.mp4,FSDSS-209,/v/AMmNy,1,
/Volumes/disk/J/Adult,F/FSDSS/FSDSS-226-U/FSDSS-226.mp4,FSDSS-226,/v/aWqdg,1,
/Volumes/disk/G/Adult,F/FSDSS/FSDSS-242/FSDSS-242.mp4,FSDSS-242,/v/nVWgm,1,
/Volumes/disk/J/Adult,F/FSDSS-242/FSDSS-242.mp4,FSDSS-242,/v/nVWgm,1,
/Volumes/disk/G/Adult,F/FSDSS/FSDSS-272/FSDSS-272.mp4,FSDSS-272,/v/OwMOB,1,
/Volumes/disk/G/Adult,F/FSDSS/FSDSS-274/FSDSS-274.mp4,FSDSS-274,/v/GmE4m,1,
/Volumes/disk/J/Adult,F/FSDSS-274/FSDSS-274.mp4,FSDSS-274,/v/GmE4m,1,
/Volumes/disk/J/Adult,F/FSDSS/fsdss-274-c/fsdss-274.mp4,FSDSS-274,/v/GmE4m,1,
/Volumes/disk/G/Adult,F/FSDSS/FSDSS-304/FSDSS-304.mp4,FSDSS-304,/v/pdey5,1,
/Volumes/disk/J/Adult,F/FSDSS/fsdss-304/fsdss-304.mp4,FSDSS-304,/v/pdey5,1,
/Volumes/disk/J/Adult,F/FSDSS/FSDSS-310/FSDSS-310.mp4,FSDSS-310,,,
/Volumes/disk/G/Adult,F/FSDSS/FSDSS-317/FSDSS-317.mp4,FSDSS-317,/v/rRrRJ,1,
/Volumes/disk/G/Adult,F/FSDSS/FSDSS-318/FSDSS-318.mp4,FSDSS-318,/v/gVRVE,1,
/Volumes/disk/G/Adult,F/FSDSS/FSDSS-319/FSDSS-319.mp4,FSDSS-319,,,
/Volumes/disk/G/Adult,F/FSDSS/FSDSS-335/FSDSS-335.mp4,FSDSS-335,/v/g8gON,1,
/Volumes/disk/J/Adult,F/FSD/fsdss-351/fsdss-351.mp4,FSDSS-351,/v/q01Rx,1,
/Volumes/disk/J/Adult,F/FSD/fsdss-365/fsdss-365.mp4,FSDSS-365,/v/JDQvB,1,
/Volumes/disk/J/Adult,F/FSDSS/FSDSS-383/FSDSS-383.mp4,FSDSS-383,,,
/Volumes/disk/J/Adult,F/FSD/FSDSS-393/FSDSS-393.mp4,FSDSS-393,/v/Pner9,1,
/Volumes/disk/J/Adult,F/FSDSS/FSDSS-400-C_X1080X/FSDSS-400.mp4,FSDSS-400,,,
/Volumes/disk/J/Adult,F/FSDSS/FSDSS-403/FSDSS-403.mp4,FSDSS-403,,,
/Volumes/disk/J/Adult,F/FSD/fsdss-408/fsdss-408.mp4,FSDSS-408,/v/ekPeb,1,
/Volumes/disk/J/Adult,F/FSDSS-416-C/FSDSS-416.mp4,FSDSS-416,,,
/Volumes/disk/D/Adult,F/FSD/fsdss-418/fsdss-418.mp4,FSDSS-418,/v/n94kY,1,
/Volumes/disk/J/Adult,F/FSDSS/FSDSS-421/FSDSS-421.mp4,FSDSS-421,/v/O51nA,1,
/Volumes/disk/J/Adult,F/FSDSS-437/FSDSS-437.mp4,FSDSS-437,/v/dO8YM,1,
/Volumes/disk/J/Adult,F/FSDSS/FSDSS-448/FSDSS-448.mp4,FSDSS-448,,,
/Volumes/disk/J/Adult,F/FSDSS/fsdss-456-C/fsdss-456.mp4,FSDSS-456,,,
/Volumes/disk/J/Adult,F/FSDSS/FSDSS-499/FSDSS-499.mp4,FSDSS-499,/v/bA9evA,1,
/Volumes/disk/D/Adult,F/FSD/FSDSS-509/FSDSS-509.mp4,FSDSS-509,,,
/Volumes/disk/D/Adult,F/FSD/FSDSS-517/FSDSS-517.mp4,FSDSS-517,/v/0R45E0,1,
/Volumes/disk/D/Adult,F/FSD/FSDSS-529/FSDSS-529.mp4,FSDSS-529,/v/vDqkQ9,1,
/Volumes/disk/G/Adult,F/FSDSS/FSDSS-531/FSDSS-531.mp4,FSDSS-531,/v/1BK3Jn,1,
/Volumes/disk/D/Adult,F/FSD/FSDSS-549/FSDSS-549.mp4,FSDSS-549,,,
/Volumes/disk/D/Adult,F/FSD/FSDSS-556/FSDSS-556.mp4,FSDSS-556,,,
/Volumes/disk/D/Adult,F/FSD/FSDSS-563/FSDSS-563.mp4,FSDSS-563,/v/Vwx0EX,1,
/Volumes/disk/G/Adult,F/FSDSS/FSDSS-563/FSDSS-563.mp4,FSDSS-563,/v/Vwx0EX,1,
/Volumes/disk/J/Adult,F/FSDSS-563/FSDSS-563.mp4,FSDSS-563,/v/Vwx0EX,1,
/Volumes/disk/D/Adult,F/FSD/FSDSS-569/FSDSS-569.mp4,FSDSS-569,,,
/Volumes/disk/J/Adult,F/FSDSS/FSDSS-574-C/FSDSS-574.mp4,FSDSS-574,,,
/Volumes/disk/G/Adult,F/FCX/FSDSS-582-C/FSDSS-582.mp4,FSDSS-582,,,
/Volumes/disk/D/Adult,F/FSD/FSDSS-587/FSDSS-587.mp4,FSDSS-587,,,
/Volumes/disk/D/Adult,F/FSD/FSDSS-589/FSDSS-589.mp4,FSDSS-589,/v/35ZQMw,1,
/Volumes/disk/D/Adult,F/FSD/FSDSS-595/FSDSS-595.mp4,FSDSS-595,,,
/Volumes/disk/D/Adult,F/FSD/FSDSS-596/FSDSS-596.mp4,FSDSS-596,,,
/Volumes/disk/D/Adult,F/FSD/fsdss-600/fsdss-600.mp4,FSDSS-600,,,
/Volumes/disk/J/Adult,F/FSDSS/FSDSS-601/FSDSS-601.mp4,FSDSS-601,,,
/Volumes/disk/D/Adult,F/FSD/FSDSS-609/FSDSS-609.mp4,FSDSS-609,/v/GMmxOJ,1,
/Volumes/disk/J/Adult,F/FSDSS-609 圧倒的”美”の裏に隠したエロス 田中レモン AVデビュー/FSDSS-609.mp4,FSDSS-609,/v/GMmxOJ,1,
/Volumes/disk/D/Adult,F/FSD/FSDSS-610/FSDSS-610.mp4,FSDSS-610,/v/eKJ1NE,1,
/Volumes/disk/D/Adult,F/FSD/FSDSS-611/FSDSS-611.mp4,FSDSS-611,/v/ZXkwvq,1,
/Volumes/disk/D/Adult,F/FSD/FSDSS-615/FSDSS-615.mp4,FSDSS-615,/v/rmwNWk,1,
/Volumes/disk/D/Adult,F/FSD/FSDSS-619/FSDSS-619.mp4,FSDSS-619,,,
/Volumes/disk/D/Adult,F/FSD/fsdss-621/fsdss-621.mp4,FSDSS-621,,,
/Volumes/disk/D/Adult,F/FSD/FSDSS-627/FSDSS-627.mp4,FSDSS-627,/v/ZXW3g8,1,
/Volumes/disk/J/Adult,F/FSDSS-629-C/FSDSS-629.mp4,FSDSS-629,,,
/Volumes/disk/D/Adult,F/FSD/FSDSS-632/FSDSS-632.mp4,FSDSS-632,,,
/Volumes/disk/D/Adult,F/FSD/FSDSS-638/FSDSS-638.mp4,FSDSS-638,/v/W1XMKZ,1,
/Volumes/disk/D/Adult,F/FSD/FSDSS-639/FSDSS-639.mp4,FSDSS-639,,,
/Volumes/disk/D/Adult,F/FSD/FSDSS-640/FSDSS-640.mp4,FSDSS-640,,,
/Volumes/disk/J/Adult,F/fsdss-642/fsdss-642.mp4,FSDSS-642,,,
/Volumes/disk/J/Adult,F/FSDSS/FSDSS-654-C/FSDSS-654.mp4,FSDSS-654,,,
/Volumes/disk/J/Adult,F/FSDSS/fsdss-666/fsdss-666.mp4,FSDSS-666,,,
/Volumes/disk/J/Adult,F/FSDSS/FSDSS-680/FSDSS-680.mp4,FSDSS-680,,,
/Volumes/disk/J/Adult,F/FSDSS/FSDSS-701/FSDSS-701.mp4,FSDSS-701,/v/ak7pkq,1,
/Volumes/disk/D/Adult,unclass/FSDSS-776/fsdss-776.mp4,FSDSS-776,,,
/Volumes/disk/G/Adult,F/FSPT/FSPT-027/FSPT-027.mp4,FSPT-027,/v/zKVgQQ,1,
/Volumes/disk/J/Adult,F/FSVR/FSVR-021/FSVR-021.mp4,FSVR-021,/v/meOY9n,1,
/Volumes/disk/D/Adult,F/FUN/FUNK-015/FUNK-015.mp4,FUNK-015,/v/D2EaQ5,1,
/Volumes/disk/G/Adult,F/FUNK/FUNK-015/FUNK-015.mp4,FUNK-015,/v/D2EaQ5,1,
/Volumes/disk/G/Adult,F/FUNK/FUNK-017/FUNK-017.mp4,FUNK-017,/v/qDYzAD,1,
/Volumes/disk/J/Adult,F/fvmd-014/fvmd-014.mp4,FVMD-014,/v/45kxrZ,1,
/Volumes/disk/J/Adult,F/FVMD/FVMD-016/FVMD-016.mp4,FVMD-016,,,
/Volumes/disk/J/Adult,F/FWAY-003/FWAY-003.mp4,FWAY-003,/v/ak71Dp,1,
/Volumes/disk/D/Adult,unclass/FWAY-021/fway-021.mp4,FWAY-021,,,
/Volumes/disk/D/Adult,unclass/FWAY-037/fway-037.mp4,FWAY-037,,,
/Volumes/disk/D/Adult,unclass/FWAY-046/fway-046.mp4,FWAY-046,,,
/Volumes/disk/D/Adult,G/GAN/GANA-1902/GANA-1902.mp4,GANA-1902,,,
/Volumes/disk/J/Adult,G/GAN/GANA-2378/GANA-2378.mp4,GANA-2378,,,
/Volumes/disk/J/Adult,G/GANA/GANA-2504/GANA-2504.mp4,GANA-2504,,,
/Volumes/disk/J/Adult,0/200GANA-2528/200GANA-2528.mp4,GANA-2528,,,
/Volumes/disk/D/Adult,G/GAN/gana-2535/gana-2535.mp4,GANA-2535,/v/ey1Wr,1,
/Volumes/disk/D/Adult,G/GAN/GANA-2560/GANA-2560.mp4,GANA-2560,,,
/Volumes/disk/J/Adult,0/200GANA-2568/200GANA-2568.mp4,GANA-2568,,,
/Volumes/disk/J/Adult,G/GANA/GANA-2609/GANA-2609.mp4,GANA-2609,/v/Jm7bR,1,
/Volumes/disk/J/Adult,0/200GANA-2650/200GANA-2650.mp4,GANA-2650,/v/ROmkp,1,
/Volumes/disk/D/Adult,G/GAN/GANA-2659/GANA-2659.mp4,GANA-2659,/v/Yp7B6,1,
/Volumes/disk/J/Adult,G/GANA/GANA-2673/GANA-2673.mp4,GANA-2673,,,
/Volumes/disk/J/Adult,G/GANA/GANA-2682/GANA-2682.mp4,GANA-2682,,,
/Volumes/disk/J/Adult,G/GAN/GANA-2689/GANA-2689.mp4,GANA-2689,/v/5qgp8,1,
/Volumes/disk/G/Adult,G/GANA/GANA-2751/GANA-2751.mp4,GANA-2751,/v/0RdnZX,1,
/Volumes/disk/D/Adult,G/GAN/GANA-2757/GANA-2757.mp4,GANA-2757,/v/neqkG9,1,
/Volumes/disk/D/Adult,G/GAN/GANA-2766/GANA-2766.mp4,GANA-2766,,,
/Volumes/disk/J/Adult,G/GANA/GANA-2783/GANA-2783.mp4,GANA-2783,,,
/Volumes/disk/J/Adult,G/GANA/GANA-2802/GANA-2802.mp4,GANA-2802,,,
/Volumes/disk/J/Adult,G/GANA/GANA-2817/GANA-2817.mp4,GANA-2817,,,
/Volumes/disk/J/Adult,G/GANA/GANA-2824/GANA-2824.mp4,GANA-2824,,,
/Volumes/disk/D/Adult,G/GAN/GANA-2848/GANA-2848.mp4,GANA-2848,,,
/Volumes/disk/D/Adult,G/GAN/GANA-2852/GANA-2852.mp4,GANA-2852,,,
/Volumes/disk/J/Adult,0/200GANA-2857/200GANA-2857.mp4,GANA-2857,,,
/Volumes/disk/G/Adult,G/GANA/GANA-2859/GANA-2859.mp4,GANA-2859,,,
/Volumes/disk/J/Adult,G/GANA/GANA-2862/GANA-2862.mp4,GANA-2862,,,
/Volumes/disk/D/Adult,G/GAN/GANA-2864/GANA-2864.mp4,GANA-2864,,,
/Volumes/disk/D/Adult,G/GAN/GANA-2869/GANA-2869.mp4,GANA-2869,,,
/Volumes/disk/J/Adult,0/200GANA-2872/200GANA-2872.mp4,GANA-2872,,,
/Volumes/disk/J/Adult,G/GANA/GANA-2874/GANA-2874.mp4,GANA-2874,,,
/Volumes/disk/J/Adult,G/GANA/GANA-2900/GANA-2900.mp4,GANA-2900,,,
/Volumes/disk/J/Adult,G/GANA/GANA-2905/GANA-2905.mp4,GANA-2905,,,
/Volumes/disk/J/Adult,G/GANA/GANA-2912/GANA-2912.mp4,GANA-2912,,,
/Volumes/disk/J/Adult,G/GANA/GANA-2913/GANA-2913.mp4,GANA-2913,,,
/Volumes/disk/J/Adult,0/200GANA-2941/200GANA-2941.mp4,GANA-2941,,,
/Volumes/disk/J/Adult,0/200gana-953-C/200gana-953.mp4,GANA-953,/v/EZAwJ,1,
/Volumes/disk/D/Adult,G/GAR/GAREA-763/GAREA-763.mp4,GAREA-763,/v/nRYD4,1,
/Volumes/disk/J/Adult,0/738GBLFX-003/738GBLFX-003.mp4,GBLFX-003,,,
/Volumes/disk/J/Adult,G/GCEMD/GCEMD-395/GCEMD-395.mp4,GCEMD-395,,,
/Volumes/disk/G/Adult,G/GENM/GENM-025/GENM-025.mp4,GENM-025,/v/14JJZ,1,
/Volumes/disk/J/Adult,G/GENM/GENM-100/GENM-100.mp4,GENM-100,/v/pMQRk,1,
/Volumes/disk/D/Adult,unclass/GESY-013/gesy-013.mp4,GESY-013,/v/ak6kkR,1,
/Volumes/disk/J/Adult,G/GESY/GESY-014/GESY-014.mp4,GESY-014,/v/qD6gJ3,1,
/Volumes/disk/J/Adult,G/GME/GMEM-020/GMEM-020.mp4,GMEM-020,/v/QbGX8,1,
/Volumes/disk/J/Adult,G/GMEM/GMEM-020/GMEM-020.mp4,GMEM-020,/v/QbGX8,1,
/Volumes/disk/J/Adult,G/GMEM/GMEM-101/GMEM-101.mp4,GMEM-101,,,
/Volumes/disk/J/Adult,G/GNA/GNAB-047/GNAB-047.mp4,GNAB-047,,,
/Volumes/disk/D/Adult,unclass/GNI-005/gni-005.mp4,GNI-005,,,
/Volumes/disk/J/Adult,G/GS-2039/GS-2039.mp4,GS-2039,,,
/Volumes/disk/D/Adult,G/GSH/GSHR-106/GSHR-106.mp4,GSHR-106,,,
/Volumes/disk/J/Adult,G/GSREV/GSREV-006/GSREV-006.mp4,GSREV-006,,,
/Volumes/disk/G/Adult,G/GTJ/GTJ-069/GTJ-069.mp4,GTJ-069,,,
/Volumes/disk/J/Adult,G/GTJ/gtj-116/gtj-116.mp4,GTJ-116,/v/akwdGW,1,
/Volumes/disk/J/Adult,G/GVG/GVG-694/GVG-694.mp4,GVG-694,/v/29JYw,1,
/Volumes/disk/J/Adult,G/GVH/GVH-014/GVH-014.mp4,GVH-014,/v/zPrx6,1,
/Volumes/disk/J/Adult,G/GVH/GVH-181/GVH-181.mp4,GVH-181,/v/zQ43z,1,
/Volumes/disk/J/Adult,G/GVH/GVH-290/GVH-290.mp4,GVH-290,/v/YJQKb,1,
/Volumes/disk/J/Adult,G/GVH/GVH-327/GVH-327.mp4,GVH-327,,,
/Volumes/disk/G/Adult,G/GVH/GVH-328/GVH-328.mp4,GVH-328,,,
/Volumes/disk/J/Adult,G/GVH/GVH-356/GVH-356.mp4,GVH-356,/v/b1zEg,1,
/Volumes/disk/J/Adult,G/GVH/GVH-369/GVH-369.mp4,GVH-369,/v/APkO0,1,
/Volumes/disk/J/Adult,G/GVH/GVH-370/GVH-370.mp4,GVH-370,,,
/Volumes/disk/D/Adult,G/GVH/GVH-395/GVH-395.mp4,GVH-395,/v/RVb7n,1,
/Volumes/disk/J/Adult,G/GVH/GVH-395/GVH-395.mp4,GVH-395,/v/RVb7n,1,
/Volumes/disk/G/Adult,G/GVH/GVH-405/GVH-405.mp4,GVH-405,/v/5QWKa,1,
/Volumes/disk/J/Adult,G/GVH/GVH-422/GVH-422.mp4,GVH-422,/v/E8Obd,1,
/Volumes/disk/J/Adult,G/GVH/GVH-469/GVH-469.mp4,GVH-469,/v/K4K9ZQ,1,
/Volumes/disk/J/Adult,G/GVH/gvh-517/gvh-517.mp4,GVH-517,,,
/Volumes/disk/J/Adult,G/GVH-526/GVH-526.mp4,GVH-526,/v/xv6a0P,1,
/Volumes/disk/G/Adult,G/GVH/GVH-531/GVH-531.mp4,GVH-531,,,
/Volumes/disk/G/Adult,G/GVH/GVH-532/GVH-532.mp4,GVH-532,/v/O26O2z,1,
/Volumes/disk/J/Adult,G/GVH/GVH-551/GVH-551.mp4,GVH-551,,,
/Volumes/disk/J/Adult,G/GVH/GVH-566/GVH-566.mp4,GVH-566,,,
/Volumes/disk/J/Adult,G/GVH/GVH-580/GVH-580.mp4,GVH-580,/v/NwWx6w,1,
/Volumes/disk/J/Adult,G/GVH/GVH-587/GVH-587.mp4,GVH-587,,,
/Volumes/disk/J/Adult,G/gvh-600/gvh-600.mp4,GVH-600,,,
/Volumes/disk/D/Adult,unclass/GVH-726/gvh-726.mp4,GVH-726,/v/pkPBx9,1,
/Volumes/disk/J/Adult,H/HAK/HAKC-016/HAKC-016.mp4,HAKC-016,/v/8Va04d,1,
/Volumes/disk/J/Adult,H/HAWA-304-U/HAWA-304.mp4,HAWA-304,/v/0RKP1E,1,
/Volumes/disk/G/Adult,H/HBAD/HBAD-640/HBAD-640.mp4,HBAD-640,,,
/Volumes/disk/J/Adult,H/HBAD-669-C/HBAD-669.mp4,HBAD-669,,,
/Volumes/disk/D/Adult,unclass/HEO-016/heo-016.mp4,HEO-016,/v/QVOQ6q,1,
/Volumes/disk/G/Adult,H/HEYZO/HEYZO-0917/HEYZO-0917.mp4,HEYZO-0917,,,
/Volumes/disk/D/Adult,H/HEY/heyzo-1031/heyzo-1031.mp4,HEYZO-1031,,,
/Volumes/disk/G/Adult,H/HEYZO/HEYZO-1031/HEYZO-1031.mp4,HEYZO-1031,,,
/Volumes/disk/G/Adult,H/HEYZO/HEYZO-1103/HEYZO-1103.mp4,HEYZO-1103,,,
/Volumes/disk/D/Adult,H/HEY/HEYZO-1751/HEYZO-1751.mp4,HEYZO-1751,,,
/Volumes/disk/D/Adult,unclass/HEYZO-3305/heyzo-3305.mp4,HEYZO-3305,,,
/Volumes/disk/G/Adult,H/HHKL/HHKL-068/HHKL-068.mp4,HHKL-068,/v/vRdEn,1,
/Volumes/disk/J/Adult,H/HIGR/HIGR-047/HIGR-047.mp4,HIGR-047,,,
/Volumes/disk/J/Adult,H/HIK/hikr-148/hikr-148.mp4,HIKR-148,,,
/Volumes/disk/J/Adult,H/HIKR-192/HIKR-192.mp4,HIKR-192,,,
/Volumes/disk/G/Adult,H/HINKI/HINKI-119/HINKI-119.mp4,HINKI-119,,,
/Volumes/disk/D/Adult,H/HIN/HINKI-147/HINKI-147.mp4,HINKI-147,,,
/Volumes/disk/G/Adult,H/HJD/HJD-180701/HJD-180701.mp4,HJD-180701,,,
/Volumes/disk/G/Adult,H/HJMO/HJMO-447/HJMO-447.mp4,HJMO-447,/v/RPONm,1,
/Volumes/disk/G/Adult,H/HJMO/HJMO-499/HJMO-499.mp4,HJMO-499,/v/QX388,1,
/Volumes/disk/G/Adult,H/HJMO/HJMO-511/HJMO-511.mp4,HJMO-511,/v/76qrXV,1,
/Volumes/disk/J/Adult,H/HJMO/HJMO-511/HJMO-511.mp4,HJMO-511,/v/76qrXV,1,
/Volumes/disk/J/Adult,H/HJMO/HJMO-613/HJMO-613.mp4,HJMO-613,/v/PQeAVr,1,
/Volumes/disk/J/Adult,H/HJMO-625/HJMO-625.mp4,HJMO-625,/v/k46bpe,1,
/Volumes/disk/J/Adult,H/HKD/HKD-002/HKD-002.mp4,HKD-002,/v/deNz8,1,
/Volumes/disk/G/Adult,H/HMDNV/HMDNV-381/HMDNV-381.mp4,HMDNV-381,/v/rmnVAZ,1,
/Volumes/disk/J/Adult,H/HMDNV/HMDNV-595/HMDNV-595.mp4,HMDNV-595,/v/yrw66Z,1,
/Volumes/disk/G/Adult,H/HMN/HMN-075/HMN-075.mp4,HMN-075,,,
/Volumes/disk/G/Adult,H/HMN/HMN-076/HMN-076.mp4,HMN-076,/v/pAZX9,1,
/Volumes/disk/J/Adult,H/HMN/HMN-102/HMN-102.mp4,HMN-102,/v/Vb1PD,1,
/Volumes/disk/J/Adult,H/HMN/HMN-108/HMN-108.mp4,HMN-108,/v/AgW2e,1,
/Volumes/disk/D/Adult,H/HMN/HMN-114/HMN-114.mp4,HMN-114,,,
/Volumes/disk/G/Adult,H/HMN/HMN-168/HMN-168.mp4,HMN-168,/v/N8BwG,1,
/Volumes/disk/J/Adult,H/HMN-168/HMN-168.mp4,HMN-168,/v/N8BwG,1,
/Volumes/disk/J/Adult,H/HMN/HMN-168/HMN-168.mp4,HMN-168,/v/N8BwG,1,
/Volumes/disk/G/Adult,H/HMN/HMN-179/HMN-179.mp4,HMN-179,/v/p0bnm,1,
/Volumes/disk/G/Adult,H/HMN/HMN-189/HMN-189.mp4,HMN-189,/v/wr6Zm,1,
/Volumes/disk/G/Adult,H/HMN/HMN-216/HMN-216.mp4,HMN-216,,,
/Volumes/disk/D/Adult,H/HMN/HMN-221/HMN-221.mp4,HMN-221,/v/1BbPJJ,1,
/Volumes/disk/G/Adult,H/HMN/HMN-233/HMN-233.mp4,HMN-233,,,
/Volumes/disk/J/Adult,H/HMN/HMN-244/HMN-244.mp4,HMN-244,,,
/Volumes/disk/J/Adult,H/HMN/HMN-270/HMN-270.mp4,HMN-270,,,
/Volumes/disk/J/Adult,H/HMN/HMN-273/HMN-273.mp4,HMN-273,/v/g0q8kZ,1,
/Volumes/disk/J/Adult,H/HMN/HMN-275-C_X1080X/HMN-275.mp4,HMN-275,,,
/Volumes/disk/J/Adult,H/HMN/HMN-290/HMN-290.mp4,HMN-290,,,
/Volumes/disk/J/Adult,H/HMN/HMN-315/HMN-315.mp4,HMN-315,/v/Vw9ExX,1,
/Volumes/disk/J/Adult,H/hmn-325/hmn-325.mp4,HMN-325,/v/ZX0ODX,1,
/Volumes/disk/D/Adult,H/HMN/HMN-343/HMN-343.mp4,HMN-343,/v/YnOYAK,1,
/Volumes/disk/D/Adult,H/HMN/HMN-362/HMN-362.mp4,HMN-362,/v/45R83p,1,
/Volumes/disk/J/Adult,H/HMN/HMN-382/HMN-382.mp4,HMN-382,,,
/Volumes/disk/J/Adult,H/HMN/HMN-394/HMN-394.mp4,HMN-394,/v/1B16DY,1,
/Volumes/disk/D/Adult,H/HMN/HMN-402/HMN-402.mp4,HMN-402,,,
/Volumes/disk/D/Adult,H/HMN/HMN-408/HMN-408.mp4,HMN-408,,,
/Volumes/disk/D/Adult,H/HMN/hmn-416/hmn-416.mp4,HMN-416,/v/O2kEZK,1,
/Volumes/disk/J/Adult,H/HMN/HMN-422-C/HMN-422.mp4,HMN-422,,,
/Volumes/disk/D/Adult,H/HMN/HMN-433/HMN-433.mp4,HMN-433,,,
/Volumes/disk/J/Adult,H/HMN/HMN-455/HMN-455.mp4,HMN-455,,,
/Volumes/disk/J/Adult,H/HMN/HMN-465/HMN-465.mp4,HMN-465,,,
/Volumes/disk/J/Adult,H/HMN/HMN-475/HMN-475.mp4,HMN-475,,,
/Volumes/disk/J/Adult,H/HMN/HMN-485/HMN-485.mp4,HMN-485,,,
/Volumes/disk/J/Adult,H/HMN/HMN-497/HMN-497.mp4,HMN-497,,,
/Volumes/disk/D/Adult,unclass/HMN-586/hmn-586.mp4,HMN-586,/v/bKKg4B,1,
/Volumes/disk/D/Adult,unclass/HMN-653/hmn-653.mp4,HMN-653,/v/WwQ3d7,1,
/Volumes/disk/D/Adult,unclass/hmn-674/hmn-674.mp4,HMN-674,/v/kKBwDV,1,
/Volumes/disk/J/Adult,H/HND/HND-653/HND-653.mp4,HND-653,,,
/Volumes/disk/G/Adult,H/HND/HND-673/HND-673.mp4,HND-673,,,
/Volumes/disk/G/Adult,H/HND/HND-825/HND-825.mp4,HND-825,,,
/Volumes/disk/G/Adult,H/HND/HND-880/HND-880.mp4,HND-880,,,
/Volumes/disk/G/Adult,H/HND/HND-934/HND-934.mp4,HND-934,,,
/Volumes/disk/D/Adult,unclass/HNDB-226/hndb-226.mp4,HNDB-226,/v/0R66RE,1,
/Volumes/disk/J/Adult,H/HNDB/HNDB-226/HNDB-226.mp4,HNDB-226,/v/0R66RE,1,
/Volumes/disk/D/Adult,unclass/HNDB-259/hndb-259.mp4,HNDB-259,,,
/Volumes/disk/J/Adult,H/HODV/HODV-21578/HODV-21578.mp4,HODV-21578,,,
/Volumes/disk/D/Adult,H/HOD/HODV-21782/HODV-21782.mp4,HODV-21782,/v/k4Z8yP,1,
/Volumes/disk/G/Adult,H/HOI/HOI-181/HOI-181.mp4,HOI-181,/v/Z8bRA,1,
/Volumes/disk/J/Adult,H/HOIZ-056/HOIZ-056.mp4,HOIZ-056,/v/9DWPN8,1,
/Volumes/disk/J/Adult,H/HOMA-134-C/HOMA-134.mp4,HOMA-134,,,
/Volumes/disk/J/Adult,H/HONB/HONB-257/HONB-257.mp4,HONB-257,,,
/Volumes/disk/J/Adult,H/HONB-300/HONB-300.mp4,HONB-300,,,
/Volumes/disk/J/Adult,H/HRSM-008/HRSM-008.mp4,HRSM-008,/v/B83P19,1,
/Volumes/disk/J/Adult,H/HRSM-011/HRSM-011.mp4,HRSM-011,/v/5EgDxp,1,
/Volumes/disk/G/Adult,H/HRV/HRV-039/HRV-039.mp4,HRV-039,/v/1KRyZ,1,
/Volumes/disk/G/Adult,H/HRX/HRX-002/HRX-002.mp4,HRX-002,,,
/Volumes/disk/J/Adult,H/HUNBL/HUNBL-001/HUNBL-001.mp4,HUNBL-001,/v/pzrO9,1,
/Volumes/disk/J/Adult,H/HUNBL/HUNBL-005/HUNBL-005.mp4,HUNBL-005,/v/DXY2a,1,
/Volumes/disk/J/Adult,H/HUNBL/HUNBL-007/HUNBL-007.mp4,HUNBL-007,/v/DXnJ2,1,
/Volumes/disk/J/Adult,H/HUNBL/HUNBL-021/HUNBL-021.mp4,HUNBL-021,/v/GKrE2,1,
/Volumes/disk/J/Adult,H/HUNBL/HUNBL-028/HUNBL-028.mp4,HUNBL-028,/v/WW93Q,1,
/Volumes/disk/J/Adult,H/HUNBL/HUNBL-057/HUNBL-057.mp4,HUNBL-057,/v/3m7Z0,1,
/Volumes/disk/J/Adult,H/HUNBL/HUNBL-069/HUNBL-069.mp4,HUNBL-069,/v/0QBXb,1,
/Volumes/disk/J/Adult,H/HUNBL/HUNBL-077/HUNBL-077.mp4,HUNBL-077,/v/30eDe,1,
/Volumes/disk/J/Adult,H/HUNBL/HUNBL-082/HUNBL-082.mp4,HUNBL-082,/v/E3pWJ,1,
/Volumes/disk/J/Adult,H/HUNBL/HUNBL-087/HUNBL-087.mp4,HUNBL-087,/v/WYveZ,1,
/Volumes/disk/J/Adult,H/HUNBL/HUNBL-093/HUNBL-093.mp4,HUNBL-093,/v/RNq94,1,
/Volumes/disk/J/Adult,H/HUNBL/HUNBL-098/HUNBL-098.mp4,HUNBL-098,/v/Wx7yq,1,
/Volumes/disk/J/Adult,H/HUNBL/HUNBL-108/HUNBL-108.mp4,HUNBL-108,,,
/Volumes/disk/J/Adult,H/HUNBL/HUNBL-112/HUNBL-112.mp4,HUNBL-112,/v/W1VyWK,1,
/Volumes/disk/J/Adult,H/HUNBL/HUNBL-120/HUNBL-120.mp4,HUNBL-120,/v/g0D0EQ,1,
/Volumes/disk/G/Adult,H/HUNBL/HUNBL-122/HUNBL-122.mp4,HUNBL-122,/v/VwzJdA,1,
/Volumes/disk/J/Adult,H/HUNBL/HUNBL-125/HUNBL-125.mp4,HUNBL-125,,,
/Volumes/disk/J/Adult,H/HUNBL/HUNBL-133/HUNBL-133.mp4,HUNBL-133,/v/XWvgYb,1,
/Volumes/disk/J/Adult,H/HUNBL/HUNBL-135/HUNBL-135.mp4,HUNBL-135,/v/bAdP90,1,
/Volumes/disk/J/Adult,H/HUNBL/HUNBL-138/HUNBL-138.mp4,HUNBL-138,,,
/Volumes/disk/J/Adult,H/HUNBL/HUNBL-139/HUNBL-139.mp4,HUNBL-139,,,
/Volumes/disk/J/Adult,H/HUNBL/HUNBL-142/HUNBL-142.mp4,HUNBL-142,,,
/Volumes/disk/J/Adult,H/HUNBL/HUNBL-146/HUNBL-146.mp4,HUNBL-146,,,
/Volumes/disk/J/Adult,H/HUNBL/HUNBL-152/HUNBL-152.mp4,HUNBL-152,,,
/Volumes/disk/J/Adult,H/HUNTB/HUNBL-154/HUNBL-154.mp4,HUNBL-154,/v/5EVzP7,1,
/Volumes/disk/J/Adult,H/HUNTB/HUNBL-155/HUNBL-155.mp4,HUNBL-155,/v/rmW1ZR,1,
/Volumes/disk/J/Adult,H/HUNTB/HUNBL-156/HUNBL-156.mp4,HUNBL-156,/v/g0Y1ng,1,
/Volumes/disk/J/Adult,H/HUN/HUNTA-789/HUNTA-789.mp4,HUNTA-789,/v/5NeaM,1,
/Volumes/disk/G/Adult,H/HUNTA/HUNTA-798/HUNTA-798.mp4,HUNTA-798,/v/1x68J,1,
/Volumes/disk/D/Adult,H/HUN/HUNTB-103/HUNTB-103.mp4,HUNTB-103,/v/PR6m9,1,
/Volumes/disk/J/Adult,H/HUNTB-141/HUNTB-141.mp4,HUNTB-141,/v/Mev2Q,1,
/Volumes/disk/J/Adult,H/HUNTB/HUNTB-171/HUNTB-171.mp4,HUNTB-171,/v/9b848,1,
/Volumes/disk/D/Adult,H/HUN/HUNTB-198/HUNTB-198.mp4,HUNTB-198,/v/WD6VZ,1,
/Volumes/disk/J/Adult,H/HUNTB/HUNTB-317/HUNTB-317.mp4,HUNTB-317,/v/09qz3,1,
/Volumes/disk/J/Adult,H/HUNTB/HUNTB-367/HUNTB-367.mp4,HUNTB-367,/v/p3P10k,1,
/Volumes/disk/D/Adult,H/HUN/HUNTB-368/HUNTB-368.mp4,HUNTB-368,,,
/Volumes/disk/J/Adult,H/HUNTB/HUNTB-383/HUNTB-383.mp4,HUNTB-383,/v/ZXdKP7,1,
/Volumes/disk/J/Adult,H/HUNTB/HUNTB-391/HUNTB-391.mp4,HUNTB-391,/v/E2qq22,1,
/Volumes/disk/J/Adult,H/HUNTB/HUNTB-402/HUNTB-402.mp4,HUNTB-402,/v/xvrMaE,1,
/Volumes/disk/G/Adult,H/HUNTB/HUNTB-407/HUNTB-407.mp4,HUNTB-407,/v/qDnPar,1,
/Volumes/disk/J/Adult,H/HUNTB/HUNTB-430/HUNTB-430.mp4,HUNTB-430,/v/eK7Bqd,1,
/Volumes/disk/G/Adult,H/HUNTB/HUNTB-451/HUNTB-451.mp4,HUNTB-451,/v/B8Xk1A,1,
/Volumes/disk/J/Adult,H/HUNTB/HUNTB-458/HUNTB-458.mp4,HUNTB-458,/v/akPN1r,1,
/Volumes/disk/J/Adult,H/HUNTB/HUNTB-467/HUNTB-467.mp4,HUNTB-467,/v/352mxz,1,
/Volumes/disk/D/Adult,H/HUN/HUNTB-472/HUNTB-472.mp4,HUNTB-472,/v/76aWp1,1,
/Volumes/disk/J/Adult,H/HUNTB/HUNTB-538/HUNTB-538.mp4,HUNTB-538,,,
/Volumes/disk/D/Adult,H/HUN/huntb-584/huntb-584.mp4,HUNTB-584,/v/QV8Edp,1,
/Volumes/disk/J/Adult,H/HUNTB/HUNTB-625/HUNTB-625.mp4,HUNTB-625,,,
/Volumes/disk/J/Adult,H/HUNTB/HUNTB-635/HUNTB-635.mp4,HUNTB-635,/v/MmGbnX,1,
/Volumes/disk/D/Adult,H/HUN/HUNTB-655/HUNTB-655.mp4,HUNTB-655,,,
/Volumes/disk/D/Adult,H/HUN/HUNTB-656/HUNTB-656.mp4,HUNTB-656,/v/MmwA47,1,
/Volumes/disk/J/Adult,H/HUNTB/huntb-735/huntb-735.mp4,HUNTB-735,/v/xvqMkE,1,
/Volumes/disk/G/Adult,H/HYBR/HYBR-002/HYBR-002.mp4,HYBR-002,,,
/Volumes/disk/J/Adult,I/IBW/IBW-736/IBW-736.mp4,IBW-736,,,
/Volumes/disk/D/Adult,I/IBW/IBW-858/IBW-858.mp4,IBW-858,/v/NDkkg,1,
/Volumes/disk/D/Adult,I/IBW/IBW-889/IBW-889.mp4,IBW-889,/v/GMJDv2,1,
/Volumes/disk/J/Adult,I/IBW-911Z/IBW-911Z.mp4,IBW-911Z,,,
/Volumes/disk/J/Adult,I/IBW/IBW-931/IBW-931.mp4,IBW-931,,,
/Volumes/disk/J/Adult,I/idbd00835A/idbd00835A..mp4,IDBD-00835A,,,
/Volumes/disk/J/Adult,I/idbd-786/[44x.me]idbd-786-2.mp4,IDBD-786,/v/vWqQb,1,
/Volumes/disk/J/Adult,I/idbd-786/[44x.me]idbd-786.mp4,IDBD-786,/v/vWqQb,1,
/Volumes/disk/J/Adult,I/IDB/IDBD-836/IDBD-836.mp4,IDBD-836,/v/MZAVv,1,
/Volumes/disk/D/Adult,I/IDB/IDBD-870/IDBD-870.mp4,IDBD-870,/v/p8Jaw,1,
/Volumes/disk/D/Adult,I/IDB/IDBD-875/IDBD-875.mp4,IDBD-875,/v/353VDw,1,
/Volumes/disk/G/Adult,I/IDBD/IDBD-875/IDBD-875.mp4,IDBD-875,/v/353VDw,1,
/Volumes/disk/J/Adult,I/IDB/IDBD-989/IDBD-989.mp4,IDBD-989,/v/vRW2z,1,
/Volumes/disk/J/Adult,I/IENF/IENF-140/IENF-140.mp4,IENF-140,/v/ddRDa,1,
/Volumes/disk/J/Adult,I/IENF-209/IENF-209.mp4,IENF-209,/v/XP0rV,1,
/Volumes/disk/G/Adult,I/IENF/IENF-228/IENF-228.mp4,IENF-228,,,
/Volumes/disk/J/Adult,I/IENF-228/IENF-228.mp4,IENF-228,,,
/Volumes/disk/J/Adult,I/IENF-229/IENF-229.mp4,IENF-229,/v/355Pr3,1,
/Volumes/disk/J/Adult,I/IENF-244-C/IENF-244.mp4,IENF-244,,,
/Volumes/disk/J/Adult,I/IEN/ienf-258/ienf-258.mp4,IENF-258,/v/B85r64,1,
/Volumes/disk/J/Adult,I/IENF/IENF-268/IENF-268.mp4,IENF-268,/v/XWw56P,1,
/Volumes/disk/J/Adult,I/IENF/IENF-28103/IENF-28103.mp4,IENF-28103,,,
/Volumes/disk/J/Adult,I/IENF-304/IENF-304.mp4,IENF-304,,,
/Volumes/disk/J/Adult,I/IENFH/IENFH-092/IENFH-092.mp4,IENFH-092,,,
/Volumes/disk/J/Adult,I/IENFH/IENFH-108/IENFH-108.mp4,IENFH-108,/v/J2Wk6B,1,
/Volumes/disk/J/Adult,I/IENFH/IENFH-109/IENFH-109.mp4,IENFH-109,,,
/Volumes/disk/J/Adult,I/IESP/IESP-689/IESP-689.mp4,IESP-689,/v/ZBw4v,1,
/Volumes/disk/J/Adult,I/IESP/IESP-698/IESP-698.mp4,IESP-698,,,
/Volumes/disk/J/Adult,I/IESP/IESP-700/IESP-700.mp4,IESP-700,,,
/Volumes/disk/J/Adult,I/IESP/IESP-705/IESP-705.mp4,IESP-705,,,
/Volumes/disk/G/Adult,I/IESP/IESP-707/IESP-707.mp4,IESP-707,/v/QVWw87,1,
/Volumes/disk/J/Adult,I/IESP-707/IESP-707.mp4,IESP-707,/v/QVWw87,1,
/Volumes/disk/G/Adult,I/IESP/IESP-708/IESP-708.mp4,IESP-708,,,
/Volumes/disk/J/Adult,I/IESP-715/IESP-715.mp4,IESP-715,/v/J2y54R,1,
/Volumes/disk/D/Adult,I/IES/IESP-719/IESP-719.mp4,IESP-719,/v/AzpJRP,1,
/Volumes/disk/J/Adult,I/IESP/IESP-722/IESP-722.mp4,IESP-722,/v/qDBvEe,1,
/Volumes/disk/J/Adult,I/IESP/IESP-727/IESP-727.mp4,IESP-727,,,
/Volumes/disk/J/Adult,I/IESP-731-C_GG5/IESP-731.mp4,IESP-731,,,
/Volumes/disk/D/Adult,I/IMB/IMBD-419/IMBD-419.mp4,IMBD-419,,,
/Volumes/disk/D/Adult,I/IND/IND-017/IND-017.mp4,IND-017,,,
/Volumes/disk/D/Adult,I/IND/IND-078/IND-078.mp4,IND-078,,,
/Volumes/disk/D/Adult,I/IND/IND-102/IND-102.mp4,IND-102,,,
/Volumes/disk/J/Adult,I/IND/IND-105/IND-105.mp4,IND-105,/v/g0p8py,1,
/Volumes/disk/D/Adult,I/IND/IND-121/IND-121.mp4,IND-121,/v/xvQ3P6,1,
/Volumes/disk/J/Adult,I/inon-005/inon-005.mp4,INON-005,/v/YnpB8K,1,
/Volumes/disk/G/Adult,I/INST/INST-220/INST-220.mp4,INST-220,/v/NGWK3,1,
/Volumes/disk/J/Adult,I/INSTC/INSTC-251/INSTC-251.mp4,INSTC-251,,,
/Volumes/disk/G/Adult,I/INSTV/INSTV-362/INSTV-362.mp4,INSTV-362,,,
/Volumes/disk/G/Adult,I/INSTV/INSTV-399/INSTV-399.mp4,INSTV-399,/v/RdZP2n,1,
/Volumes/disk/J/Adult,0/413INSTV-408/413INSTV-408.mp4,INSTV-408,,,
/Volumes/disk/J/Adult,I/IPBZ-002-U/IPBZ-002.mp4,IPBZ-002,/v/wqb2YB,1,
/Volumes/disk/J/Adult,I/IPBZ/IPBZ-004/IPBZ-004.mp4,IPBZ-004,/v/MmG7M4,1,
/Volumes/disk/J/Adult,I/ipit-019-C/ipit-019.mp4,IPIT-019,,,
/Volumes/disk/J/Adult,I/IPI/ipit-035/ipit-035.mp4,IPIT-035,,,
/Volumes/disk/J/Adult,I/IPIT-045-C/IPIT-045.mp4,IPIT-045,,,
/Volumes/disk/J/Adult,I/IPTD/IPTD-624/IPTD-624.mp4,IPTD-624,/v/GMYmz,1,
/Volumes/disk/G/Adult,I/IPTD/IPTD-722/IPTD-722.mp4,IPTD-722,/v/B0mA,1,
/Volumes/disk/G/Adult,I/IPTD/IPTD-813/IPTD-813.wmv,IPTD-813,/v/NQgVx,1,
/Volumes/disk/J/Adult,VR/ipvr-214/ipvr-214-2.mp4,IPVR-214,/v/5EvZO8,1,
/Volumes/disk/J/Adult,VR/ipvr-214/ipvr-214-3.mp4,IPVR-214,/v/5EvZO8,1,
/Volumes/disk/J/Adult,VR/ipvr-214/ipvr-214-4.mp4,IPVR-214,/v/5EvZO8,1,
/Volumes/disk/J/Adult,VR/ipvr-214/ipvr-214.mp4,IPVR-214,/v/5EvZO8,1,
/Volumes/disk/D/Adult,I/IPX/IPX-0001/IPX-0001.mp4,IPX-0001,,,
/Volumes/disk/D/Adult,I/IPX/IPX-0003/IPX-0003.mp4,IPX-0003,,,
/Volumes/disk/D/Adult,I/IPX/IPX-0004/IPX-0004.mp4,IPX-0004,,,
/Volumes/disk/D/Adult,I/IPX/IPX-0005/IPX-0005.mp4,IPX-0005,,,
/Volumes/disk/D/Adult,I/IPX/ipx-002/ipx-002.mp4,IPX-002,/v/kKKdY,1,
/Volumes/disk/D/Adult,I/IPX/IPX-034/IPX-034.mp4,IPX-034,/v/mOOwy,1,
/Volumes/disk/D/Adult,I/IPX/IPX-104/IPX-104.mp4,IPX-104,/v/Www27,1,
/Volumes/disk/G/Adult,I/IPX/IPX-118/IPX-118.mp4,IPX-118,/v/GZZgQ,1,
/Volumes/disk/J/Adult,I/IPX-143-C/IPX-143.mp4,IPX-143,/v/pky0E,1,
/Volumes/disk/D/Adult,I/IPX/IPX-149/IPX-149.mp4,IPX-149,/v/wKb4n,1,
/Volumes/disk/D/Adult,I/IPX/IPX-159/IPX-159.mp4,IPX-159,/v/kK8ne,1,
/Volumes/disk/J/Adult,I/IPX-176-C/IPX-176.mp4,IPX-176,/v/kKV2Y,1,
/Volumes/disk/D/Adult,I/IPX/IPX-177/IPX-177.mp4,IPX-177,/v/0ez7k,1,
/Volumes/disk/J/Adult,I/IPX-192-C/IPX-192.mp4,IPX-192,/v/QNK8p,1,
/Volumes/disk/D/Adult,I/IPX/IPX-193/IPX-193.mp4,IPX-193,/v/bygma,1,
/Volumes/disk/D/Adult,I/IPX/IPX-203/IPX-203.mp4,IPX-203,/v/WQ3x8,1,
/Volumes/disk/G/Adult,I/IPX/IPX-205/IPX-205.mp4,IPX-205,/v/8NEm5,1,
/Volumes/disk/G/Adult,I/IPX/IPX-216/IPX-216.mp4,IPX-216,/v/82nJE,1,
/Volumes/disk/D/Adult,I/IPX/IPX-232/IPX-232.mp4,IPX-232,/v/ZNErV,1,
/Volumes/disk/D/Adult,I/IPX/IPX-235/IPX-235.mp4,IPX-235,/v/a4yJ4,1,
/Volumes/disk/G/Adult,I/IPX/IPX-238/IPX-238.mp4,IPX-238,/v/6xqBa,1,
/Volumes/disk/G/Adult,I/IPX/IPX-243/IPX-243.mp4,IPX-243,/v/7BqNJ,1,
/Volumes/disk/G/Adult,I/IPX/IPX-247/IPX-247.mp4,IPX-247,/v/KmKGv,1,
/Volumes/disk/J/Adult,I/ipx-252-C/ipx-252.mp4,IPX-252,/v/nPRde,1,
/Volumes/disk/D/Adult,I/IPX/ipx-264/ipx-264.mp4,IPX-264,/v/a4Y4n,1,
/Volumes/disk/G/Adult,I/IPX/IPX-273/IPX-273.mp4,IPX-273,/v/PqNqJ,1,
/Volumes/disk/J/Adult,I/IPX/IPX-297/IPX-297.mp4,IPX-297,/v/NRGWg,1,
/Volumes/disk/G/Adult,I/IPX/IPX-305/IPX-305.mp4,IPX-305,/v/M6BxJ,1,
/Volumes/disk/D/Adult,I/IPX/IPX-321/IPX-321.mp4,IPX-321,/v/YeRgB,1,
/Volumes/disk/G/Adult,I/IPX/IPX-352/IPX-352.mp4,IPX-352,/v/8XnQd,1,
/Volumes/disk/G/Adult,I/IPX/IPX-353/IPX-353.mp4,IPX-353,/v/RKDeg,1,
/Volumes/disk/G/Adult,I/IPX/IPX-354/IPX-354.mp4,IPX-354,/v/mQ1Vn,1,
/Volumes/disk/G/Adult,I/IPX/IPX-358/IPX-358.mp4,IPX-358,/v/M6DeA,1,
/Volumes/disk/D/Adult,I/IPX/IPX-368/IPX-368.mp4,IPX-368,/v/M6zeA,1,
/Volumes/disk/G/Adult,I/IPX/IPX-368/IPX-368.mp4,IPX-368,/v/M6zeA,1,
/Volumes/disk/D/Adult,I/IPX/IPX-372/IPX-372.mp4,IPX-372,/v/v47mz,1,
/Volumes/disk/J/Adult,I/IPX/IPX-385-U/IPX-385.mp4,IPX-385,/v/1yJqJ,1,
/Volumes/disk/D/Adult,I/IPX/IPX-387/IPX-387.mp4,IPX-387,/v/7KaeB,1,
/Volumes/disk/D/Adult,I/IPX/IPX-398/IPX-398.mp4,IPX-398,/v/9evpq,1,
/Volumes/disk/G/Adult,I/IPX/IPX-398/IPX-398.mp4,IPX-398,/v/9evpq,1,
/Volumes/disk/J/Adult,I/IPX/IPX-400-U/IPX-400.mp4,IPX-400,/v/RGwXK,1,
/Volumes/disk/J/Adult,I/IPX/ipx-400/ipx-400.mp4,IPX-400,/v/RGwXK,1,
/Volumes/disk/D/Adult,I/IPX/ipx-402/ipx-402.mp4,IPX-402,/v/AE6nq,1,
/Volumes/disk/G/Adult,I/IPX/IPX-402/IPX-402.mp4,IPX-402,/v/AE6nq,1,
/Volumes/disk/G/Adult,I/IPX/IPX-405/IPX-405.mp4,IPX-405,/v/MYWnJ,1,
/Volumes/disk/G/Adult,I/IPX/IPX-413/IPX-413.mp4,IPX-413,,,
/Volumes/disk/D/Adult,I/IPX/IPX-416/IPX-416.mp4,IPX-416,/v/NP2Ag,1,
/Volumes/disk/G/Adult,I/IPX/IPX-417/IPX-417.mp4,IPX-417,/v/G4z1z,1,
/Volumes/disk/G/Adult,I/IPX/IPX-418/IPX-418.mp4,IPX-418,/v/WVyBK,1,
/Volumes/disk/G/Adult,I/IPX/IPX-439/IPX-439.mp4,IPX-439,/v/5bnD6,1,
/Volumes/disk/G/Adult,I/IPX/IPX-442/IPX-442.mp4,IPX-442,/v/RXkAR,1,
/Volumes/disk/G/Adult,I/IPX/IPX-451/IPX-451.mp4,IPX-451,/v/Gn1nJ,1,
/Volumes/disk/G/Adult,I/IPX/IPX-462/IPX-462.mp4,IPX-462,,,
/Volumes/disk/J/Adult,I/IPX/ipx-473-C/ipx-473.mp4,IPX-473,/v/Enpw2,1,
/Volumes/disk/D/Adult,I/IPX/IPX-528/IPX-528.mp4,IPX-528,/v/QRxJJ,1,
/Volumes/disk/G/Adult,I/IPX/IPX-528/IPX-528.mp4,IPX-528,/v/QRxJJ,1,
/Volumes/disk/D/Adult,I/IPX/ipx-534/ipx-534.mp4,IPX-534,/v/x9DQ6,1,
/Volumes/disk/G/Adult,I/IPX/IPX-534/IPX-534.mp4,IPX-534,/v/x9DQ6,1,
/Volumes/disk/G/Adult,I/IPX/IPX-535/IPX-535.mp4,IPX-535,/v/XzkY4,1,
/Volumes/disk/G/Adult,I/IPX/IPX-536/IPX-536.mp4,IPX-536,/v/bzB9g,1,
/Volumes/disk/J/Adult,I/IPX/IPX-536/IPX-536.mp4,IPX-536,/v/bzB9g,1,
/Volumes/disk/G/Adult,I/IPX/IPX-539/IPX-539.mp4,IPX-539,/v/zZw44,1,
/Volumes/disk/G/Adult,I/IPX/IPX-557/IPX-557.mp4,IPX-557,/v/W4dNe,1,
/Volumes/disk/G/Adult,I/IPX/IPX-565/IPX-565.mkv,IPX-565,/v/mPVxn,1,
/Volumes/disk/J/Adult,I/IPX/ipx-565/ipx-565.mp4,IPX-565,/v/mPVxn,1,
/Volumes/disk/G/Adult,I/IPX/IPX-566/IPX-566.mp4,IPX-566,/v/AJe2y,1,
/Volumes/disk/G/Adult,I/IPX/IPX-573/IPX-573.mp4,IPX-573,,,
/Volumes/disk/D/Adult,I/IPX/IPX-580/IPX-580.mp4,IPX-580,/v/68YVQ,1,
/Volumes/disk/G/Adult,I/IPX/IPX-580/IPX-580.mp4,IPX-580,/v/68YVQ,1,
/Volumes/disk/D/Adult,I/IPX/ipx-581/ipx-581.mp4,IPX-581,/v/3AebN,1,
/Volumes/disk/G/Adult,I/IPX/IPX-581/IPX-581.mp4,IPX-581,/v/3AebN,1,
/Volumes/disk/J/Adult,I/IPX/IPX-581/IPX-581.mp4,IPX-581,/v/3AebN,1,
/Volumes/disk/G/Adult,I/IPX/IPX-582/IPX-582.mp4,IPX-582,/v/2k75X,1,
/Volumes/disk/D/Adult,I/IPX/IPX-588/IPX-588.mp4,IPX-588,/v/OqJ9K,1,
/Volumes/disk/D/Adult,I/IPX/ipx-588/ipx-588.mp4,IPX-588,/v/OqJ9K,1,
/Volumes/disk/G/Adult,I/IPX/IPX-588/IPX-588.mp4,IPX-588,/v/OqJ9K,1,
/Volumes/disk/J/Adult,I/IPX/IPX-598-U/IPX-598.mp4,IPX-598,/v/7a6mM,1,
/Volumes/disk/G/Adult,I/IPX/IPX-601/IPX-601.mp4,IPX-601,/v/OM2Ek,1,
/Volumes/disk/G/Adult,I/IPX/IPX-607/IPX-607.mp4,IPX-607,,,
/Volumes/disk/G/Adult,I/IPX/IPX-608/IPX-608.mp4,IPX-608,,,
/Volumes/disk/G/Adult,I/IPX/IPX-612/IPX-612.mp4,IPX-612,/v/p5WrZ,1,
/Volumes/disk/G/Adult,I/IPX/IPX-620/IPX-620.mp4,IPX-620,/v/Npm5x,1,
/Volumes/disk/D/Adult,I/IPX/ipx-627/ipx-627.mp4,IPX-627,/v/1JDBJ,1,
/Volumes/disk/G/Adult,I/IPX/IPX-634/IPX-634.mp4,IPX-634,,,
/Volumes/disk/G/Adult,I/IPX/IPX-637/IPX-637.mp4,IPX-637,,,
/Volumes/disk/G/Adult,I/IPX/IPX-638/IPX-638.mp4,IPX-638,,,
/Volumes/disk/G/Adult,I/IPX/IPX-641/IPX-641.mp4,IPX-641,/v/P0dyv,1,
/Volumes/disk/G/Adult,I/IPX/IPX-642/IPX-642.mp4,IPX-642,/v/am7Nq,1,
/Volumes/disk/D/Adult,I/IPX/IPX-643/IPX-643.mp4,IPX-643,/v/xPyxg,1,
/Volumes/disk/G/Adult,I/IPX/IPX-649/IPX-649.mp4,IPX-649,/v/n5mX9,1,
/Volumes/disk/G/Adult,I/IPX/IPX-650/IPX-650.mp4,IPX-650,,,
/Volumes/disk/D/Adult,I/IPX/IPX-660/IPX-660.mp4,IPX-660,/v/Arbam,1,
/Volumes/disk/G/Adult,I/IPX/IPX-660/IPX-660.mp4,IPX-660,/v/Arbam,1,
/Volumes/disk/D/Adult,I/IPX/ipx-666/ipx-666.mp4,IPX-666,/v/GYJ5b,1,
/Volumes/disk/J/Adult,I/IPX/ipx-677-C/ipx-677.mp4,IPX-677,/v/Z9296,1,
/Volumes/disk/D/Adult,I/IPX/IPX-680/IPX-680.mp4,IPX-680,/v/92N25,1,
/Volumes/disk/D/Adult,I/IPX/IPX-697/IPX-697.mp4,IPX-697,/v/V1AVq,1,
/Volumes/disk/D/Adult,I/IPX/ipx-714/ipx-714.mp4,IPX-714,/v/Avp9K,1,
/Volumes/disk/J/Adult,I/IPX/IPX-724/IPX-724.mp4,IPX-724,/v/5dDd7,1,
/Volumes/disk/J/Adult,I/IPX/IPX-725-U/IPX-725.mp4,IPX-725,/v/r8p8R,1,
/Volumes/disk/D/Adult,I/IPX/ipx-744/ipx-744.mp4,IPX-744,/v/8A84W,1,
/Volumes/disk/D/Adult,I/IPX/IPX-750/IPX-750.mp4,IPX-750,/v/pdMPw,1,
/Volumes/disk/G/Adult,I/IPX/IPX-760/IPX-760.mp4,IPX-760,/v/kXXmV,1,
/Volumes/disk/G/Adult,I/IPX/IPX-770/IPX-770.mp4,IPX-770,,,
/Volumes/disk/G/Adult,I/IPX/IPX-778/IPX-778.mp4,IPX-778,/v/k28R6,1,
/Volumes/disk/G/Adult,I/IPX/IPX-780/IPX-780.mp4,IPX-780,/v/MpM2P,1,
/Volumes/disk/J/Adult,I/IPX/IPX-782-C/IPX-782.mp4,IPX-782,/v/ZBwrJ,1,
/Volumes/disk/J/Adult,I/IPX/IPX-783/IPX-783.mp4,IPX-783,/v/YdBKd,1,
/Volumes/disk/G/Adult,I/IPX/IPX-784/IPX-784.mp4,IPX-784,/v/v25PG,1,
/Volumes/disk/D/Adult,I/IPX/ipx-795/ipx-795.mp4,IPX-795,/v/pBv0m,1,
/Volumes/disk/J/Adult,I/IPX/IPX-797/IPX-797.mp4,IPX-797,/v/8rK65,1,
/Volumes/disk/D/Adult,I/IPX/IPX-811/IPX-811.mp4,IPX-811,/v/QD3n9,1,
/Volumes/disk/D/Adult,I/IPX/IPX-819/IPX-819.mp4,IPX-819,/v/w16GD,1,
/Volumes/disk/J/Adult,I/IPX/IPX-826/IPX-826.mp4,IPX-826,/v/PaN2N,1,
/Volumes/disk/D/Adult,I/IPX/IPX-831/IPX-831.mp4,IPX-831,/v/Eapnd,1,
/Volumes/disk/G/Adult,I/IPX/IPX-831/IPX-831.mp4,IPX-831,/v/Eapnd,1,
/Volumes/disk/J/Adult,I/IPX/IPX-833/IPX-833.mp4,IPX-833,/v/3vdW3,1,
/Volumes/disk/J/Adult,I/IPX/IPX-835/IPX-835.mp4,IPX-835,/v/qEwbD,1,
/Volumes/disk/J/Adult,I/IPX/IPX-838/IPX-838.mp4,IPX-838,/v/PaNGv,1,
/Volumes/disk/D/Adult,I/IPX/ipx-850/ipx-850.mp4,IPX-850,/v/v7mwn,1,
/Volumes/disk/J/Adult,I/IPX/ipx-852/ipx-852.mp4,IPX-852,/v/DyeE3,1,
/Volumes/disk/D/Adult,I/IPX/ipx-867/ipx-867.mp4,IPX-867,/v/mZebM,1,
/Volumes/disk/D/Adult,I/IPX/ipx-868/ipx-868.mp4,IPX-868,/v/rAm4z,1,
/Volumes/disk/D/Adult,I/IPX/IPX-873/IPX-873.mp4,IPX-873,/v/RNd2g,1,
/Volumes/disk/G/Adult,I/IPX/IPX-901/IPX-901.mp4,IPX-901,/v/ePdgM,1,
/Volumes/disk/D/Adult,unclass/ipx-905-C/ipx-905-C.mp4,IPX-905,/v/OnOxB,1,
/Volumes/disk/J/Adult,xunlei/IPX-917-C/IPX-917.mp4,IPX-917,/v/0RRqyJ,1,
/Volumes/disk/D/Adult,I/IPX/IPX-922/IPX-922.mp4,IPX-922,/v/W11Y3Q,1,
/Volumes/disk/J/Adult,I/IPX/IPX-949-C/IPX-949.mp4,IPX-949,,,
/Volumes/disk/G/Adult,I/IPX/IPX-951/IPX-951.mp4,IPX-951,/v/76qGbB,1,
/Volumes/disk/D/Adult,I/IPX/IPX-956/IPX-956.mp4,IPX-956,/v/QVWz2G,1,
/Volumes/disk/J/Adult,I/IPX/IPX-980/IPX-980.mp4,IPX-980,/v/W1zJEq,1,
/Volumes/disk/G/Adult,I/IPX/IPX-981/IPX-981.mp4,IPX-981,/v/5Er8Ya,1,
/Volumes/disk/J/Adult,I/IPX/IPX-988-C/IPX-988.mp4,IPX-988,/v/K45mMQ,1,
/Volumes/disk/D/Adult,I/IPX/IPX-998/IPX-998.mp4,IPX-998,/v/NwpdJZ,1,
/Volumes/disk/D/Adult,I/IPZ/ipz-049/ipz-049.mp4,IPZ-049,,,
/Volumes/disk/D/Adult,I/IPZ/IPZ-196/IPZ-196.mp4,IPZ-196,,,
/Volumes/disk/D/Adult,I/IPZ/IPZ-337/IPZ-337.mp4,IPZ-337,,,
/Volumes/disk/D/Adult,I/IPZ/IPZ-363/IPZ-363.mp4,IPZ-363,,,
/Volumes/disk/D/Adult,I/IPZ/IPZ-381/IPZ-381.mp4,IPZ-381,/v/MA24,1,
/Volumes/disk/G/Adult,I/IPZ/IPZ-824/IPZ-824.mp4,IPZ-824,/v/K4P0O,1,
/Volumes/disk/J/Adult,I/IPZZ/ipz-883-C/ipz-883.mp4,IPZ-883,/v/MQ97,1,
/Volumes/disk/D/Adult,I/IPZ/IPZ-891/IPZ-891.mp4,IPZ-891,/v/Wwwgp,1,
/Volumes/disk/G/Adult,I/IPZ/IPZ-914/IPZ-914.mp4,IPZ-914,/v/8VOQW,1,
/Volumes/disk/G/Adult,I/IPZ/IPZ-933/IPZ-933.mp4,IPZ-933,/v/9DxVw,1,
/Volumes/disk/J/Adult,I/ipz-988/[Thz.la]ipz-988cd1.mp4,IPZ-988C,,,
/Volumes/disk/J/Adult,I/ipz-988/[Thz.la]ipz-988cd2.mp4,IPZ-988C,,,
/Volumes/disk/J/Adult,I/IPZZ/IPZZ-002-C/IPZZ-002.mp4,IPZZ-002,/v/9DwN06,1,
/Volumes/disk/D/Adult,I/IPZ/IPZZ-003/IPZZ-003.mp4,IPZZ-003,/v/VwkBdG,1,
/Volumes/disk/D/Adult,I/IPZ/IPZZ-012/IPZZ-012.mp4,IPZZ-012,/v/2ax9MB,1,
/Volumes/disk/G/Adult,I/IPZZ/IPZZ-014/IPZZ-014.mp4,IPZZ-014,/v/qDYQ06,1,
/Volumes/disk/J/Adult,I/IPZZ/IPZZ-030/IPZZ-030.mp4,IPZZ-030,,,
/Volumes/disk/G/Adult,I/IPZZ/IPZZ-033/IPZZ-033.mp4,IPZZ-033,/v/xvx9ZE,1,
/Volumes/disk/J/Adult,I/IPZZ/IPZZ-037-UC/IPZZ-037.mp4,IPZZ-037,/v/65G8DK,1,
/Volumes/disk/G/Adult,I/IPZZ/IPZZ-038/IPZZ-038.mp4,IPZZ-038,/v/358A60,1,
/Volumes/disk/D/Adult,I/IPZ/ipzz-053/ipzz-053.mp4,IPZZ-053,/v/8V1RrW,1,
/Volumes/disk/D/Adult,I/IPZ/IPZZ-054/IPZZ-054.mp4,IPZZ-054,/v/Rd9EB8,1,
/Volumes/disk/J/Adult,I/IPZZ/IPZZ-076/IPZZ-076.mp4,IPZZ-076,,,
/Volumes/disk/D/Adult,unclass/IPZZ-077-C/IPZZ-077-C.mp4,IPZZ-077,/v/meVea5,1,
/Volumes/disk/J/Adult,I/IPZZ/IPZZ-096-C/IPZZ-096.mp4,IPZZ-096,,,
/Volumes/disk/J/Adult,I/IPZZ/IPZZ-102/IPZZ-102.mp4,IPZZ-102,/v/PQN9ev,1,
/Volumes/disk/J/Adult,I/IPZZ/IPZZ-103/IPZZ-103.mp4,IPZZ-103,,,
/Volumes/disk/J/Adult,I/IPZZ/IPZZ-109/IPZZ-109.mp4,IPZZ-109,,,
/Volumes/disk/J/Adult,I/IPZ/IPZZ-117/IPZZ-117.mp4,IPZZ-117,/v/E2DDnd,1,
/Volumes/disk/J/Adult,I/IPZ/IPZZ-119/IPZZ-119.mp4,IPZZ-119,/v/35VVW3,1,
/Volumes/disk/J/Adult,I/IPZZ/IPZZ-139-C/IPZZ-139.mp4,IPZZ-139,,,
/Volumes/disk/J/Adult,I/IPZZ/IPZZ-157/IPZZ-157.mp4,IPZZ-157,,,
/Volumes/disk/D/Adult,unclass/IPZZ-163-C/IPZZ-163-C.mp4,IPZZ-163,,,
/Volumes/disk/J/Adult,I/IPZZ/IPZZ-174/IPZZ-174.mp4,IPZZ-174,,,
/Volumes/disk/D/Adult,unclass/IPZZ-285/ipzz-285.mp4,IPZZ-285,,,
/Volumes/disk/D/Adult,unclass/IPZZ-332/ipzz-332.mp4,IPZZ-332,,,
/Volumes/disk/D/Adult,unclass/ipzz-349/ipzz-349.mp4,IPZZ-349,,,
/Volumes/disk/D/Adult,unclass/ipzz-399/ipzz-399.mp4,IPZZ-399,,,
/Volumes/disk/D/Adult,unclass/IPZZ-413-UC/IPZZ-413-UC.mp4,IPZZ-413,,,
/Volumes/disk/D/Adult,unclass/IPZZ-423/ipzz-423.mp4,IPZZ-423,,,
/Volumes/disk/D/Adult,unclass/IPZZ-501-UC/IPZZ-501-UC.mp4,IPZZ-501,/v/xAZE4E,1,
/Volumes/disk/D/Adult,unclass/IPZZ-502-UC/IPZZ-502-UC.mp4,IPZZ-502,/v/Bzb7gM,1,
/Volumes/disk/D/Adult,unclass/ipzz-503/ipzz-503.mp4,IPZZ-503,/v/AqbPR0,1,
/Volumes/disk/D/Adult,unclass/IPZZ-505/ipzz-505.mp4,IPZZ-505,,,
/Volumes/disk/D/Adult,unclass/IPZZ-506-C/IPZZ-506-C.mp4,IPZZ-506,,,
/Volumes/disk/D/Adult,unclass/IPZZ-508-UC/IPZZ-508-UC.mp4,IPZZ-508,/v/NQ9aPr,1,
/Volumes/disk/D/Adult,unclass/IPZZ-519-C/IPZZ-519-C.mp4,IPZZ-519,,,
/Volumes/disk/D/Adult,unclass/IPZZ-564/ipzz-564.mp4,IPZZ-564,,,
/Volumes/disk/G/Adult,I/ISRD/ISRD-020/ISRD-020.mp4,ISRD-020,/v/Mm16Wv,1,
/Volumes/disk/J/Adult,0/390JAC-180/390JAC-180.mp4,JAC-180,/v/Az6AZ0,1,
/Volumes/disk/J/Adult,J/JBJB/JBJB-028/JBJB-028.mp4,JBJB-028,/v/ar1pW,1,
/Volumes/disk/J/Adult,J/JKRF/JKRF-012/JKRF-012.mp4,JKRF-012,/v/W18E8R,1,
/Volumes/disk/J/Adult,J/JKS/JKSR-406/JKSR-406.mp4,JKSR-406,,,
/Volumes/disk/J/Adult,J/JKSR/JKSR-514/JKSR-514.mp4,JKSR-514,/v/KxvJ6,1,
/Volumes/disk/J/Adult,J/JKSR-558/JKSR-558.mp4,JKSR-558,/v/neg1mV,1,
/Volumes/disk/J/Adult,J/JKSR/JKSR-558/JKSR-558.mp4,JKSR-558,/v/neg1mV,1,
/Volumes/disk/J/Adult,J/JKSR/JKSR-596/JKSR-596.mp4,JKSR-596,/v/J2YE3z,1,
/Volumes/disk/D/Adult,unclass/JKSR-661/jksr-661.mp4,JKSR-661,,,
/Volumes/disk/G/Adult,J/JMTY/JMTY-033/JMTY-033.mp4,JMTY-033,,,
/Volumes/disk/J/Adult,J/JMTY-069/JMTY-069.mp4,JMTY-069,,,
/Volumes/disk/D/Adult,J/JNT/JNT-007/JNT-007.mp4,JNT-007,,,
/Volumes/disk/G/Adult,J/JNT/JNT-007/JNT-007.mp4,JNT-007,,,
/Volumes/disk/J/Adult,J/JNT/JNT-036/JNT-036.mp4,JNT-036,,,
/Volumes/disk/J/Adult,0/390JNT-056/390JNT-056.mp4,JNT-056,/v/XWJkG4,1,
/Volumes/disk/J/Adult,0/509JPAK-039/509JPAK-039.mp4,JPAK-039,/v/1B3Bvn,1,
/Volumes/disk/J/Adult,0/509JPAK-056/509JPAK-056.mp4,JPAK-056,,,
/Volumes/disk/G/Adult,J/JRBA/JRBA-007/JRBA-007.mp4,JRBA-007,,,
/Volumes/disk/J/Adult,J/JRBA-007/JRBA-007.mp4,JRBA-007,,,
/Volumes/disk/J/Adult,J/JRBA/JRBA-012/JRBA-012.mp4,JRBA-012,,,
/Volumes/disk/G/Adult,J/JUFD/JUFD-601/JUFD-601.mp4,JUFD-601,/v/458nJ,1,
/Volumes/disk/G/Adult,J/JUFD/JUFD-670/JUFD-670.mp4,JUFD-670,/v/Bzv11,1,
/Volumes/disk/G/Adult,J/JUFE/JUFE-291/JUFE-291.mp4,JUFE-291,/v/EVeOJ,1,
/Volumes/disk/J/Adult,J/JUFE/JUFE-488/JUFE-488.mp4,JUFE-488,/v/k4Z8K6,1,
/Volumes/disk/J/Adult,J/JUK/JUKF-014/JUKF-014.mp4,JUKF-014,,,
/Volumes/disk/J/Adult,J/JUKF/JUKF-079/JUKF-079.mp4,JUKF-079,,,
/Volumes/disk/J/Adult,J/JUKF/JUKF-082/JUKF-082.mp4,JUKF-082,/v/pvb0e,1,
/Volumes/disk/D/Adult,J/JUK/JUKF-084/JUKF-084.mp4,JUKF-084,/v/Vq14W,1,
/Volumes/disk/J/Adult,J/JUKF-084/JUKF-084.mp4,JUKF-084,/v/Vq14W,1,
/Volumes/disk/J/Adult,J/JUKF/JUKF-084/JUKF-084.mp4,JUKF-084,/v/Vq14W,1,
/Volumes/disk/J/Adult,J/JUKF-092/JUKF-092.mp4,JUKF-092,/v/Mm4KmA,1,
/Volumes/disk/G/Adult,J/JUKF/JUKF-094/JUKF-094.mp4,JUKF-094,/v/k4DGMz,1,
/Volumes/disk/G/Adult,J/JUL/JUL-036/JUL-036.mp4,JUL-036,,,
/Volumes/disk/G/Adult,J/JUL/JUL-064/JUL-064.mp4,JUL-064,/v/xgZKQ,1,
/Volumes/disk/G/Adult,J/JUL/JUL-074/JUL-074.mp4,JUL-074,/v/y43Wg,1,
/Volumes/disk/G/Adult,J/JUL/JUL-106/JUL-106.mp4,JUL-106,/v/gWv0N,1,
/Volumes/disk/D/Adult,J/JUL/JUL-293/JUL-293.mp4,JUL-293,/v/n7npX,1,
/Volumes/disk/D/Adult,J/JUL/JUL-309/JUL-309.mp4,JUL-309,/v/3QZ5D,1,
/Volumes/disk/G/Adult,J/JUL/JUL-309/JUL-309.mp4,JUL-309,/v/3QZ5D,1,
/Volumes/disk/G/Adult,J/JUL/JUL-315/JUL-315.mp4,JUL-315,,,
/Volumes/disk/G/Adult,J/JUL/JUL-358/JUL-358.mp4,JUL-358,,,
/Volumes/disk/G/Adult,J/JUL/JUL-365/JUL-365.mp4,JUL-365,,,
/Volumes/disk/G/Adult,J/JUL/JUL-388/JUL-388.mp4,JUL-388,/v/79xaZ,1,
/Volumes/disk/G/Adult,J/JUL/JUL-405/JUL-405.mp4,JUL-405,/v/9G0Jg,1,
/Volumes/disk/G/Adult,J/JUL/JUL-461/JUL-461.mp4,JUL-461,/v/YNgN6,1,
/Volumes/disk/G/Adult,J/JUL/JUL-535/JUL-535.mp4,JUL-535,,,
/Volumes/disk/G/Adult,J/JUL/JUL-538/JUL-538.mp4,JUL-538,,,
/Volumes/disk/G/Adult,J/JUL/JUL-542/JUL-542.mp4,JUL-542,,,
/Volumes/disk/G/Adult,J/JUL/JUL-543/JUL-543.mp4,JUL-543,/v/m385R,1,
/Volumes/disk/G/Adult,J/JUL/JUL-586/JUL-586.mp4,JUL-586,/v/pW4v5,1,
/Volumes/disk/J/Adult,J/JUL/JUL-590/JUL-590.mp4,JUL-590,,,
/Volumes/disk/G/Adult,J/JUL/JUL-703/JUL-703.mp4,JUL-703,,,
/Volumes/disk/G/Adult,J/JUL/JUL-843/JUL-843.mp4,JUL-843,,,
/Volumes/disk/D/Adult,unclass/JUL-848/jul-848.mp4,JUL-848,,,
/Volumes/disk/G/Adult,J/JUL/JUL-848/JUL-848.mp4,JUL-848,,,
/Volumes/disk/D/Adult,unclass/JUL-904/jul-904.mp4,JUL-904,,,
/Volumes/disk/G/Adult,J/JUQ/JUQ-030/JUQ-030.mp4,JUQ-030,,,
/Volumes/disk/J/Adult,J/JUQ-049/JUQ-049.mp4,JUQ-049,/v/Azzdbw,1,
/Volumes/disk/J/Adult,J/JUQ-083/JUQ-083.mp4,JUQ-083,/v/Rd5D1p,1,
/Volumes/disk/J/Adult,J/JUQ-094-C_X1080X/JUQ-094.mp4,JUQ-094,,,
/Volumes/disk/J/Adult,J/JUQ-117-C/JUQ-117.mp4,JUQ-117,/v/Ynrxgd,1,
/Volumes/disk/D/Adult,J/JUQ/JUQ-136/JUQ-136.mp4,JUQ-136,,,
/Volumes/disk/D/Adult,J/JUQ/JUQ-147/JUQ-147.mp4,JUQ-147,,,
/Volumes/disk/J/Adult,J/JUQ/JUQ-181/JUQ-181.mp4,JUQ-181,,,
/Volumes/disk/J/Adult,J/JUQ-202-C/JUQ-202.mp4,JUQ-202,,,
/Volumes/disk/J/Adult,J/JUQ/juq-265/juq-265.mp4,JUQ-265,/v/0R1kNa,1,
/Volumes/disk/D/Adult,J/JUQ/JUQ-287/JUQ-287.mp4,JUQ-287,,,
/Volumes/disk/J/Adult,J/JUQ/JUQ-354/JUQ-354.mp4,JUQ-354,,,
/Volumes/disk/D/Adult,J/JUQ/JUQ-358/JUQ-358.mp4,JUQ-358,/v/qD2Ab3,1,
/Volumes/disk/J/Adult,J/JUQ/JUQ-380/JUQ-380.mp4,JUQ-380,/v/g0JBMq,1,
/Volumes/disk/J/Adult,J/JUQ-393-C/JUQ-393.mp4,JUQ-393,,,
/Volumes/disk/J/Adult,J/JUQ-400-C/JUQ-400.mp4,JUQ-400,,,
/Volumes/disk/D/Adult,unclass/JUQ-516/juq-516.mp4,JUQ-516,,,
/Volumes/disk/D/Adult,unclass/JUQ-581/juq-581.mp4,JUQ-581,,,
/Volumes/disk/D/Adult,unclass/JUQ-615/juq-615.mp4,JUQ-615,,,
/Volumes/disk/D/Adult,unclass/JUQ-860/juq-860.mp4,JUQ-860,,,
/Volumes/disk/D/Adult,unclass/JUQ-958/juq-958.mp4,JUQ-958,/v/QNNG2J,1,
/Volumes/disk/D/Adult,unclass/JUQ-966/juq-966.mp4,JUQ-966,/v/veeK1O,1,
/Volumes/disk/D/Adult,unclass/JUR-170/jur-170.mp4,JUR-170,,,
/Volumes/disk/D/Adult,unclass/JUR-181/jur-181.mp4,JUR-181,/v/pkP265,1,
/Volumes/disk/D/Adult,unclass/JUR-198/jur-198.mp4,JUR-198,,,
/Volumes/disk/D/Adult,unclass/JUR-199/jur-199.mp4,JUR-199,,,
/Volumes/disk/D/Adult,unclass/JUR-206-UC/JUR-206-UC.mp4,JUR-206,/v/Wwdxr8,1,
/Volumes/disk/D/Adult,unclass/JUR-242/jur-242.mp4,JUR-242,/v/qAPJg9,1,
/Volumes/disk/J/Adult,J/JUY/JUY-952/JUY-952.mp4,JUY-952,/v/Eva14,1,
/Volumes/disk/J/Adult,K/KAGP/KAGP-275/KAGP-275.mp4,KAGP-275,/v/PQEx82,1,
/Volumes/disk/J/Adult,K/KAGP/KAGP-276/KAGP-276.mp4,KAGP-276,/v/Rd17dg,1,
/Volumes/disk/J/Adult,K/KAMEF-013/KAMEF-013.mp4,KAMEF-013,/v/Azb5Ny,1,
/Volumes/disk/J/Adult,K/KAM/kamef-018/kamef-018.mp4,KAMEF-018,/v/me4bJn,1,
/Volumes/disk/J/Adult,K/KAMEF-027/KAMEF-027.mp4,KAMEF-027,/v/yrqdGX,1,
/Volumes/disk/J/Adult,K/KAMEF/KAMEF-032/KAMEF-032.mp4,KAMEF-032,/v/p3ya3B,1,
/Volumes/disk/J/Adult,K/KAMEF/KAMEF-044/KAMEF-044.mp4,KAMEF-044,,,
/Volumes/disk/J/Adult,K/KAM/KAMEF-060/KAMEF-060.mp4,KAMEF-060,/v/eKk9nR,1,
/Volumes/disk/J/Adult,K/KAM/KAMEF-065/KAMEF-065.mp4,KAMEF-065,/v/Azw1Am,1,
/Volumes/disk/J/Adult,K/KAM/KAMEF-070/KAMEF-070.mp4,KAMEF-070,/v/e8rZxp,1,
/Volumes/disk/J/Adult,K/KAM/kamef-071/kamef-071.mp4,KAMEF-071,,,
/Volumes/disk/G/Adult,K/KATU/KATU-081/KATU-081.mp4,KATU-081,/v/xP51B,1,
/Volumes/disk/J/Adult,K/KAVR/KAVR-076-2/KAVR-076.mp4,KAVR-076,/v/44aYJ,1,
/Volumes/disk/J/Adult,K/KAVR/KAVR-076-3/KAVR-076.mp4,KAVR-076,/v/44aYJ,1,
/Volumes/disk/J/Adult,K/KAVR/KAVR-076/KAVR-076.mp4,KAVR-076,/v/44aYJ,1,
/Volumes/disk/J/Adult,VR/kavr-269/kavr-269-2.mp4,KAVR-269,,,
/Volumes/disk/J/Adult,VR/kavr-269/kavr-269-3.mp4,KAVR-269,,,
/Volumes/disk/J/Adult,VR/kavr-269/kavr-269-4.mp4,KAVR-269,,,
/Volumes/disk/J/Adult,VR/kavr-269/kavr-269-5.mp4,KAVR-269,,,
/Volumes/disk/J/Adult,VR/kavr-269/kavr-269.mp4,KAVR-269,,,
/Volumes/disk/J/Adult,VR/kavr-321/kavr-321-2.mp4,KAVR-321,,,
/Volumes/disk/J/Adult,VR/kavr-321/kavr-321-3.mp4,KAVR-321,,,
/Volumes/disk/J/Adult,VR/kavr-321/kavr-321.mp4,KAVR-321,,,
/Volumes/disk/J/Adult,K/KAWD/KAWD-223/KAWD-223.wmv,KAWD-223,/v/ZX0O7,1,
/Volumes/disk/D/Adult,K/KAW/KAWD-765/KAWD-765.mp4,KAWD-765,/v/e8YP1,1,
/Volumes/disk/G/Adult,K/KAWD/KAWD-815/KAWD-815.mp4,KAWD-815,/v/RkbmK,1,
/Volumes/disk/G/Adult,K/KAWD/KAWD-880/KAWD-880.mp4,KAWD-880,/v/zKXGz,1,
/Volumes/disk/J/Adult,K/KCOS/KCOS-001/KCOS-001.mp4,KCOS-001,/v/K7Rgb,1,
/Volumes/disk/J/Adult,K/KCOS/KCOS-002/KCOS-002.mp4,KCOS-002,,,
/Volumes/disk/J/Adult,K/KCOS/KCOS-003/KCOS-003.mp4,KCOS-003,,,
/Volumes/disk/G/Adult,K/KIMU/KIMU-006/KIMU-006.mp4,KIMU-006,/v/pzynk,1,
/Volumes/disk/G/Adult,K/KIMU/KIMU-009/KIMU-009.mp4,KIMU-009,/v/a3XKO,1,
/Volumes/disk/D/Adult,K/KIN/KING-089/KING-089.mp4,KING-089,/v/MmXrw1,1,
/Volumes/disk/J/Adult,0/444KING-100/444KING-100.mp4,KING-100,,,
/Volumes/disk/G/Adult,K/KIRE/KIRE-003/KIRE-003.mp4,KIRE-003,,,
/Volumes/disk/D/Adult,unclass/KIT-005/kit-005.mp4,KIT-005,,,
/Volumes/disk/G/Adult,K/KMHR/KMHR-081/KMHR-081.mp4,KMHR-081,,,
/Volumes/disk/J/Adult,K/KNAM-056/KNAM-056.mp4,KNAM-056,/v/JrQeq,1,
/Volumes/disk/J/Adult,K/KNB/KNB-202/KNB-202.mp4,KNB-202,,,
/Volumes/disk/J/Adult,K/KNB/KNB-241/KNB-241.mp4,KNB-241,,,
/Volumes/disk/J/Adult,K/KNB/KNB-243/KNB-243.mp4,KNB-243,/v/9D83n8,1,
/Volumes/disk/J/Adult,0/336KNB-246/336KNB-246.mp4,KNB-246,,,
/Volumes/disk/J/Adult,K/KNB/KNB-251/KNB-251.mp4,KNB-251,,,
/Volumes/disk/J/Adult,K/KNB/KNB-252/KNB-252.mp4,KNB-252,,,
/Volumes/disk/J/Adult,K/KNM/KNMB-003/KNMB-003.mp4,KNMB-003,,,
/Volumes/disk/J/Adult,K/KNMB-056/KNMB-056.mp4,KNMB-056,/v/1BzvqZ,1,
/Volumes/disk/J/Adult,K/KNSM/KNSM-001/KNSM-001.mp4,KNSM-001,,,
/Volumes/disk/J/Adult,K/KSBJ-236/KSBJ-236.mp4,KSBJ-236,/v/rmvb6v,1,
/Volumes/disk/J/Adult,K/KSJK/KSJK-013/KSJK-013.mp4,KSJK-013,/v/W1NbvB,1,
/Volumes/disk/J/Adult,K/KSWP/KSWP-007/KSWP-007.mp4,KSWP-007,/v/W1B01R,1,
/Volumes/disk/G/Adult,K/KTB/KTB-049/KTB-049.mp4,KTB-049,,,
/Volumes/disk/D/Adult,K/KTK/ktkl-019/ktkl-019.mp4,KTKL-019,,,
/Volumes/disk/J/Adult,K/KTKL/KTKL-043/KTKL-043.mp4,KTKL-043,/v/ymDad,1,
/Volumes/disk/D/Adult,K/KTK/KTKL-101/KTKL-101.mp4,KTKL-101,,,
/Volumes/disk/J/Adult,K/KTKL/KTKL-111/KTKL-111.mp4,KTKL-111,/v/W1VXvB,1,
/Volumes/disk/D/Adult,K/KTK/KTKL-117/KTKL-117.mp4,KTKL-117,,,
/Volumes/disk/J/Adult,K/KTK/KTKZ-083/KTKZ-083.mp4,KTKZ-083,,,
/Volumes/disk/J/Adult,K/KTRA/KTRA-255/KTRA-255.mp4,KTRA-255,,,
/Volumes/disk/J/Adult,K/KTRA-397/KTRA-397.mp4,KTRA-397,,,
/Volumes/disk/J/Adult,K/KTRA/KTRA-433/KTRA-433.mp4,KTRA-433,/v/B88BAr,1,
/Volumes/disk/J/Adult,K/KTRA/KTRA-442/KTRA-442.mp4,KTRA-442,,,
/Volumes/disk/J/Adult,K/KTRA-444/KTRA-444.mp4,KTRA-444,,,
/Volumes/disk/D/Adult,unclass/KTRA-455/ktra-455.mp4,KTRA-455,/v/2aqGkp,1,
/Volumes/disk/J/Adult,K/KTRA-456/KTRA-456.mp4,KTRA-456,/v/qDJnM3,1,
/Volumes/disk/J/Adult,K/KTRA/KTRA-456/KTRA-456.mp4,KTRA-456,/v/qDJnM3,1,
/Volumes/disk/J/Adult,K/KTRA-470/KTRA-470.mp4,KTRA-470,/v/Rd4GxK,1,
/Volumes/disk/G/Adult,K/KTRA/KTRA-476/KTRA-476.mp4,KTRA-476,/v/akV4zX,1,
/Volumes/disk/J/Adult,K/KTRA-476/KTRA-476.mp4,KTRA-476,/v/akV4zX,1,
/Volumes/disk/D/Adult,unclass/KTRA-478/ktra-478.mp4,KTRA-478,/v/E2nZz9,1,
/Volumes/disk/G/Adult,K/KTRA/KTRA-478/KTRA-478.mp4,KTRA-478,/v/E2nZz9,1,
/Volumes/disk/J/Adult,K/KTRA-478/KTRA-478.mp4,KTRA-478,/v/E2nZz9,1,
/Volumes/disk/J/Adult,K/KTRA/KTRA-482/KTRA-482.mp4,KTRA-482,/v/ZXznnV,1,
/Volumes/disk/G/Adult,K/KTRA/KTRA-486/KTRA-486.mp4,KTRA-486,,,
/Volumes/disk/J/Adult,K/KTRA-494/KTRA-494.mp4,KTRA-494,/v/YnNb5p,1,
/Volumes/disk/D/Adult,K/KTR/KTRA-509/KTRA-509.mp4,KTRA-509,/v/2apVgw,1,
/Volumes/disk/D/Adult,K/KTR/KTRA-511/KTRA-511.mp4,KTRA-511,,,
/Volumes/disk/J/Adult,K/KTRA-511/KTRA-511.mp4,KTRA-511,,,
/Volumes/disk/J/Adult,K/KTRA-513/KTRA-513.mp4,KTRA-513,/v/vDk4Ez,1,
/Volumes/disk/J/Adult,K/KTRA/KTRA-514/KTRA-514.mp4,KTRA-514,/v/1B3EdW,1,
/Volumes/disk/J/Adult,K/KTRA/KTRA-561/KTRA-561.mp4,KTRA-561,,,
/Volumes/disk/J/Adult,K/KTRA/KTRA-562/KTRA-562.mp4,KTRA-562,,,
/Volumes/disk/J/Adult,K/KTRA/KTRA-566/KTRA-566.mp4,KTRA-566,,,
/Volumes/disk/J/Adult,K/KTRA-572/KTRA-572.mp4,KTRA-572,,,
/Volumes/disk/D/Adult,unclass/KTRA-675/ktra-675.mp4,KTRA-675,/v/mOOB05,1,
/Volumes/disk/J/Adult,L/LBDD/LBDD-011/LBDD-011.mp4,LBDD-011,,,
/Volumes/disk/J/Adult,0/535LOG-015/535LOG-015.mp4,LOG-015,,,
/Volumes/disk/G/Adult,L/LOL/LOL-213/LOL-213.mp4,LOL-213,/v/RdGaG7,1,
/Volumes/disk/G/Adult,L/LOL/LOL-215/LOL-215.mp4,LOL-215,/v/k4rbyz,1,
/Volumes/disk/D/Adult,unclass/LOL-240/lol-240.mp4,LOL-240,/v/3n3n23,1,
/Volumes/disk/G/Adult,L/LOVE/LOVE-362/LOVE-362.mp4,LOVE-362,/v/8mA5,1,
/Volumes/disk/G/Adult,L/LULU/LULU-109/LULU-109.mp4,LULU-109,/v/67xWM,1,
/Volumes/disk/G/Adult,L/LULU/LULU-200/LULU-200.mp4,LULU-200,,,
/Volumes/disk/J/Adult,L/LULU/LULU-200/LULU-200.mp4,LULU-200,,,
/Volumes/disk/J/Adult,L/LULU-212/LULU-212.mp4,LULU-212,/v/xvwyX6,1,
/Volumes/disk/J/Adult,L/LULU/LULU-225/LULU-225.mp4,LULU-225,/v/k4VMg0,1,
/Volumes/disk/J/Adult,L/LULU/LULU-244/LULU-244.mp4,LULU-244,/v/g01zPQ,1,
/Volumes/disk/J/Adult,L/LUXU/LUXU-1543/LUXU-1543.mp4,LUXU-1543,,,
/Volumes/disk/J/Adult,0/259LUXU-1611/259LUXU-1611.mp4,LUXU-1611,,,
/Volumes/disk/D/Adult,L/LUX/LUXU-1637/LUXU-1637.mp4,LUXU-1637,,,
/Volumes/disk/D/Adult,L/LUX/LUXU-1661/LUXU-1661.mp4,LUXU-1661,,,
/Volumes/disk/D/Adult,L/LUX/LUXU-1672/LUXU-1672.mp4,LUXU-1672,,,
/Volumes/disk/D/Adult,L/LUX/LUXU-1681/LUXU-1681.mp4,LUXU-1681,,,
/Volumes/disk/D/Adult,L/LUX/LUXU-1686/LUXU-1686.mp4,LUXU-1686,,,
/Volumes/disk/D/Adult,L/LUX/LUXU-1690/LUXU-1690.mp4,LUXU-1690,,,
/Volumes/disk/D/Adult,L/LUX/LUXU-1692/LUXU-1692.mp4,LUXU-1692,,,
/Volumes/disk/J/Adult,L/LUXU/LUXU-1732/LUXU-1732.mp4,LUXU-1732,,,
/Volumes/disk/J/Adult,0/259LUXU-1742/259LUXU-1742.mp4,LUXU-1742,,,
/Volumes/disk/D/Adult,unclass/MAAN-1019/maan-1019.mp4,MAAN-1019,,,
/Volumes/disk/D/Adult,unclass/MAAN-1046/maan-1046.mp4,MAAN-1046,,,
/Volumes/disk/D/Adult,unclass/MAAN-1056/maan-1056.mp4,MAAN-1056,,,
/Volumes/disk/G/Adult,M/MAAN/MAAN-382/MAAN-382.mp4,MAAN-382,/v/B4YKa,1,
/Volumes/disk/D/Adult,M/MAA/MAAN-423/MAAN-423.mp4,MAAN-423,,,
/Volumes/disk/G/Adult,M/MAAN/MAAN-572/MAAN-572.mp4,MAAN-572,/v/BXZd9,1,
/Volumes/disk/G/Adult,M/MAAN/MAAN-575/MAAN-575.mp4,MAAN-575,,,
/Volumes/disk/G/Adult,M/MAAN/MAAN-577/MAAN-577.mp4,MAAN-577,/v/Jz2MR,1,
/Volumes/disk/J/Adult,0/300MAAN-758/300MAAN-758.mp4,MAAN-758,,,
/Volumes/disk/J/Adult,0/300MAAN-762/300MAAN-762.mp4,MAAN-762,,,
/Volumes/disk/J/Adult,0/300MAAN-767/300MAAN-767.mp4,MAAN-767,/v/5qVAz,1,
/Volumes/disk/J/Adult,0/300MAAN-769/300MAAN-769.mp4,MAAN-769,/v/d7q4g,1,
/Volumes/disk/J/Adult,0/300MAAN-774/300MAAN-774.mp4,MAAN-774,,,
/Volumes/disk/G/Adult,M/MAAN/MAAN-781/MAAN-781.mp4,MAAN-781,,,
/Volumes/disk/J/Adult,0/300MAAN-783/300MAAN-783.mp4,MAAN-783,/v/VEZnG,1,
/Volumes/disk/J/Adult,0/300MAAN-789/300MAAN-789.mp4,MAAN-789,/v/YA5aD,1,
/Volumes/disk/J/Adult,0/300MAAN-790/300MAAN-790.mp4,MAAN-790,,,
/Volumes/disk/G/Adult,M/MAAN/MAAN-800/MAAN-800.mp4,MAAN-800,/v/wq593e,1,
/Volumes/disk/G/Adult,M/MAAN/MAAN-810/MAAN-810.mp4,MAAN-810,,,
/Volumes/disk/G/Adult,M/MAAN/MAAN-817/MAAN-817.mp4,MAAN-817,/v/35rqYD,1,
/Volumes/disk/J/Adult,0/300MAAN-821/300MAAN-821.mp4,MAAN-821,,,
/Volumes/disk/J/Adult,M/MAAN-849/MAAN-849.mp4,MAAN-849,,,
/Volumes/disk/J/Adult,M/MAAN/MAAN-874/MAAN-874.mp4,MAAN-874,/v/RdRaER,1,
/Volumes/disk/J/Adult,M/MAAN/MAAN-878/MAAN-878.mp4,MAAN-878,,,
/Volumes/disk/J/Adult,M/MAAN/MAAN-882/MAAN-882.mp4,MAAN-882,,,
/Volumes/disk/J/Adult,M/MAAN/MAAN-886/MAAN-886.mp4,MAAN-886,,,
/Volumes/disk/J/Adult,M/MAAN-920/MAAN-920.mp4,MAAN-920,,,
/Volumes/disk/D/Adult,unclass/MAAN-998/maan-998.mp4,MAAN-998,/v/0eedbJ,1,
/Volumes/disk/G/Adult,M/MAD/MAD-148/MAD-148.mp4,MAD-148,,,
/Volumes/disk/J/Adult,M/MADM/MADM-172/MADM-172.mp4,MADM-172,/v/d4Xr1g,1,
/Volumes/disk/J/Adult,M/MADV/MADV-537/MADV-537.mp4,MADV-537,/v/xvzAZA,1,
/Volumes/disk/J/Adult,M/masm-018/masm-018.mp4,MASM-018,/v/1B2ygn,1,
/Volumes/disk/J/Adult,M/MBDD-2076/MBDD-2076.mp4,MBDD-2076,,,
/Volumes/disk/J/Adult,M/MBRAA-273/MBRAA-273.mp4,MBRAA-273,,,
/Volumes/disk/D/Adult,unclass/MBRBA-128/mbrba-128.mp4,MBRBA-128,/v/r3ORNR,1,
/Volumes/disk/J/Adult,M/MDB/MDB-941/MDB-941.mp4,MDB-941,/v/pk1Pq,1,
/Volumes/disk/J/Adult,M/MDBK/MDBK-238/MDBK-238.mp4,MDBK-238,/v/PdAa2,1,
/Volumes/disk/J/Adult,M/MDBK/MDBK-263/MDBK-263.mp4,MDBK-263,/v/J261zd,1,
/Volumes/disk/G/Adult,M/MDBK/MDBK-273/MDBK-273.mp4,MDBK-273,/v/76YBGZ,1,
/Volumes/disk/J/Adult,M/MDBK-286/MDBK-286.mp4,MDBK-286,,,
/Volumes/disk/J/Adult,M/MDS/MDS-899/MDS-899.mp4,MDS-899,/v/M9WVQ,1,
/Volumes/disk/J/Adult,M/MDT/MDTE-040/MDTE-040.mp4,MDTE-040,/v/PQJqPa,1,
/Volumes/disk/G/Adult,M/MDTM/MDTM-258/MDTM-258.mp4,MDTM-258,/v/Ynkr6,1,
/Volumes/disk/J/Adult,M/mdtm-263/[Thz.la]mdtm-263.mp4,MDTM-263,,,
/Volumes/disk/G/Adult,M/MDTM/MDTM-407/MDTM-407.mp4,MDTM-407,/v/rqPdR,1,
/Volumes/disk/D/Adult,unclass/mdtm-551/mdtm-551.mp4,MDTM-551,,,
/Volumes/disk/J/Adult,M/MDTM-798/MDTM-798.mp4,MDTM-798,/v/8VJyy3,1,
/Volumes/disk/D/Adult,unclass/MDTM-803/mdtm-803.mp4,MDTM-803,/v/eKVBJ1,1,
/Volumes/disk/J/Adult,M/MDTM/MDTM-815/MDTM-815.mp4,MDTM-815,,,
/Volumes/disk/J/Adult,M/MDTM-820/MDTM-820.mp4,MDTM-820,/v/neEkpY,1,
/Volumes/disk/D/Adult,unclass/MDTM-853/mdtm-853.mp4,MDTM-853,/v/e8pz11,1,
/Volumes/disk/J/Adult,M/MDVHJ/MDVHJ-016/MDVHJ-016.mp4,MDVHJ-016,/v/R67xD,1,
/Volumes/disk/D/Adult,unclass/mdvr-208/mdvr-208-1.mp4,MDVR-208,,,
/Volumes/disk/D/Adult,unclass/mdvr-208/mdvr-208-2.mp4,MDVR-208,,,
/Volumes/disk/D/Adult,unclass/mdvr-208/mdvr-208-3.mp4,MDVR-208,,,
/Volumes/disk/J/Adult,M/MDVR/MDVR-208/MDVR-208.mp4,MDVR-208,,,
/Volumes/disk/J/Adult,VR/mdvr-247/mdvr-247-2.mp4,MDVR-247,,,
/Volumes/disk/J/Adult,VR/mdvr-247/mdvr-247-3.mp4,MDVR-247,,,
/Volumes/disk/J/Adult,VR/mdvr-247/mdvr-247-4.mp4,MDVR-247,,,
/Volumes/disk/J/Adult,VR/mdvr-247/mdvr-247-5.mp4,MDVR-247,,,
/Volumes/disk/J/Adult,VR/mdvr-247/mdvr-247.mp4,MDVR-247,,,
/Volumes/disk/J/Adult,M/MDVR/MDVR-255/MDVR-255.mp4,MDVR-255,,,
/Volumes/disk/G/Adult,M/MEYD/MEYD-200/MEYD-200.mp4,MEYD-200,/v/35Ogb,1,
/Volumes/disk/G/Adult,M/MEYD/MEYD-231/MEYD-231.mp4,MEYD-231,/v/xvk8n,1,
/Volumes/disk/G/Adult,M/MEYD/MEYD-514/MEYD-514.mp4,MEYD-514,/v/dZb2v,1,
/Volumes/disk/G/Adult,M/MEYD/MEYD-531/MEYD-531.mp4,MEYD-531,/v/N9vxx,1,
/Volumes/disk/J/Adult,M/MEYD/MEYD-557/MEYD-557.mp4,MEYD-557,/v/ayzJp,1,
/Volumes/disk/G/Adult,M/MEYD/MEYD-563/MEYD-563.mp4,MEYD-563,,,
/Volumes/disk/G/Adult,M/MEYD/MEYD-602/MEYD-602.mp4,MEYD-602,,,
/Volumes/disk/J/Adult,M/MEYD/MEYD-605/MEYD-605.mp4,MEYD-605,/v/YzK3x,1,
/Volumes/disk/J/Adult,M/MEYD/MEYD-618/MEYD-618.mp4,MEYD-618,/v/p7A3m,1,
/Volumes/disk/G/Adult,M/MEYD/MEYD-620/MEYD-620.mp4,MEYD-620,,,
/Volumes/disk/G/Adult,M/MEYD/MEYD-639/MEYD-639.mp4,MEYD-639,/v/68M3Z,1,
/Volumes/disk/G/Adult,M/MEYD/MEYD-651/MEYD-651.mp4,MEYD-651,/v/YNM6z,1,
/Volumes/disk/G/Adult,M/MEYD/MEYD-655/MEYD-655.mp4,MEYD-655,,,
/Volumes/disk/G/Adult,M/MEYD/MEYD-660/MEYD-660.mp4,MEYD-660,,,
/Volumes/disk/G/Adult,M/MEYD/MEYD-664/MEYD-664.mp4,MEYD-664,/v/0wrV7,1,
/Volumes/disk/J/Adult,M/MEYD/MEYD-670/MEYD-670.mp4,MEYD-670,,,
/Volumes/disk/G/Adult,M/MEYD/MEYD-680/MEYD-680.mp4,MEYD-680,,,
/Volumes/disk/G/Adult,M/MEYD/MEYD-686/MEYD-686.mp4,MEYD-686,,,
/Volumes/disk/J/Adult,M/MEYD/MEYD-688/MEYD-688.mp4,MEYD-688,,,
/Volumes/disk/J/Adult,M/meyd-697-C/meyd-697.mp4,MEYD-697,/v/dKwz9,1,
/Volumes/disk/D/Adult,M/MEY/MEYD-698/MEYD-698.mp4,MEYD-698,/v/G95Gz,1,
/Volumes/disk/D/Adult,unclass/MEYD-714/meyd-714.mp4,MEYD-714,,,
/Volumes/disk/G/Adult,M/MEYD/MEYD-720/MEYD-720.mp4,MEYD-720,/v/n0P04,1,
/Volumes/disk/G/Adult,M/MEYD/MEYD-722/MEYD-722.mp4,MEYD-722,,,
/Volumes/disk/J/Adult,M/MEYD/MEYD-722/MEYD-722.mp4,MEYD-722,,,
/Volumes/disk/J/Adult,M/MEYD/MEYD-723/MEYD-723.mp4,MEYD-723,,,
/Volumes/disk/G/Adult,M/MEYD/MEYD-726/MEYD-726.mp4,MEYD-726,/v/mBKWR,1,
/Volumes/disk/J/Adult,M/MEYD-726-U/MEYD-726.mp4,MEYD-726,/v/mBKWR,1,
/Volumes/disk/G/Adult,M/MEYD/MEYD-733/MEYD-733.mp4,MEYD-733,/v/knq66,1,
/Volumes/disk/J/Adult,M/MEYD/MEYD-740/MEYD-740.mp4,MEYD-740,/v/N3g8w,1,
/Volumes/disk/G/Adult,M/MEYD/MEYD-742/MEYD-742.mp4,MEYD-742,/v/W6knp,1,
/Volumes/disk/J/Adult,M/MEYD/MEYD-744/MEYD-744.mp4,MEYD-744,/v/kg3DJ,1,
/Volumes/disk/G/Adult,M/MEYD/MEYD-746/MEYD-746.mp4,MEYD-746,/v/MQ47A,1,
/Volumes/disk/G/Adult,M/MEYD/MEYD-789/MEYD-789.mp4,MEYD-789,,,
/Volumes/disk/J/Adult,M/MEYD/MEYD-796/MEYD-796.mp4,MEYD-796,,,
/Volumes/disk/D/Adult,M/MEY/MEYD-797/MEYD-797.mp4,MEYD-797,/v/p35b95,1,
/Volumes/disk/J/Adult,M/MEYD-806-UC/MEYD-806.mp4,MEYD-806,/v/vDk7Dz,1,
/Volumes/disk/D/Adult,M/MEY/MEYD-831/MEYD-831.mp4,MEYD-831,,,
/Volumes/disk/J/Adult,M/MEYD-834/MEYD-834.mp4,MEYD-834,/v/O2JYE0,1,
/Volumes/disk/J/Adult,M/MEYD/MEYD-856/MEYD-856.mp4,MEYD-856,,,
/Volumes/disk/D/Adult,unclass/MEYD-976/meyd-976.mp4,MEYD-976,/v/xAZ28A,1,
/Volumes/disk/D/Adult,M/MFC/MFC-187/MFC-187.mp4,MFC-187,,,
/Volumes/disk/J/Adult,0/435MFC-191/435mfc-191.mp4,MFC-191,/v/dmBnB,1,
/Volumes/disk/J/Adult,0/435MFC-202/435MFC-202.mp4,MFC-202,,,
/Volumes/disk/D/Adult,M/MFC/MFCS-043/MFCS-043.mp4,MFCS-043,,,
/Volumes/disk/J/Adult,0/435MFCS-043/435mfcs-043.mp4,MFCS-043,,,
/Volumes/disk/J/Adult,0/435MFCS-063/435mfcs-063.mp4,MFCS-063,,,
/Volumes/disk/J/Adult,0/435MFCS-067/435mfcs-067.mp4,MFCS-067,/v/65B2pM,1,
/Volumes/disk/J/Adult,0/435MFCS-084/435mfcs-084.mp4,MFCS-084,/v/1BOWZ9,1,
/Volumes/disk/J/Adult,M/MFCW/MFCW-006/MFCW-006.mp4,MFCW-006,,,
/Volumes/disk/J/Adult,M/MFCW/MFCW-008/MFCW-008.mp4,MFCW-008,,,
/Volumes/disk/J/Adult,M/MFT-003/MFT-003.mp4,MFT-003,/v/5EO34a,1,
/Volumes/disk/G/Adult,M/MGOLD/MGOLD-010/MGOLD-010.mp4,MGOLD-010,,,
/Volumes/disk/J/Adult,M/MGOLD/MGOLD-018/MGOLD-018.mp4,MGOLD-018,,,
/Volumes/disk/J/Adult,M/MIAA/MIAA-002/MIAA-002.mp4,MIAA-002,/v/Zy5M8,1,
/Volumes/disk/G/Adult,M/MIAA/MIAA-037/MIAA-037.mp4,MIAA-037,/v/XB1w1,1,
/Volumes/disk/G/Adult,M/MIAA/MIAA-059/MIAA-059.mp4,MIAA-059,/v/XEqW4,1,
/Volumes/disk/G/Adult,M/MIAA/MIAA-088/MIAA-088.mp4,MIAA-088,,,
/Volumes/disk/G/Adult,M/MIAA/MIAA-105/MIAA-105.mp4,MIAA-105,/v/AbePe,1,
/Volumes/disk/G/Adult,M/MIAA/MIAA-113/MIAA-113.mp4,MIAA-113,/v/RKMwp,1,
/Volumes/disk/J/Adult,M/MIAA/MIAA-172/MIAA-172.mp4,MIAA-172,/v/W3NPB,1,
/Volumes/disk/J/Adult,M/MIAA/MIAA-230/MIAA-230.mp4,MIAA-230,,,
/Volumes/disk/J/Adult,M/MIAA/MIAA-240/MIAA-240.mp4,MIAA-240,/v/WrBkq,1,
/Volumes/disk/G/Adult,M/MIAA/MIAA-262/MIAA-262.mp4,MIAA-262,,,
/Volumes/disk/G/Adult,M/MIAA/MIAA-292/MIAA-292.mp4,MIAA-292,/v/BXqPa,1,
/Volumes/disk/G/Adult,M/MIAA/MIAA-306/MIAA-306.mp4,MIAA-306,,,
/Volumes/disk/J/Adult,M/MIAA/MIAA-308/MIAA-308.mp4,MIAA-308,/v/x3pNA,1,
/Volumes/disk/G/Adult,M/MIAA/MIAA-381/MIAA-381.mp4,MIAA-381,,,
/Volumes/disk/J/Adult,M/miaa-389-C/miaa-389.mp4,MIAA-389,/v/m3RZn,1,
/Volumes/disk/J/Adult,M/MIAA/MIAA-427/MIAA-427.mp4,MIAA-427,,,
/Volumes/disk/J/Adult,M/MIAA/miaa-437-C/miaa-437.mp4,MIAA-437,/v/396P1,1,
/Volumes/disk/J/Adult,M/MIA/miaa-494/miaa-494.mp4,MIAA-494,/v/pmJrb,1,
/Volumes/disk/J/Adult,M/MIAA/MIAA-495/MIAA-495.mp4,MIAA-495,/v/Yk7Gd,1,
/Volumes/disk/D/Adult,M/MIA/MIAA-500/MIAA-500.mp4,MIAA-500,/v/1926n,1,
/Volumes/disk/G/Adult,M/MIAA/MIAA-525/MIAA-525.mp4,MIAA-525,/v/zwkw5,1,
/Volumes/disk/J/Adult,M/MIAA/MIAA-531/MIAA-531.mp4,MIAA-531,/v/5ZJZ9,1,
/Volumes/disk/J/Adult,M/MIAA-532/MIAA-532.mp4,MIAA-532,,,
/Volumes/disk/G/Adult,M/MIAA/MIAA-539/MIAA-539.mp4,MIAA-539,/v/VWBVG,1,
/Volumes/disk/D/Adult,unclass/MIAA-559/miaa-559.mp4,MIAA-559,/v/W5AKZ,1,
/Volumes/disk/J/Adult,M/MIAA/MIAA-573/MIAA-573.mp4,MIAA-573,/v/x13rO,1,
/Volumes/disk/J/Adult,M/MIAA/MIAA-577/MIAA-577.mp4,MIAA-577,,,
/Volumes/disk/J/Adult,M/MIAA/MIAA-708-C/MIAA-708.mp4,MIAA-708,,,
/Volumes/disk/D/Adult,M/MIA/miaa-721/miaa-721.mp4,MIAA-721,/v/Rd2yR4,1,
/Volumes/disk/G/Adult,M/MIAA/MIAA-731/MIAA-731.mp4,MIAA-731,,,
/Volumes/disk/G/Adult,M/MIAA/MIAA-741/MIAA-741.mp4,MIAA-741,/v/65W0bM,1,
/Volumes/disk/D/Adult,M/MIA/MIAA-794/MIAA-794.mp4,MIAA-794,,,
/Volumes/disk/D/Adult,M/MIA/MIAA-797/MIAA-797.mp4,MIAA-797,/v/zKmaa4,1,
/Volumes/disk/J/Adult,M/MIAA-805/MIAA-805.mp4,MIAA-805,,,
/Volumes/disk/J/Adult,M/MIAA-806/MIAA-806.mp4,MIAA-806,/v/450zm6,1,
/Volumes/disk/J/Adult,M/MIAA/MIAA-811/MIAA-811.mp4,MIAA-811,,,
/Volumes/disk/D/Adult,M/MIA/MIAA-819/MIAA-819.mp4,MIAA-819,/v/meq5E5,1,
/Volumes/disk/G/Adult,M/MIAA/MIAA-854/MIAA-854.mp4,MIAA-854,,,
/Volumes/disk/J/Adult,M/MIAA/MIAA-856/MIAA-856.mp4,MIAA-856,,,
/Volumes/disk/J/Adult,M/MIAA/MIAA-870/MIAA-870.mp4,MIAA-870,/v/k4Gd2Y,1,
/Volumes/disk/J/Adult,M/MIAA/MIAA-922/MIAA-922.mp4,MIAA-922,,,
/Volumes/disk/J/Adult,M/MIAA/MIAA-952/MIAA-952.mp4,MIAA-952,/v/8V5ARd,1,
/Volumes/disk/J/Adult,M/MIAA/MIAA-979/MIAA-979.mp4,MIAA-979,/v/9DP4G6,1,
/Volumes/disk/J/Adult,M/miab-026/miab-026.mp4,MIAB-026,/v/ak7q0p,1,
/Volumes/disk/D/Adult,unclass/MIAB-416/miab-416.mp4,MIAB-416,/v/96d5dV,1,
/Volumes/disk/D/Adult,unclass/miab-461/miab-461.mp4,MIAB-461,,,
/Volumes/disk/D/Adult,unclass/MIAB-462-UC/MIAB-462-UC.mp4,MIAB-462,/v/mOQNyr,1,
/Volumes/disk/G/Adult,M/MIAD/MIAD-911/MIAD-911.mp4,MIAD-911,,,
/Volumes/disk/J/Adult,M/MIAD/MIAD-924/MIAD-924.mp4,MIAD-924,/v/0eRm7,1,
/Volumes/disk/G/Adult,M/MIAE/MIAE-056/MIAE-056.mp4,MIAE-056,/v/MbEgv,1,
/Volumes/disk/J/Adult,M/MIAE/MIAE-084/MIAE-084.mp4,MIAE-084,/v/0RWb0,1,
/Volumes/disk/J/Adult,M/MIAE/MIAE-148/MIAE-148.mp4,MIAE-148,/v/2xXX,1,
/Volumes/disk/J/Adult,M/MIAE/MIAE-156/MIAE-156.mp4,MIAE-156,/v/DRErk,1,
/Volumes/disk/J/Adult,M/MIAE/MIAE-241/MIAE-241.mp4,MIAE-241,/v/RkRX7,1,
/Volumes/disk/J/Adult,M/MIAE/MIAE-262/MIAE-262.mp4,MIAE-262,/v/ZNwDv,1,
/Volumes/disk/J/Adult,M/MIAE/MIAE-285/MIAE-285.mp4,MIAE-285,/v/qO7Ra,1,
/Volumes/disk/G/Adult,M/MIAE/MIAE-354/MIAE-354.mp4,MIAE-354,/v/YEzJp,1,
/Volumes/disk/J/Adult,M/mibb-029/mibb-029.mp4,MIBB-029,/v/1BPVgv,1,
/Volumes/disk/G/Adult,M/MIBD/MIBD-571/MIBD-571.mp4,MIBD-571,/v/RdXJz,1,
/Volumes/disk/D/Adult,unclass/MIDA-006/mida-006.mp4,MIDA-006,/v/WwQQBq,1,
/Volumes/disk/D/Adult,unclass/MIDA-008/mida-008.mp4,MIDA-008,,,
/Volumes/disk/D/Adult,unclass/MIDA-024/mida-024.mp4,MIDA-024,,,
/Volumes/disk/D/Adult,unclass/MIDA-027/mida-027.mp4,MIDA-027,,,
/Volumes/disk/D/Adult,unclass/MIDA-039-UC/MIDA-039-UC.mp4,MIDA-039,/v/r3O2Xq,1,
/Volumes/disk/D/Adult,unclass/mida-040-4k/mida-040-4k.mp4,MIDA-040,/v/mOrraM,1,
/Volumes/disk/D/Adult,unclass/MIDA-046/mida-046.mp4,MIDA-046,/v/yxp6Xr,1,
/Volumes/disk/D/Adult,unclass/MIDA-062/mida-062.mp4,MIDA-062,,,
/Volumes/disk/D/Adult,unclass/MIDA-079-UC/MIDA-079-UC.mp4,MIDA-079,/v/2m9PKp,1,
/Volumes/disk/D/Adult,unclass/MIDA-079/mida-079.mp4,MIDA-079,/v/2m9PKp,1,
/Volumes/disk/D/Adult,unclass/MIDA-085/mida-085.mp4,MIDA-085,/v/e8pk4x,1,
/Volumes/disk/D/Adult,unclass/mida-100/mida-100.mp4,MIDA-100,,,
/Volumes/disk/D/Adult,unclass/mida-101/mida-101.mp4,MIDA-101,,,
/Volumes/disk/D/Adult,unclass/MIDA-107/mida-107.mp4,MIDA-107,,,
/Volumes/disk/J/Adult,M/MIDD/MIDD-926/MIDD-926.mp4,MIDD-926,/v/vDkJp,1,
/Volumes/disk/J/Adult,M/mide-481/[Thz.la]mide-481.mp4,MIDE-481,/v/d4km8,1,
/Volumes/disk/D/Adult,M/MID/mide-488/mide-488.mp4,MIDE-488,/v/454GG,1,
/Volumes/disk/G/Adult,M/MIDE/MIDE-508/MIDE-508.mp4,MIDE-508,/v/Yn33p,1,
/Volumes/disk/G/Adult,M/MIDE/MIDE-519/MIDE-519.mp4,MIDE-519,/v/p3zzw,1,
/Volumes/disk/G/Adult,M/MIDE/MIDE-530/MIDE-530.mp4,MIDE-530,/v/Mm77R,1,
/Volumes/disk/D/Adult,M/MID/mide-539/mide-539.mp4,MIDE-539,/v/ZX33V,1,
/Volumes/disk/G/Adult,M/MIDE/MIDE-539/MIDE-539.mp4,MIDE-539,/v/ZX33V,1,
/Volumes/disk/G/Adult,M/MIDE/MIDE-548/MIDE-548.mp4,MIDE-548,/v/ZN4NX,1,
/Volumes/disk/D/Adult,M/MID/mide-557/mide-557.mp4,MIDE-557,/v/5nMZ9,1,
/Volumes/disk/G/Adult,M/MIDE/MIDE-557/MIDE-557.mp4,MIDE-557,/v/5nMZ9,1,
/Volumes/disk/G/Adult,M/MIDE/MIDE-570/MIDE-570.mp4,MIDE-570,/v/veGnO,1,
/Volumes/disk/G/Adult,M/MIDE/MIDE-578/MIDE-578.mp4,MIDE-578,/v/YwVXz,1,
/Volumes/disk/D/Adult,M/MID/MIDE-596/MIDE-596.mp4,MIDE-596,/v/KkAb6,1,
/Volumes/disk/G/Adult,M/MIDE/MIDE-605/MIDE-605.mp4,MIDE-605,/v/DYV0p,1,
/Volumes/disk/D/Adult,M/MID/mide-658/mide-658.mp4,MIDE-658,/v/8XOJd,1,
/Volumes/disk/G/Adult,M/MIDE/MIDE-681/MIDE-681.mp4,MIDE-681,/v/Z4MmP,1,
/Volumes/disk/G/Adult,M/MIDE/MIDE-685/MIDE-685.mp4,MIDE-685,/v/N9GqG,1,
/Volumes/disk/D/Adult,M/MID/mide-702/mide-702.mp4,MIDE-702,/v/W3bkK,1,
/Volumes/disk/G/Adult,M/MIDE/MIDE-702/MIDE-702.mp4,MIDE-702,/v/W3bkK,1,
/Volumes/disk/G/Adult,M/MIDE/MIDE-705/MIDE-705.mp4,MIDE-705,/v/RGwYK,1,
/Volumes/disk/G/Adult,M/MIDE/MIDE-711/MIDE-711.mp4,MIDE-711,/v/nzWvY,1,
/Volumes/disk/J/Adult,M/MIDE/MIDE-711/MIDE-711.mp4,MIDE-711,/v/nzWvY,1,
/Volumes/disk/G/Adult,M/MIDE/MIDE-721/MIDE-721.mp4,MIDE-721,/v/8qgXx,1,
/Volumes/disk/G/Adult,M/MIDE/MIDE-733/MIDE-733.mp4,MIDE-733,/v/E497Q,1,
/Volumes/disk/J/Adult,M/MIDE/MIDE-733/MIDE-733.mp4,MIDE-733,/v/E497Q,1,
/Volumes/disk/G/Adult,M/MIDE/MIDE-735/MIDE-735.mp4,MIDE-735,/v/xOAPO,1,
/Volumes/disk/J/Adult,M/MIDE/MIDE-738/MIDE-738.mp4,MIDE-738,,,
/Volumes/disk/G/Adult,M/MIDE/MIDE-778/MIDE-778.mp4,MIDE-778,,,
/Volumes/disk/G/Adult,M/MIDE/MIDE-792/MIDE-792.mp4,MIDE-792,,,
/Volumes/disk/G/Adult,M/MIDE/MIDE-799/MIDE-799.mp4,MIDE-799,/v/dqrQQ,1,
/Volumes/disk/G/Adult,M/MIDE/MIDE-806/MIDE-806.mp4,MIDE-806,,,
/Volumes/disk/J/Adult,M/MIDE/MIDE-808/MIDE-808.mp4,MIDE-808,,,
/Volumes/disk/J/Adult,M/MIDE/MIDE-814/MIDE-814.mp4,MIDE-814,/v/ZzndV,1,
/Volumes/disk/J/Adult,M/MIDE/MIDE-822/MIDE-822.mp4,MIDE-822,,,
/Volumes/disk/G/Adult,M/MIDE/MIDE-823/MIDE-823.mp4,MIDE-823,/v/AXNyP,1,
/Volumes/disk/D/Adult,M/MID/mide-834/mide-834.mp4,MIDE-834,/v/P6qNJ,1,
/Volumes/disk/G/Adult,M/MIDE/MIDE-834/MIDE-834.mp4,MIDE-834,/v/P6qNJ,1,
/Volumes/disk/J/Adult,M/MIDE/MIDE-838/MIDE-838.mp4,MIDE-838,,,
/Volumes/disk/G/Adult,M/MIDE/MIDE-842/MIDE-842.mp4,MIDE-842,/v/2k1gX,1,
/Volumes/disk/G/Adult,M/MIDE/MIDE-843/MIDE-843.mp4,MIDE-843,/v/qMgZx,1,
/Volumes/disk/G/Adult,M/MIDE/MIDE-846/MIDE-846.mp4,MIDE-846,/v/Ygv2e,1,
/Volumes/disk/J/Adult,M/MIDE/MIDE-854/MIDE-854.mp4,MIDE-854,/v/EJ3V9,1,
/Volumes/disk/G/Adult,M/MIDE/MIDE-858/MIDE-858.mp4,MIDE-858,,,
/Volumes/disk/J/Adult,M/MIDE/MIDE-876/MIDE-876.mp4,MIDE-876,,,
/Volumes/disk/G/Adult,M/MIDE/MIDE-882/MIDE-882.mp4,MIDE-882,,,
/Volumes/disk/D/Adult,M/MID/mide-884/mide-884.mp4,MIDE-884,/v/bRGed,1,
/Volumes/disk/J/Adult,M/MIDE/MIDE-888/MIDE-888.mp4,MIDE-888,,,
/Volumes/disk/G/Adult,M/MIDE/MIDE-889/MIDE-889.mp4,MIDE-889,/v/m3WkY,1,
/Volumes/disk/D/Adult,M/MID/mide-897/mide-897.mp4,MIDE-897,/v/AM74n,1,
/Volumes/disk/D/Adult,M/MID/mide-899/mide-899.mp4,MIDE-899,,,
/Volumes/disk/D/Adult,unclass/mide-899/mide-899.mp4,MIDE-899,,,
/Volumes/disk/D/Adult,unclass/MIDE-903-C/MIDE-903-C.mp4,MIDE-903,,,
/Volumes/disk/G/Adult,M/MIDE/MIDE-903/MIDE-903.mp4,MIDE-903,,,
/Volumes/disk/J/Adult,M/MIDE/mide-908-C/mide-908.mp4,MIDE-908,,,
/Volumes/disk/D/Adult,M/MID/mide-910/mide-910.mp4,MIDE-910,,,
/Volumes/disk/G/Adult,M/MIDE/MIDE-911/MIDE-911.mp4,MIDE-911,/v/y3gyv,1,
/Volumes/disk/J/Adult,M/MIDE/MIDE-912/MIDE-912.mp4,MIDE-912,/v/wxwB2,1,
/Volumes/disk/G/Adult,M/MIDE/MIDE-914/MIDE-914.mp4,MIDE-914,,,
/Volumes/disk/D/Adult,M/MID/mide-925/mide-925.mp4,MIDE-925,,,
/Volumes/disk/J/Adult,M/mide-930/mide-930.mp4,MIDE-930,,,
/Volumes/disk/J/Adult,M/MIDE/MIDE-934/MIDE-934.mp4,MIDE-934,/v/wMR4e,1,
/Volumes/disk/D/Adult,M/MID/MIDE-937/MIDE-937.mp4,MIDE-937,,,
/Volumes/disk/J/Adult,M/MIDE/mide-937/mide-937.mp4,MIDE-937,,,
/Volumes/disk/J/Adult,M/MIDE/mide-941/mide-941.mp4,MIDE-941,,,
/Volumes/disk/J/Adult,M/MIDE/MIDE-946/MIDE-946.mp4,MIDE-946,/v/3O02D,1,
/Volumes/disk/J/Adult,M/MIDE/MIDE-954/MIDE-954.mp4,MIDE-954,,,
/Volumes/disk/J/Adult,M/MIDE/MIDE-959/MIDE-959.mp4,MIDE-959,,,
/Volumes/disk/G/Adult,M/MIDE/MIDE-960/MIDE-960.mp4,MIDE-960,/v/pRXOk,1,
/Volumes/disk/G/Adult,M/MIDE/MIDE-961/MIDE-961.mp4,MIDE-961,/v/Z2ApX,1,
/Volumes/disk/J/Adult,M/MIDE/MIDE-967/MIDE-967.mp4,MIDE-967,/v/8d6Za,1,
/Volumes/disk/J/Adult,M/MIDE/MIDE-968/MIDE-968.mp4,MIDE-968,/v/RrVXR,1,
/Volumes/disk/D/Adult,M/MID/mide-970/mide-970.mp4,MIDE-970,/v/ERgw3,1,
/Volumes/disk/D/Adult,M/MID/mide-972/mide-972.mp4,MIDE-972,,,
/Volumes/disk/D/Adult,unclass/MIDE-972/mide-972.mp4,MIDE-972,,,
/Volumes/disk/G/Adult,M/MIDE/MIDE-983/MIDE-983.mp4,MIDE-983,/v/8aeba,1,
/Volumes/disk/J/Adult,M/MIDE-984/MIDE-984.mp4,MIDE-984,/v/ya7gr,1,
/Volumes/disk/J/Adult,M/MIDE/MIDE-986/MIDE-986.mp4,MIDE-986,/v/ma9Ed,1,
/Volumes/disk/J/Adult,M/MIDE/MIDE-989-U/MIDE-989.mp4,MIDE-989,,,
/Volumes/disk/D/Adult,unclass/MIDE-991/mide-991.mp4,MIDE-991,,,
/Volumes/disk/J/Adult,M/MIDE/MIDE-991/MIDE-991.mp4,MIDE-991,,,
/Volumes/disk/J/Adult,M/MIDE/MIDE-994/MIDE-994.mp4,MIDE-994,/v/rMYqk,1,
/Volumes/disk/G/Adult,M/MIDV/MIDV-006/MIDV-006.mp4,MIDV-006,/v/dJdge,1,
/Volumes/disk/G/Adult,M/MIDV/MIDV-011/MIDV-011.mp4,MIDV-011,,,
/Volumes/disk/J/Adult,M/MIDV/MIDV-012/MIDV-012.mp4,MIDV-012,,,
/Volumes/disk/G/Adult,M/MIDV/MIDV-018/MIDV-018.mp4,MIDV-018,/v/BnMY9,1,
/Volumes/disk/D/Adult,unclass/MIDV-025/midv-025.mp4,MIDV-025,,,
/Volumes/disk/J/Adult,M/MIDV/MIDV-025/MIDV-025.mp4,MIDV-025,,,
/Volumes/disk/G/Adult,M/MIDV/MIDV-029/MIDV-029.mp4,MIDV-029,/v/mGzyD,1,
/Volumes/disk/G/Adult,M/MIDV/MIDV-032/MIDV-032.mp4,MIDV-032,/v/dX9X8,1,
/Volumes/disk/J/Adult,M/MID/MIDV-041/MIDV-041.mp4,MIDV-041,,,
/Volumes/disk/J/Adult,M/MIDV/MIDV-042/MIDV-042.mp4,MIDV-042,,,
/Volumes/disk/J/Adult,M/MIDV/MIDV-048/MIDV-048.mp4,MIDV-048,,,
/Volumes/disk/J/Adult,M/MIDV/MIDV-060/MIDV-060.mp4,MIDV-060,,,
/Volumes/disk/J/Adult,M/MIDV/MIDV-065/MIDV-065.mp4,MIDV-065,/v/RaJy8,1,
/Volumes/disk/J/Adult,M/MIDV/MIDV-068/MIDV-068.mp4,MIDV-068,,,
/Volumes/disk/G/Adult,M/MIDV/MIDV-069/MIDV-069.mp4,MIDV-069,/v/PzVJv,1,
/Volumes/disk/D/Adult,unclass/MIDV-073/midv-073.mp4,MIDV-073,,,
/Volumes/disk/D/Adult,unclass/MIDV-075/midv-075.mp4,MIDV-075,,,
/Volumes/disk/J/Adult,M/midv-080-C/midv-080.mp4,MIDV-080,,,
/Volumes/disk/D/Adult,M/MID/midv-087/midv-087.mp4,MIDV-087,/v/BY4da,1,
/Volumes/disk/G/Adult,M/MIDV/MIDV-087/MIDV-087.mp4,MIDV-087,/v/BY4da,1,
/Volumes/disk/J/Adult,M/MIDV-091-U/MIDV-091.mp4,MIDV-091,/v/WbQRK,1,
/Volumes/disk/D/Adult,M/MID/midv-092/midv-092.mp4,MIDV-092,,,
/Volumes/disk/D/Adult,unclass/MIDV-092/midv-092.mp4,MIDV-092,,,
/Volumes/disk/J/Adult,M/MIDV/MIDV-095/MIDV-095.mp4,MIDV-095,,,
/Volumes/disk/J/Adult,M/MIDV/midv-096-C/midv-096.mp4,MIDV-096,,,
/Volumes/disk/D/Adult,M/MID/midv-098/midv-098.mp4,MIDV-098,,,
/Volumes/disk/J/Adult,M/MID/midv-098/midv-098.mp4,MIDV-098,,,
/Volumes/disk/G/Adult,M/MIDV/MIDV-099/MIDV-099.mp4,MIDV-099,/v/BRkGG,1,
/Volumes/disk/J/Adult,M/MIDV-100-C_X1080X/MIDV-100.mp4,MIDV-100,,,
/Volumes/disk/G/Adult,M/MIDV/MIDV-109/MIDV-109.mp4,MIDV-109,/v/wW3YD,1,
/Volumes/disk/J/Adult,M/MIDV/MIDV-111-C_X1080X/MIDV-111.mp4,MIDV-111,,,
/Volumes/disk/J/Adult,M/MIDV/MIDV-114-C_X1080X/MIDV-114.mp4,MIDV-114,/v/1rmBW,1,
/Volumes/disk/J/Adult,M/MIDV/MIDV-120-C_60FPS_X1080X/MIDV-120.mp4,MIDV-120,,,
/Volumes/disk/G/Adult,M/MIDV/MIDV-131/MIDV-131.mp4,MIDV-131,,,
/Volumes/disk/J/Adult,M/MIDV/MIDV-137/MIDV-137.mp4,MIDV-137,,,
/Volumes/disk/J/Adult,M/MIDV/MIDV-139/MIDV-139.mp4,MIDV-139,,,
/Volumes/disk/J/Adult,M/MIDV/MIDV-141/MIDV-141.mp4,MIDV-141,,,
/Volumes/disk/G/Adult,M/MIDV/MIDV-152/MIDV-152.mp4,MIDV-152,/v/ZXrYdm,1,
/Volumes/disk/G/Adult,M/MIDV/MIDV-154/MIDV-154.mp4,MIDV-154,/v/E2GmdQ,1,
/Volumes/disk/J/Adult,M/MIDV/MIDV-154/MIDV-154.mp4,MIDV-154,/v/E2GmdQ,1,
/Volumes/disk/J/Adult,M/MIDV/MIDV-159/MIDV-159.mp4,MIDV-159,,,
/Volumes/disk/J/Adult,M/MIDV/midv-161-C/midv-161.mp4,MIDV-161,,,
/Volumes/disk/J/Adult,M/MID/midv-162/midv-162.mp4,MIDV-162,,,
/Volumes/disk/D/Adult,unclass/MIDV-164-U/MIDV-164-U.mp4,MIDV-164,,,
/Volumes/disk/J/Adult,M/MIDV/MIDV-170/MIDV-170.mp4,MIDV-170,,,
/Volumes/disk/D/Adult,unclass/MIDV-176/midv-176.mp4,MIDV-176,/v/vDeRrW,1,
/Volumes/disk/J/Adult,M/MIDV/MIDV-176/MIDV-176.mp4,MIDV-176,/v/vDeRrW,1,
/Volumes/disk/D/Adult,M/MID/MIDV-178/MIDV-178.mp4,MIDV-178,,,
/Volumes/disk/D/Adult,unclass/MIDV-178/midv-178.mp4,MIDV-178,,,
/Volumes/disk/J/Adult,M/MIDV/MIDV-183/MIDV-183.mp4,MIDV-183,,,
/Volumes/disk/D/Adult,unclass/MIDV-185-C/MIDV-185-C.mp4,MIDV-185,,,
/Volumes/disk/G/Adult,M/MIDV/MIDV-185/MIDV-185.mp4,MIDV-185,,,
/Volumes/disk/J/Adult,M/MIDV/MIDV-186/MIDV-186.mp4,MIDV-186,,,
/Volumes/disk/J/Adult,xunlei/MIDV-192-C_X1080X/MIDV-192.mp4,MIDV-192,/v/ak23nn,1,
/Volumes/disk/J/Adult,M/MIDV/MIDV-193-C/MIDV-193.mp4,MIDV-193,,,
/Volumes/disk/G/Adult,M/MIDV/MIDV-195/MIDV-195.mp4,MIDV-195,/v/xvZem6,1,
/Volumes/disk/J/Adult,M/MIDV/MIDV-199/MIDV-199.mp4,MIDV-199,,,
/Volumes/disk/J/Adult,M/MIDV/MIDV-203/MIDV-203.mp4,MIDV-203,,,
/Volumes/disk/D/Adult,M/MID/MIDV-207/MIDV-207.mp4,MIDV-207,,,
/Volumes/disk/G/Adult,M/MIDV/MIDV-208/MIDV-208.mp4,MIDV-208,,,
/Volumes/disk/J/Adult,M/MIDV/MIDV-211/MIDV-211.mp4,MIDV-211,,,
/Volumes/disk/G/Adult,M/MIDV/MIDV-214/MIDV-214.mp4,MIDV-214,/v/p3qgak,1,
/Volumes/disk/G/Adult,M/MIDV/MIDV-217/MIDV-217.mp4,MIDV-217,/v/ZXdJmX,1,
/Volumes/disk/J/Adult,M/MIDV/MIDV-228-C_X1080X/MIDV-228.mp4,MIDV-228,,,
/Volumes/disk/D/Adult,M/MID/MIDV-229/MIDV-229.mp4,MIDV-229,,,
/Volumes/disk/D/Adult,unclass/MIDV-229-C/MIDV-229-C.mp4,MIDV-229,,,
/Volumes/disk/D/Adult,unclass/MIDV-229-UC/MIDV-229-UC.mp4,MIDV-229,,,
/Volumes/disk/J/Adult,M/MID/midv-229/midv-229.mp4,MIDV-229,,,
/Volumes/disk/J/Adult,M/MIDV/MIDV-230/MIDV-230.mp4,MIDV-230,,,
/Volumes/disk/G/Adult,M/MIDV/MIDV-232/MIDV-232.mp4,MIDV-232,/v/PQGxEN,1,
/Volumes/disk/J/Adult,M/MIDV/MIDV-232/MIDV-232.mp4,MIDV-232,/v/PQGxEN,1,
/Volumes/disk/G/Adult,M/MIDV/MIDV-233/MIDV-233.mp4,MIDV-233,,,
/Volumes/disk/J/Adult,M/MIDV/MIDV-233-C/MIDV-233.mp4,MIDV-233,,,
/Volumes/disk/G/Adult,M/MIDV/MIDV-234/MIDV-234.mp4,MIDV-234,/v/45Azkp,1,
/Volumes/disk/J/Adult,M/MIDV/MIDV-234/MIDV-234.mp4,MIDV-234,/v/45Azkp,1,
/Volumes/disk/J/Adult,M/MIDV/MIDV-237-C_X1080X/MIDV-237.mp4,MIDV-237,,,
/Volumes/disk/D/Adult,M/MID/MIDV-241/MIDV-241.mp4,MIDV-241,,,
/Volumes/disk/D/Adult,unclass/MIDV-241-C/MIDV-241-C.mp4,MIDV-241,,,
/Volumes/disk/D/Adult,M/MID/MIDV-248/MIDV-248.mp4,MIDV-248,,,
/Volumes/disk/G/Adult,M/MIDV/MIDV-252/MIDV-252.mp4,MIDV-252,/v/2awZpm,1,
/Volumes/disk/G/Adult,M/MIDV/MIDV-253/MIDV-253.mp4,MIDV-253,,,
/Volumes/disk/J/Adult,M/MIDV/MIDV-253/MIDV-253.mp4,MIDV-253,,,
/Volumes/disk/G/Adult,M/MIDV/MIDV-255/MIDV-255.mp4,MIDV-255,/v/qD4XvD,1,
/Volumes/disk/J/Adult,M/MIDV/MIDV-256-C/MIDV-256.mp4,MIDV-256,,,
/Volumes/disk/J/Adult,M/MIDV/MIDV-258-C/MIDV-258.mp4,MIDV-258,/v/eKW95r,1,
/Volumes/disk/D/Adult,M/MID/MIDV-260/MIDV-260.mp4,MIDV-260,,,
/Volumes/disk/D/Adult,unclass/MIDV-260-C/MIDV-260-C.mp4,MIDV-260,,,
/Volumes/disk/G/Adult,M/MIDV/MIDV-260/MIDV-260.mp4,MIDV-260,,,
/Volumes/disk/D/Adult,unclass/MIDV-262/midv-262.mp4,MIDV-262,,,
/Volumes/disk/G/Adult,M/MIDV/MIDV-262/MIDV-262.mp4,MIDV-262,,,
/Volumes/disk/J/Adult,M/MIDV/MIDV-263-C/MIDV-263.mp4,MIDV-263,,,
/Volumes/disk/J/Adult,M/MIDV/MIDV-264/MIDV-264.mp4,MIDV-264,,,
/Volumes/disk/J/Adult,M/MIDV/MIDV-266-C/MIDV-266.mp4,MIDV-266,,,
/Volumes/disk/D/Adult,M/MID/MIDV-267/MIDV-267.mp4,MIDV-267,,,
/Volumes/disk/J/Adult,M/MIDV/MIDV-269/MIDV-269.mp4,MIDV-269,,,
/Volumes/disk/J/Adult,M/MID/midv-271/midv-271.mp4,MIDV-271,/v/g0K5km,1,
/Volumes/disk/G/Adult,M/MIDV/MIDV-272/MIDV-272.mp4,MIDV-272,,,
/Volumes/disk/J/Adult,M/MIDV/MIDV-272/MIDV-272.mp4,MIDV-272,,,
/Volumes/disk/D/Adult,unclass/MIDV-277/midv-277.mp4,MIDV-277,,,
/Volumes/disk/G/Adult,M/MIDV/MIDV-279/MIDV-279.mp4,MIDV-279,/v/wq7QQm,1,
/Volumes/disk/J/Adult,M/MIDV/MIDV-281-C/MIDV-281.mp4,MIDV-281,,,
/Volumes/disk/D/Adult,M/MID/MIDV-285/MIDV-285.mp4,MIDV-285,,,
/Volumes/disk/J/Adult,M/MID/midv-285/midv-285.mp4,MIDV-285,,,
/Volumes/disk/J/Adult,M/MIDV/MIDV-287/MIDV-287.mp4,MIDV-287,,,
/Volumes/disk/J/Adult,M/MIDV/MIDV-290/MIDV-290.mp4,MIDV-290,,,
/Volumes/disk/G/Adult,M/MIDV/MIDV-294/MIDV-294.mp4,MIDV-294,/v/B85xwG,1,
/Volumes/disk/D/Adult,unclass/MIDV-301/midv-301.mp4,MIDV-301,,,
/Volumes/disk/J/Adult,M/MIDV/MIDV-307-C/MIDV-307.mp4,MIDV-307,,,
/Volumes/disk/J/Adult,M/MIDV-309-C/MIDV-309.mp4,MIDV-309,,,
/Volumes/disk/J/Adult,M/MIDV/MIDV-311/MIDV-311.mp4,MIDV-311,,,
/Volumes/disk/G/Adult,M/MIDV/MIDV-315/MIDV-315.mp4,MIDV-315,/v/B89GyO,1,
/Volumes/disk/J/Adult,M/MIDV/MIDV-322-U/MIDV-322.mp4,MIDV-322,,,
/Volumes/disk/J/Adult,M/MIDV/MIDV-326/MIDV-326.mp4,MIDV-326,,,
/Volumes/disk/J/Adult,M/MIDV/MIDV-339-C/MIDV-339.mp4,MIDV-339,,,
/Volumes/disk/D/Adult,unclass/midv-354-UC/midv-354-UC.mp4,MIDV-354,/v/8Vdpna,1,
/Volumes/disk/J/Adult,M/MIDV/MIDV-354/MIDV-354.mp4,MIDV-354,/v/8Vdpna,1,
/Volumes/disk/J/Adult,M/MIDV/MIDV-355/MIDV-355.mp4,MIDV-355,,,
/Volumes/disk/G/Adult,M/MIDV/MIDV-359/MIDV-359.mp4,MIDV-359,/v/xvx7EB,1,
/Volumes/disk/D/Adult,M/MID/MIDV-361/MIDV-361.mp4,MIDV-361,,,
/Volumes/disk/D/Adult,unclass/MIDV-361-C/MIDV-361-C.mp4,MIDV-361,,,
/Volumes/disk/D/Adult,unclass/MIDV-361/midv-361.mp4,MIDV-361,,,
/Volumes/disk/J/Adult,M/MIDV/MIDV-373/MIDV-373.mp4,MIDV-373,,,
/Volumes/disk/J/Adult,M/MIDV/MIDV-375/MIDV-375.mp4,MIDV-375,,,
/Volumes/disk/J/Adult,M/MIDV/MIDV-377/MIDV-377.mp4,MIDV-377,,,
/Volumes/disk/J/Adult,M/MIDV/MIDV-383/MIDV-383.mp4,MIDV-383,/v/k4GdZ0,1,
/Volumes/disk/J/Adult,M/MIDV/MIDV-384-C/MIDV-384.mp4,MIDV-384,,,
/Volumes/disk/J/Adult,M/MID/MIDV-386/MIDV-386.mp4,MIDV-386,/v/D2eg4k,1,
/Volumes/disk/J/Adult,M/MID/MIDV-387/MIDV-387.mp4,MIDV-387,,,
/Volumes/disk/J/Adult,M/MIDV/MIDV-396/MIDV-396.mp4,MIDV-396,,,
/Volumes/disk/J/Adult,M/MID/MIDV-404/MIDV-404.mp4,MIDV-404,,,
/Volumes/disk/J/Adult,M/MIDV/MIDV-408/MIDV-408.mp4,MIDV-408,,,
/Volumes/disk/D/Adult,unclass/MIDV-410/midv-410.mp4,MIDV-410,,,
/Volumes/disk/J/Adult,M/MIDV/MIDV-413/MIDV-413.mp4,MIDV-413,/v/akGQBn,1,
/Volumes/disk/J/Adult,M/midv-430/midv-430.mp4,MIDV-430,,,
/Volumes/disk/D/Adult,unclass/MIDV-433-UC/MIDV-433-UC.mp4,MIDV-433,,,
/Volumes/disk/J/Adult,M/MIDV/MIDV-433/MIDV-433.mp4,MIDV-433,,,
/Volumes/disk/D/Adult,unclass/MIDV-437/midv-437.mp4,MIDV-437,,,
/Volumes/disk/J/Adult,M/MIDV/MIDV-442/MIDV-442.mp4,MIDV-442,/v/qD2BnM,1,
/Volumes/disk/J/Adult,M/MIDV/MIDV-459/MIDV-459.mp4,MIDV-459,,,
/Volumes/disk/J/Adult,M/MID/MIDV-467/MIDV-467.mp4,MIDV-467,,,
/Volumes/disk/J/Adult,M/MIDV/MIDV-491/MIDV-491.mp4,MIDV-491,,,
/Volumes/disk/J/Adult,M/MIDV/MIDV-497/MIDV-497.mp4,MIDV-497,,,
/Volumes/disk/J/Adult,M/midv-498/midv-498.mp4,MIDV-498,,,
/Volumes/disk/J/Adult,M/MIDV/midv-507-4k/midv-507.mp4,MIDV-507,,,
/Volumes/disk/J/Adult,M/MIDV/MIDV-513/MIDV-513.mp4,MIDV-513,,,
/Volumes/disk/J/Adult,M/MIDV/MIDV-516-C/MIDV-516.mp4,MIDV-516,,,
/Volumes/disk/J/Adult,M/MIDV/MIDV-518-C/MIDV-518.mp4,MIDV-518,,,
/Volumes/disk/J/Adult,M/MIDV/MIDV-519-C/MIDV-519.mp4,MIDV-519,,,
/Volumes/disk/J/Adult,M/MIDV/MIDV-524-C/MIDV-524.mp4,MIDV-524,,,
/Volumes/disk/J/Adult,M/MIDV/midv-531/midv-531.mp4,MIDV-531,/v/xv7dR8,1,
/Volumes/disk/D/Adult,unclass/MIDV-554/midv-554.mp4,MIDV-554,,,
/Volumes/disk/D/Adult,unclass/MIDV-611/midv-611.mp4,MIDV-611,,,
/Volumes/disk/D/Adult,unclass/midv-639/midv-639.mp4,MIDV-639,,,
/Volumes/disk/D/Adult,unclass/MIDV-651/midv-651.mp4,MIDV-651,,,
/Volumes/disk/D/Adult,unclass/midv-654/midv-654.mp4,MIDV-654,/v/xANEqV,1,
/Volumes/disk/D/Adult,unclass/MIDV-657/midv-657.mp4,MIDV-657,,,
/Volumes/disk/D/Adult,unclass/MIDV-707/midv-707.mp4,MIDV-707,,,
/Volumes/disk/D/Adult,unclass/MIDV-719/midv-719.mp4,MIDV-719,,,
/Volumes/disk/D/Adult,unclass/MIDV-804/midv-804.mp4,MIDV-804,,,
/Volumes/disk/D/Adult,unclass/MIDV-893/midv-893.mp4,MIDV-893,,,
/Volumes/disk/D/Adult,unclass/MIDV-910/midv-910.mp4,MIDV-910,,,
/Volumes/disk/D/Adult,unclass/MIDV-940/midv-940.mp4,MIDV-940,,,
/Volumes/disk/D/Adult,unclass/MIDV-962/midv-962.mp4,MIDV-962,/v/a880xR,1,
/Volumes/disk/D/Adult,unclass/MIDV-988/midv-988.mp4,MIDV-988,,,
/Volumes/disk/D/Adult,unclass/MIDV-998/midv-998.mp4,MIDV-998,,,
/Volumes/disk/D/Adult,unclass/MIDV-999-UC/MIDV-999-UC.mp4,MIDV-999,/v/3nnxq0,1,
/Volumes/disk/G/Adult,M/MIFD/MIFD-062/MIFD-062.mp4,MIFD-062,,,
/Volumes/disk/D/Adult,M/MIF/mifd-108/mifd-108.mp4,MIFD-108,/v/XVJ1P,1,
/Volumes/disk/G/Adult,M/MIFD/MIFD-112/MIFD-112.mp4,MIFD-112,,,
/Volumes/disk/G/Adult,M/MIFD/MIFD-117/MIFD-117.mp4,MIFD-117,/v/5NvvD,1,
/Volumes/disk/D/Adult,M/MIF/MIFD-188/MIFD-188.mp4,MIFD-188,,,
/Volumes/disk/J/Adult,M/MIFD-201/MIFD-201.mp4,MIFD-201,,,
/Volumes/disk/D/Adult,M/MIF/MIFD-205/MIFD-205.mp4,MIFD-205,,,
/Volumes/disk/J/Adult,M/MIFD-228-C/MIFD-228.mp4,MIFD-228,,,
/Volumes/disk/D/Adult,unclass/MIFD-249/mifd-249.mp4,MIFD-249,,,
/Volumes/disk/J/Adult,M/MIFD/MIFD-249/MIFD-249.mp4,MIFD-249,,,
/Volumes/disk/J/Adult,M/MIFD-251-C/MIFD-251.mp4,MIFD-251,,,
/Volumes/disk/J/Adult,M/mifd-254/mifd-254.mp4,MIFD-254,,,
/Volumes/disk/J/Adult,M/migd-763-C/migd-763.mp4,MIGD-763,/v/xWYP,1,
/Volumes/disk/J/Adult,M/MIGD/MIGD-766/MIGD-766.mp4,MIGD-766,/v/37k9,1,
/Volumes/disk/D/Adult,unclass/MIH-012/mih-012.mp4,MIH-012,/v/OXXznO,1,
/Volumes/disk/D/Adult,unclass/MIH-013/mih-013.mp4,MIH-013,/v/pkNNaw,1,
/Volumes/disk/D/Adult,unclass/MIH-014/mih-014.mp4,MIH-014,/v/deZ0eM,1,
/Volumes/disk/D/Adult,M/MIL/milk-118/milk-118.mp4,MILK-118,,,
/Volumes/disk/J/Adult,M/MILK/MILK-139/MILK-139.mp4,MILK-139,/v/nm416,1,
/Volumes/disk/J/Adult,M/MILK/MILK-152/MILK-152.mp4,MILK-152,/v/5EnRRD,1,
/Volumes/disk/J/Adult,M/MILK-172/MILK-172.mp4,MILK-172,/v/p3Xnak,1,
/Volumes/disk/D/Adult,M/MIL/MILK-176/MILK-176.mp4,MILK-176,,,
/Volumes/disk/J/Adult,M/MILK/MILK-184/MILK-184.mp4,MILK-184,/v/W18W9K,1,
/Volumes/disk/J/Adult,M/MILK/MILK-185/MILK-185.mp4,MILK-185,/v/9D9wJq,1,
/Volumes/disk/J/Adult,M/MILK-189/MILK-189.mp4,MILK-189,/v/eKGM2M,1,
/Volumes/disk/D/Adult,unclass/MILK-237/milk-237.mp4,MILK-237,/v/XeE2X4,1,
/Volumes/disk/D/Adult,M/MIM/mimk-079/mimk-079.mp4,MIMK-079,/v/2k3My,1,
/Volumes/disk/G/Adult,M/MIMK/MIMK-080/MIMK-080.mp4,MIMK-080,/v/vRgKG,1,
/Volumes/disk/G/Adult,M/MIMK/MIMK-090/MIMK-090.mp4,MIMK-090,,,
/Volumes/disk/J/Adult,M/MIMK/MIMK-090/MIMK-090.mp4,MIMK-090,,,
/Volumes/disk/J/Adult,M/MIMK-107/MIMK-107.mp4,MIMK-107,/v/rmOzXz,1,
/Volumes/disk/D/Adult,unclass/MIMK-175/mimk-175.mp4,MIMK-175,/v/5nndA6,1,
/Volumes/disk/D/Adult,unclass/MIMK-179/mimk-179.mp4,MIMK-179,,,
/Volumes/disk/D/Adult,unclass/MIMK-186-U/MIMK-186-U.mp4,MIMK-186,,,
/Volumes/disk/D/Adult,unclass/MIMK-188/mimk-188.mp4,MIMK-188,,,
/Volumes/disk/D/Adult,unclass/MIMK-194/mimk-194.mp4,MIMK-194,,,
/Volumes/disk/D/Adult,unclass/MIMK-208/mimk-208.mp4,MIMK-208,/v/a82ZkX,1,
/Volumes/disk/J/Adult,M/MIR/MIRD-199/MIRD-199.mp4,MIRD-199,/v/kyaB0,1,
/Volumes/disk/G/Adult,M/MIRD/MIRD-204/MIRD-204.mp4,MIRD-204,/v/7QG34,1,
/Volumes/disk/G/Adult,M/MIRD/MIRD-215/MIRD-215.mp4,MIRD-215,/v/b89O6,1,
/Volumes/disk/G/Adult,M/MISM/MISM-121/MISM-121.mp4,MISM-121,/v/wG4qb,1,
/Volumes/disk/G/Adult,M/MISM/MISM-185/MISM-185.mp4,MISM-185,,,
/Volumes/disk/J/Adult,M/mism-280/mism-280.mp4,MISM-280,,,
/Volumes/disk/J/Adult,M/MISM-286/MISM-286.mp4,MISM-286,/v/6536q7,1,
/Volumes/disk/J/Adult,M/MIST/MIST-356/MIST-356.mp4,MIST-356,/v/YdBex,1,
/Volumes/disk/J/Adult,M/MIST/MIST-393/MIST-393.mp4,MIST-393,,,
/Volumes/disk/D/Adult,unclass/MIST-454/mist-454.mp4,MIST-454,/v/QNNQnJ,1,
/Volumes/disk/D/Adult,unclass/MIST-458/mist-458.mp4,MIST-458,/v/kKB20N,1,
/Volumes/disk/D/Adult,M/MIU/MIUM-086/MIUM-086.mp4,MIUM-086,,,
/Volumes/disk/J/Adult,0/300MIUM-1022/300MIUM-1022.mp4,MIUM-1022,,,
/Volumes/disk/J/Adult,0/300MIUM-349/300MIUM-349.mp4,MIUM-349,,,
/Volumes/disk/D/Adult,M/MIU/MIUM-366/MIUM-366.mp4,MIUM-366,/v/PqGRv,1,
/Volumes/disk/D/Adult,M/MIU/MIUM-419/MIUM-419.mp4,MIUM-419,/v/KnmwM,1,
/Volumes/disk/D/Adult,M/MIU/MIUM-440/MIUM-440.mp4,MIUM-440,,,
/Volumes/disk/D/Adult,M/MIU/mium-544/mium-544.mp4,MIUM-544,/v/BWak1,1,
/Volumes/disk/G/Adult,M/MIUM/MIUM-615/MIUM-615.mp4,MIUM-615,,,
/Volumes/disk/G/Adult,M/MIUM/MIUM-623/MIUM-623.mp4,MIUM-623,/v/q7wQM,1,
/Volumes/disk/G/Adult,M/MIUM/MIUM-632/MIUM-632.mp4,MIUM-632,/v/QbWgK,1,
/Volumes/disk/J/Adult,M/MIU/MIUM-801/MIUM-801.mp4,MIUM-801,,,
/Volumes/disk/G/Adult,M/MIUM/MIUM-802/MIUM-802.mp4,MIUM-802,,,
/Volumes/disk/G/Adult,M/MIUM/MIUM-806/MIUM-806.mp4,MIUM-806,,,
/Volumes/disk/G/Adult,M/MIUM/MIUM-820/MIUM-820.mp4,MIUM-820,/v/KwnpP,1,
/Volumes/disk/D/Adult,M/MIU/MIUM-824/MIUM-824.mp4,MIUM-824,/v/09KBk,1,
/Volumes/disk/J/Adult,0/300MIUM-825/300MIUM-825.mp4,MIUM-825,/v/pwr8m,1,
/Volumes/disk/G/Adult,M/MIUM/MIUM-826/MIUM-826.mp4,MIUM-826,/v/O5KAA,1,
/Volumes/disk/D/Adult,M/MIU/MIUM-834/MIUM-834.mp4,MIUM-834,/v/meK9Q5,1,
/Volumes/disk/J/Adult,0/300MIUM-834/300MIUM-834.mp4,MIUM-834,/v/meK9Q5,1,
/Volumes/disk/D/Adult,M/MIU/MIUM-837/MIUM-837.mp4,MIUM-837,,,
/Volumes/disk/J/Adult,0/300MIUM-837/300MIUM-837.mp4,MIUM-837,,,
/Volumes/disk/G/Adult,M/MIUM/MIUM-841/MIUM-841.mp4,MIUM-841,/v/meJO4Z,1,
/Volumes/disk/G/Adult,M/MIUM/MIUM-843/MIUM-843.mp4,MIUM-843,,,
/Volumes/disk/J/Adult,0/300MIUM-847/300MIUM-847.mp4,MIUM-847,/v/65q6M9,1,
/Volumes/disk/G/Adult,M/MIUM/MIUM-848/MIUM-848.mp4,MIUM-848,,,
/Volumes/disk/D/Adult,M/MIU/MIUM-851/MIUM-851.mp4,MIUM-851,/v/xvew98,1,
/Volumes/disk/G/Adult,M/MIUM/MIUM-856/MIUM-856.mp4,MIUM-856,,,
/Volumes/disk/D/Adult,M/MIU/MIUM-857/MIUM-857.mp4,MIUM-857,,,
/Volumes/disk/G/Adult,M/MIUM/MIUM-860/MIUM-860.mp4,MIUM-860,,,
/Volumes/disk/J/Adult,0/300MIUM-863/300MIUM-863.mp4,MIUM-863,,,
/Volumes/disk/G/Adult,M/MIUM/MIUM-866/MIUM-866.mp4,MIUM-866,/v/PQV2be,1,
/Volumes/disk/J/Adult,M/MIU/MIUM-872/MIUM-872.mp4,MIUM-872,/v/359Jxw,1,
/Volumes/disk/J/Adult,M/MIU/MIUM-876/MIUM-876.mp4,MIUM-876,,,
/Volumes/disk/J/Adult,0/300MIUM-883/300MIUM-883.mp4,MIUM-883,,,
/Volumes/disk/J/Adult,0/300MIUM-887/300MIUM-887.mp4,MIUM-887,/v/2aW8mq,1,
/Volumes/disk/J/Adult,0/300MIUM-891/300MIUM-891.mp4,MIUM-891,/v/K45Jg7,1,
/Volumes/disk/J/Adult,M/MIU/MIUM-894/MIUM-894.mp4,MIUM-894,,,
/Volumes/disk/D/Adult,M/MIU/MIUM-899/MIUM-899.mp4,MIUM-899,,,
/Volumes/disk/J/Adult,0/300MIUM-900/300MIUM-900.mp4,MIUM-900,/v/g0Z7OG,1,
/Volumes/disk/D/Adult,M/MIU/MIUM-904/MIUM-904.mp4,MIUM-904,,,
/Volumes/disk/J/Adult,0/300MIUM-907/300MIUM-907.mp4,MIUM-907,/v/NwyMMN,1,
/Volumes/disk/J/Adult,0/300MIUM-913/300MIUM-913.mp4,MIUM-913,/v/J2gpxA,1,
/Volumes/disk/D/Adult,M/MIU/MIUM-919/MIUM-919.mp4,MIUM-919,/v/qDm3z3,1,
/Volumes/disk/J/Adult,0/300MIUM-920/300MIUM-920.mp4,MIUM-920,/v/Yn01dK,1,
/Volumes/disk/J/Adult,0/300MIUM-923/300MIUM-923.mp4,MIUM-923,,,
/Volumes/disk/D/Adult,M/MIU/MIUM-924/MIUM-924.mp4,MIUM-924,,,
/Volumes/disk/J/Adult,0/300MIUM-924/300MIUM-924.mp4,MIUM-924,,,
/Volumes/disk/J/Adult,M/MIUM/MIUM-925/MIUM-925.mp4,MIUM-925,/v/E2R9w2,1,
/Volumes/disk/D/Adult,M/MIU/MIUM-926/MIUM-926.mp4,MIUM-926,,,
/Volumes/disk/D/Adult,M/MIU/MIUM-935/MIUM-935.mp4,MIUM-935,/v/D27Nka,1,
/Volumes/disk/J/Adult,0/300MIUM-948/300MIUM-948.mp4,MIUM-948,,,
/Volumes/disk/D/Adult,M/MIU/MIUM-958/MIUM-958.mp4,MIUM-958,/v/AzY5W0,1,
/Volumes/disk/D/Adult,M/MIU/MIUM-968/MIUM-968.mp4,MIUM-968,,,
/Volumes/disk/D/Adult,M/MIU/MIUM-974/MIUM-974.mp4,MIUM-974,,,
/Volumes/disk/D/Adult,M/MIU/MIUM-981/MIUM-981.mp4,MIUM-981,/v/NwzWXg,1,
/Volumes/disk/D/Adult,M/MIU/MIUM-982/MIUM-982.mp4,MIUM-982,/v/8VrR3K,1,
/Volumes/disk/D/Adult,M/MIZ/MIZD-090/MIZD-090.mp4,MIZD-090,/v/A5r0,1,
/Volumes/disk/G/Adult,M/MIZD/MIZD-111/MIZD-111.mp4,MIZD-111,/v/a89kr,1,
/Volumes/disk/D/Adult,M/MIZ/MIZD-125/MIZD-125.mp4,MIZD-125,/v/DYZRk,1,
/Volumes/disk/G/Adult,M/MIZD/MIZD-125/MIZD-125.mp4,MIZD-125,/v/DYZRk,1,
/Volumes/disk/D/Adult,M/MIZ/MIZD-152/MIZD-152.mp4,MIZD-152,/v/v4ndz,1,
/Volumes/disk/D/Adult,M/MIZ/MIZD-154/MIZD-154.mp4,MIZD-154,/v/Evgxd,1,
/Volumes/disk/D/Adult,M/MIZ/MIZD-224/MIZD-224.mp4,MIZD-224,/v/324na,1,
/Volumes/disk/G/Adult,M/MIZD/MIZD-237/MIZD-237.mp4,MIZD-237,/v/1gkZv,1,
/Volumes/disk/D/Adult,M/MIZ/MIZD-238/MIZD-238.mp4,MIZD-238,/v/xkEgB,1,
/Volumes/disk/D/Adult,M/MIZ/MIZD-240/MIZD-240.mp4,MIZD-240,/v/3MJQD,1,
/Volumes/disk/J/Adult,M/MIZ/MIZD-241/MIZD-241.mp4,MIZD-241,/v/4P7DE,1,
/Volumes/disk/D/Adult,M/MIZ/MIZD-266/MIZD-266.mp4,MIZD-266,/v/b1z9e,1,
/Volumes/disk/D/Adult,M/MIZ/MIZD-268/MIZD-268.mp4,MIZD-268,/v/p6Dwm,1,
/Volumes/disk/G/Adult,M/MIZD/MIZD-268/MIZD-268.mp4,MIZD-268,/v/p6Dwm,1,
/Volumes/disk/J/Adult,M/MIZD/MIZD-268/MIZD-268.mp4,MIZD-268,/v/p6Dwm,1,
/Volumes/disk/J/Adult,M/MIZD/MIZD-271/MIZD-271.mp4,MIZD-271,/v/524bz,1,
/Volumes/disk/D/Adult,M/MIZ/MIZD-277/MIZD-277.mp4,MIZD-277,/v/mN05v,1,
/Volumes/disk/D/Adult,M/MIZ/mizd-277/mizd-277.mp4,MIZD-277,/v/mN05v,1,
/Volumes/disk/D/Adult,unclass/MIZD-277/mizd-277.mp4,MIZD-277,/v/mN05v,1,
/Volumes/disk/G/Adult,M/MIZD/MIZD-277/MIZD-277.mp4,MIZD-277,/v/mN05v,1,
/Volumes/disk/D/Adult,M/MIZ/MIZD-293/MIZD-293.mp4,MIZD-293,/v/K4mPPb,1,
/Volumes/disk/G/Adult,M/MIZD/MIZD-293/MIZD-293.mp4,MIZD-293,/v/K4mPPb,1,
/Volumes/disk/D/Adult,M/MIZ/MIZD-295/MIZD-295.mp4,MIZD-295,/v/g0ODrQ,1,
/Volumes/disk/G/Adult,M/MIZD/MIZD-300/MIZD-300.mp4,MIZD-300,/v/ZXdJkP,1,
/Volumes/disk/J/Adult,M/MIZD-300/MIZD-300.mp4,MIZD-300,/v/ZXdJkP,1,
/Volumes/disk/G/Adult,M/MIZD/MIZD-302/MIZD-302.mp4,MIZD-302,/v/k432PN,1,
/Volumes/disk/J/Adult,M/MIZD-302/MIZD-302.mp4,MIZD-302,/v/k432PN,1,
/Volumes/disk/D/Adult,M/MIZ/MIZD-304/MIZD-304.mp4,MIZD-304,/v/MmnxDJ,1,
/Volumes/disk/D/Adult,unclass/MIZD-304/mizd-304.mp4,MIZD-304,/v/MmnxDJ,1,
/Volumes/disk/G/Adult,M/MIZD/MIZD-304/MIZD-304.mp4,MIZD-304,/v/MmnxDJ,1,
/Volumes/disk/G/Adult,M/MIZD/MIZD-308/MIZD-308.mp4,MIZD-308,/v/bAOYNd,1,
/Volumes/disk/J/Adult,M/MIZD/MIZD-308/MIZD-308.mp4,MIZD-308,/v/bAOYNd,1,
/Volumes/disk/J/Adult,M/MIZD-314/MIZD-314.mp4,MIZD-314,/v/zKQeab,1,
/Volumes/disk/G/Adult,M/MIZD/MIZD-322/MIZD-322.mp4,MIZD-322,/v/B8Ex0G,1,
/Volumes/disk/J/Adult,M/MIZD/MIZD-335/MIZD-335.mp4,MIZD-335,/v/45rpdJ,1,
/Volumes/disk/J/Adult,M/MIZD/MIZD-337/MIZD-337.mp4,MIZD-337,/v/J2XmyW,1,
/Volumes/disk/J/Adult,M/MIZD/MIZD-344/MIZD-344.mp4,MIZD-344,/v/akMQwO,1,
/Volumes/disk/D/Adult,unclass/MIZD-384/mizd-384.mp4,MIZD-384,/v/6d5ndZ,1,
/Volumes/disk/D/Adult,unclass/MIZD-385/mizd-385.mp4,MIZD-385,/v/Aqz1JO,1,
/Volumes/disk/D/Adult,unclass/MIZD-406/mizd-406.mp4,MIZD-406,/v/DRREA5,1,
/Volumes/disk/D/Adult,unclass/MIZD-420/mizd-420.mp4,MIZD-420,/v/Aqq6pP,1,
/Volumes/disk/D/Adult,unclass/MIZD-423/mizd-423.mp4,MIZD-423,/v/QNNOqM,1,
/Volumes/disk/D/Adult,unclass/MIZD-424/mizd-424.mp4,MIZD-424,/v/J04vyW,1,
/Volumes/disk/D/Adult,unclass/MIZD-426/MIZD-426.part1.mp4,MIZD-426,/v/OXQvqA,1,
/Volumes/disk/D/Adult,unclass/MIZD-426/MIZD-426.part2.mp4,MIZD-426,/v/OXQvqA,1,
/Volumes/disk/J/Adult,M/MIZD/MIZD-984/MIZD-984.mp4,MIZD-984,/v/KB35b,1,
/Volumes/disk/G/Adult,M/MIZD/MIZD-991/MIZD-991.mp4,MIZD-991,/v/Yg0YD,1,
/Volumes/disk/G/Adult,M/MIZD/MIZD-999/MIZD-999.mp4,MIZD-999,,,
/Volumes/disk/J/Adult,M/MKCK-324/MKCK-324.mp4,MKCK-324,/v/0RMvva,1,
/Volumes/disk/G/Adult,M/MKD/MKD-075/MKD-075.avi,MKD-075,,,
/Volumes/disk/G/Adult,M/MKD/MKD-076/MKD-076.avi,MKD-076,,,
/Volumes/disk/G/Adult,M/MKD/MKD-077/MKD-077.avi,MKD-077,,,
/Volumes/disk/J/Adult,0/704MKGF-007/704MKGF-007.mp4,MKGF-007,/v/D2kdpp,1,
/Volumes/disk/D/Adult,M/MKM/MKMP-339/MKMP-339.mp4,MKMP-339,,,
/Volumes/disk/G/Adult,M/MKMP/MKMP-423/MKMP-423.mp4,MKMP-423,/v/adM33,1,
/Volumes/disk/J/Adult,M/MKMP-461/MKMP-461.mp4,MKMP-461,/v/9Rn4g,1,
/Volumes/disk/D/Adult,unclass/MKMP-489/mkmp-489.mp4,MKMP-489,/v/yr70Mr,1,
/Volumes/disk/J/Adult,M/MKMP-489/MKMP-489.mp4,MKMP-489,/v/yr70Mr,1,
/Volumes/disk/D/Adult,unclass/MKMP-500/mkmp-500.mp4,MKMP-500,/v/me700Y,1,
/Volumes/disk/J/Adult,M/MKM/mkmp-510/mkmp-510.mp4,MKMP-510,/v/2ax9Bm,1,
/Volumes/disk/G/Adult,M/MKMP/MKMP-523/MKMP-523.mp4,MKMP-523,/v/QVANrJ,1,
/Volumes/disk/J/Adult,M/MKMP/MKMP-524/MKMP-524.mp4,MKMP-524,/v/E20b6J,1,
/Volumes/disk/J/Adult,M/MKON/MKON-052/MKON-052.mp4,MKON-052,,,
/Volumes/disk/G/Adult,M/MKON/MKON-055/MKON-055.mp4,MKON-055,/v/JyR3B,1,
/Volumes/disk/J/Adult,M/MKON/MKON-062/MKON-062.mp4,MKON-062,/v/Q5PO4,1,
/Volumes/disk/J/Adult,M/MKON/MKON-065/MKON-065.mp4,MKON-065,/v/dBgEB,1,
/Volumes/disk/J/Adult,M/MKON-073/MKON-073.mp4,MKON-073,/v/1OMnZ,1,
/Volumes/disk/G/Adult,M/MKON/MKON-081/MKON-081.mp4,MKON-081,,,
/Volumes/disk/J/Adult,M/MKON-081/MKON-081.mp4,MKON-081,,,
/Volumes/disk/G/Adult,M/MKON/MKON-084/MKON-084.mp4,MKON-084,,,
/Volumes/disk/G/Adult,M/MKON/MKON-085/MKON-085.mp4,MKON-085,/v/2aD4bm,1,
/Volumes/disk/D/Adult,M/MKO/MKON-088/MKON-088.mp4,MKON-088,/v/yrMkXa,1,
/Volumes/disk/J/Adult,M/MKON-093/MKON-093.mp4,MKON-093,,,
/Volumes/disk/J/Adult,M/MKON-094/MKON-094.mp4,MKON-094,,,
/Volumes/disk/J/Adult,M/MLA/MLA-102/MLA-102.mp4,MLA-102,/v/NwOnXZ,1,
/Volumes/disk/J/Adult,M/MLA/MLA-154/MLA-154.mp4,MLA-154,/v/45ydgp,1,
/Volumes/disk/J/Adult,M/MLA/MLA-164/MLA-164.mp4,MLA-164,,,
/Volumes/disk/J/Adult,M/MLA/MLA-167/MLA-167.mp4,MLA-167,,,
/Volumes/disk/J/Adult,M/MMKS/MMKS-026/MMKS-026.mp4,MMKS-026,/v/bAZB3d,1,
/Volumes/disk/G/Adult,M/MMND/MMND-151/MMND-151.mp4,MMND-151,/v/J2BzR,1,
/Volumes/disk/G/Adult,M/MMNT/MMNT-008/MMNT-008.mp4,MMNT-008,,,
/Volumes/disk/J/Adult,M/MMRAA-256/MMRAA-256.mp4,MMRAA-256,,,
/Volumes/disk/J/Adult,M/MMUS/MMUS-020/MMUS-020.mp4,MMUS-020,/v/WwBn8,1,
/Volumes/disk/J/Adult,M/MMUS/MMUS-032/MMUS-032.mp4,MMUS-032,/v/zk3WE,1,
/Volumes/disk/G/Adult,M/MMUS/MMUS-034/MMUS-034.mp4,MMUS-034,,,
/Volumes/disk/J/Adult,M/MMU/MMUS-034/MMUS-034.mp4,MMUS-034,,,
/Volumes/disk/G/Adult,M/MMUS/MMUS-043/MMUS-043.mp4,MMUS-043,/v/GQzp2,1,
/Volumes/disk/J/Adult,M/MMUS/MMUS-048/MMUS-048.mp4,MMUS-048,/v/P0VBe,1,
/Volumes/disk/D/Adult,M/MMU/MMUS-059/MMUS-059.mp4,MMUS-059,,,
/Volumes/disk/G/Adult,M/MMUS/MMUS-059/MMUS-059.mp4,MMUS-059,,,
/Volumes/disk/J/Adult,M/MMUS-059/MMUS-059.mp4,MMUS-059,,,
/Volumes/disk/G/Adult,M/MMUS/MMUS-061/MMUS-061.mp4,MMUS-061,/v/eQGxE,1,
/Volumes/disk/J/Adult,M/MMUS-061/MMUS-061.mp4,MMUS-061,/v/eQGxE,1,
/Volumes/disk/G/Adult,M/MMUS/MMUS-068/MMUS-068.mp4,MMUS-068,/v/d4ZDwg,1,
/Volumes/disk/J/Adult,M/MMUS-068/MMUS-068.mp4,MMUS-068,/v/d4ZDwg,1,
/Volumes/disk/J/Adult,M/MMUS/MMUS-071/MMUS-071.mp4,MMUS-071,,,
/Volumes/disk/J/Adult,M/MMUS/MMUS-072/MMUS-072.mp4,MMUS-072,,,
/Volumes/disk/G/Adult,M/MMUS/MMUS-073/MMUS-073.mp4,MMUS-073,,,
/Volumes/disk/G/Adult,M/MMUS/MMUS-074/MMUS-074.mp4,MMUS-074,,,
/Volumes/disk/J/Adult,M/MMUS/MMUS-076/MMUS-076.mp4,MMUS-076,/v/meWAVn,1,
/Volumes/disk/D/Adult,unclass/MMUS-095/mmus-095.mp4,MMUS-095,,,
/Volumes/disk/J/Adult,M/MNKS/MNKS-003/MNKS-003.mp4,MNKS-003,/v/vDGZz,1,
/Volumes/disk/J/Adult,M/MNSE-027/MNSE-027.mp4,MNSE-027,/v/4kr3E,1,
/Volumes/disk/J/Adult,M/MNSE/MNSE-030/MNSE-030.mp4,MNSE-030,/v/8KkzW,1,
/Volumes/disk/G/Adult,M/MOGI/MOGI-017/MOGI-017.mp4,MOGI-017,/v/DqxQk,1,
/Volumes/disk/J/Adult,M/MOG/mogi-029/mogi-029.mp4,MOGI-029,/v/7JBBd,1,
/Volumes/disk/J/Adult,M/MOGI/MOGI-029/MOGI-029.mp4,MOGI-029,/v/7JBBd,1,
/Volumes/disk/J/Adult,M/MOGI/MOGI-054/MOGI-054.mp4,MOGI-054,,,
/Volumes/disk/J/Adult,M/MOG/mogi-056/mogi-056.mp4,MOGI-056,,,
/Volumes/disk/G/Adult,M/MOGI/MOGI-060/MOGI-060.mp4,MOGI-060,,,
/Volumes/disk/G/Adult,M/MOGI/MOGI-062/MOGI-062.mp4,MOGI-062,,,
/Volumes/disk/D/Adult,M/MOG/MOGI-082/MOGI-082.mp4,MOGI-082,,,
/Volumes/disk/D/Adult,M/MOG/MOGI-085/MOGI-085.mp4,MOGI-085,,,
/Volumes/disk/D/Adult,M/MOG/MOGI-088/MOGI-088.mp4,MOGI-088,,,
/Volumes/disk/J/Adult,M/MOG/MOGI-131/MOGI-131.mp4,MOGI-131,,,
/Volumes/disk/D/Adult,M/MOO/MOON-003/MOON-003.mp4,MOON-003,/v/YnJMwd,1,
/Volumes/disk/J/Adult,M/MOON/MOON-006/MOON-006.mp4,MOON-006,/v/mevgZR,1,
/Volumes/disk/D/Adult,unclass/MOPP-085/mopp-085.mp4,MOPP-085,,,
/Volumes/disk/J/Adult,M/MRSS-145-C/MRSS-145.mp4,MRSS-145,,,
/Volumes/disk/D/Adult,unclass/MRSS-164/mrss-164.mp4,MRSS-164,,,
/Volumes/disk/G/Adult,M/MSFH/MSFH-035/MSFH-035.mp4,MSFH-035,,,
/Volumes/disk/G/Adult,M/MTALL/MTALL-001/MTALL-001.mp4,MTALL-001,/v/MGkY1,1,
/Volumes/disk/G/Adult,M/MTALL/MTALL-003/MTALL-003.mp4,MTALL-003,/v/kNGYz,1,
/Volumes/disk/J/Adult,M/MTALL-089-C/MTALL-089.mp4,MTALL-089,/v/eKawnE,1,
/Volumes/disk/J/Adult,M/MUCD/MUCD-259/MUCD-259.mp4,MUCD-259,/v/8KNQK,1,
/Volumes/disk/D/Adult,M/MUC/MUCD-285/MUCD-285.mp4,MUCD-285,/v/neBy0V,1,
/Volumes/disk/J/Adult,M/MUCD/MUCD-288/MUCD-288.mp4,MUCD-288,/v/d4Jpz0,1,
/Volumes/disk/D/Adult,unclass/MUCD-325/mucd-325.mp4,MUCD-325,,,
/Volumes/disk/G/Adult,M/MUDR/MUDR-055/MUDR-055.mp4,MUDR-055,,,
/Volumes/disk/G/Adult,M/MUDR/MUDR-085/MUDR-085.mp4,MUDR-085,/v/vZQMp,1,
/Volumes/disk/J/Adult,M/MUDR/MUDR-129/MUDR-129.mp4,MUDR-129,/v/r0DNR,1,
/Volumes/disk/D/Adult,M/MUD/MUDR-161/MUDR-161.mp4,MUDR-161,,,
/Volumes/disk/D/Adult,M/MUD/MUDR-166/MUDR-166.mp4,MUDR-166,/v/Ax9dP,1,
/Volumes/disk/J/Adult,M/MUDR-172/MUDR-172.mp4,MUDR-172,/v/3BR10,1,
/Volumes/disk/J/Adult,M/MUDR-175/MUDR-175.mp4,MUDR-175,/v/EXm3A,1,
/Volumes/disk/J/Adult,M/MUDR/MUDR-189/MUDR-189.mp4,MUDR-189,/v/k0OX6,1,
/Volumes/disk/D/Adult,M/MUD/MUDR-191/MUDR-191.mp4,MUDR-191,/v/mZqrM,1,
/Volumes/disk/G/Adult,M/MUDR/MUDR-191/MUDR-191.mp4,MUDR-191,/v/mZqrM,1,
/Volumes/disk/G/Adult,M/MUDR/MUDR-193/MUDR-193.mp4,MUDR-193,/v/YP1kD,1,
/Volumes/disk/J/Adult,M/MUDR/MUDR-201/MUDR-201.mp4,MUDR-201,/v/8VXBdV,1,
/Volumes/disk/G/Adult,M/MUDR/MUDR-208/MUDR-208.mp4,MUDR-208,,,
/Volumes/disk/G/Adult,M/MUDR/MUDR-210/MUDR-210.mp4,MUDR-210,/v/2aXJJP,1,
/Volumes/disk/J/Adult,M/MUDR/MUDR-210/MUDR-210.mp4,MUDR-210,/v/2aXJJP,1,
/Volumes/disk/J/Adult,M/MUDR/MUDR-223/MUDR-223.mp4,MUDR-223,,,
/Volumes/disk/J/Adult,M/mudr-227/mudr-227.mp4,MUDR-227,/v/k4gZkY,1,
/Volumes/disk/D/Adult,unclass/MUDR-231/mudr-231.mp4,MUDR-231,,,
/Volumes/disk/J/Adult,M/MUDR/MUDR-237/MUDR-237.mp4,MUDR-237,/v/GM0xPQ,1,
/Volumes/disk/D/Adult,unclass/MUDR-286/mudr-286.mp4,MUDR-286,/v/mOO0G5,1,
/Volumes/disk/D/Adult,unclass/MUDR-290/mudr-290.mp4,MUDR-290,,,
/Volumes/disk/D/Adult,unclass/MUDR-299/mudr-299.mp4,MUDR-299,/v/kKB28P,1,
/Volumes/disk/D/Adult,unclass/MUDR-303/mudr-303.mp4,MUDR-303,,,
/Volumes/disk/D/Adult,unclass/MUDR-308/mudr-308.mp4,MUDR-308,,,
/Volumes/disk/G/Adult,M/MUKC/MUKC-016/MUKC-016.mp4,MUKC-016,,,
/Volumes/disk/G/Adult,M/MUKC/MUKC-019/MUKC-019.mp4,MUKC-019,/v/emrAz,1,
/Volumes/disk/J/Adult,M/MUKC/MUKC-020/MUKC-020.mp4,MUKC-020,/v/2Mwnp,1,
/Volumes/disk/D/Adult,M/MUK/MUKC-024/MUKC-024.mp4,MUKC-024,,,
/Volumes/disk/J/Adult,M/MUKC-033/MUKC-033.mp4,MUKC-033,/v/W1A0Ne,1,
/Volumes/disk/J/Adult,M/MUKC-038/MUKC-038.mp4,MUKC-038,/v/g0rdEy,1,
/Volumes/disk/D/Adult,unclass/MUKC-090/mukc-090.mp4,MUKC-090,,,
/Volumes/disk/J/Adult,M/MUKD/MUKD-377/MUKD-377.avi,MUKD-377,,,
/Volumes/disk/D/Adult,M/MUK/MUKD-473/MUKD-473.mp4,MUKD-473,/v/kxzOm,1,
/Volumes/disk/D/Adult,M/MUK/MUKD-474/MUKD-474.mp4,MUKD-474,/v/ax6Ng,1,
/Volumes/disk/J/Adult,M/MUKD/MUKD-474/MUKD-474.mp4,MUKD-474,/v/ax6Ng,1,
/Volumes/disk/J/Adult,M/MUKD-476/MUKD-476.mp4,MUKD-476,/v/k4BDMm,1,
/Volumes/disk/J/Adult,M/MUKD/MUKD-476/MUKD-476.mp4,MUKD-476,/v/k4BDMm,1,
/Volumes/disk/J/Adult,M/MUKD/MUKD-477/MUKD-477.mp4,MUKD-477,/v/k4yNXY,1,
/Volumes/disk/J/Adult,M/MUKD/MUKD-478/MUKD-478.mp4,MUKD-478,/v/eK7XXd,1,
/Volumes/disk/D/Adult,M/MUK/MUKD-479/MUKD-479.mp4,MUKD-479,/v/8VWDD9,1,
/Volumes/disk/D/Adult,M/MUK/mukd-481/mukd-481.mp4,MUKD-481,/v/8VOaAO,1,
/Volumes/disk/J/Adult,M/MUK/mukd-481/mukd-481.mp4,MUKD-481,/v/8VOaAO,1,
/Volumes/disk/J/Adult,M/MUKD/MUKD-481/MUKD-481.mp4,MUKD-481,/v/8VOaAO,1,
/Volumes/disk/J/Adult,M/MUKD/MUKD-482/MUKD-482.mp4,MUKD-482,,,
/Volumes/disk/J/Adult,M/mukd-483/mukd-483.mp4,MUKD-483,/v/QV4P6K,1,
/Volumes/disk/J/Adult,M/MUKD/MUKD-484/MUKD-484.mp4,MUKD-484,/v/zK0vwQ,1,
/Volumes/disk/J/Adult,M/MUKD/MUKD-486/MUKD-486.mp4,MUKD-486,/v/eKwMOM,1,
/Volumes/disk/J/Adult,M/MUKD/MUKD-488/MUKD-488.mp4,MUKD-488,,,
/Volumes/disk/J/Adult,M/mukd-495/mukd-495.mp4,MUKD-495,/v/W1qRAp,1,
/Volumes/disk/D/Adult,unclass/MUKD-506/mukd-506.mp4,MUKD-506,,,
/Volumes/disk/D/Adult,unclass/MUKD-508/mukd-508.mp4,MUKD-508,,,
/Volumes/disk/G/Adult,M/MVG/MVG-040/MVG-040.mp4,MVG-040,/v/0RE39E,1,
/Volumes/disk/J/Adult,M/MVG/MVG-063/MVG-063.mp4,MVG-063,/v/W150kp,1,
/Volumes/disk/J/Adult,M/MVSD/MVSD-198/MVSD-198.mp4,MVSD-198,,,
/Volumes/disk/J/Adult,M/MVSD/MVSD-495/MVSD-495.mp4,MVSD-495,/v/eQW6x,1,
/Volumes/disk/J/Adult,M/MVSD-496/MVSD-496.mp4,MVSD-496,/v/pM5B9,1,
/Volumes/disk/J/Adult,M/MVSD/MVSD-505/MVSD-505.mp4,MVSD-505,/v/pvNZB,1,
/Volumes/disk/J/Adult,M/mvsd-515-C/mvsd-515.mp4,MVSD-515,/v/zKRQx5,1,
/Volumes/disk/J/Adult,M/MVSD/MVSD-550/MVSD-550.mp4,MVSD-550,,,
/Volumes/disk/J/Adult,M/MVSD/MVSD-551/MVSD-551.mp4,MVSD-551,/v/bAMkrE,1,
/Volumes/disk/J/Adult,M/MVSD-556/MVSD-556.mp4,MVSD-556,,,
/Volumes/disk/D/Adult,unclass/MVSD-613/mvsd-613.mp4,MVSD-613,/v/1AAAdJ,1,
/Volumes/disk/D/Adult,unclass/MVSD-628/mvsd-628.mp4,MVSD-628,,,
/Volumes/disk/G/Adult,M/MXDLP/MXDLP-0076/MXDLP-0076.mp4,MXDLP-0076,,,
/Volumes/disk/J/Adult,M/MXDLP/MXDLP-0132/MXDLP-0132.mp4,MXDLP-0132,,,
/Volumes/disk/J/Adult,M/MXDLP/MXDLP-0133/MXDLP-0133.mp4,MXDLP-0133,,,
/Volumes/disk/G/Adult,M/MXGS/MXGS-1090/MXGS-1090.mp4,MXGS-1090,/v/by8Pe,1,
/Volumes/disk/J/Adult,M/MXGS/MXGS-1216/MXGS-1216.mp4,MXGS-1216,,,
/Volumes/disk/G/Adult,M/MXGS/MXGS-1240/MXGS-1240.mp4,MXGS-1240,/v/VykKD,1,
/Volumes/disk/J/Adult,M/MXGS-1302/MXGS-1302.mp4,MXGS-1302,/v/d4My9B,1,
/Volumes/disk/J/Adult,M/MXGS/MXGS-484/MXGS-484.mkv,MXGS-484,/v/76dWM,1,
/Volumes/disk/J/Adult,M/mxgs-503-C/mxgs-503.mp4,MXGS-503,/v/qDG8r,1,
/Volumes/disk/J/Adult,M/MXGS/MXGS-549/MXGS-549.mp4,MXGS-549,/v/E2Vk3,1,
/Volumes/disk/J/Adult,M/MXGS/MXGS-610/MXGS-610.mp4,MXGS-610,/v/p3WRb,1,
/Volumes/disk/J/Adult,M/MXGS/MXGS-674/MXGS-674.mp4,MXGS-674,/v/NwmBg,1,
/Volumes/disk/J/Adult,M/MXGS/MXGS-708/MXGS-708.mp4,MXGS-708,/v/K407P,1,
/Volumes/disk/J/Adult,M/MXGS/MXGS-750/MXGS-750.mp4,MXGS-750,/v/qDGpx,1,
/Volumes/disk/G/Adult,M/MXGS/MXGS-792/MXGS-792.mp4,MXGS-792,,,
/Volumes/disk/G/Adult,M/MXGS/MXGS-859/MXGS-859.mp4,MXGS-859,,,
/Volumes/disk/J/Adult,M/MXGS/MXGS-861/MXGS-861.mkv,MXGS-861,/v/ak2pX,1,
/Volumes/disk/J/Adult,M/MXSPS/MXSPS-403/MXSPS-403.avi,MXSPS-403,/v/J2Mgd,1,
/Volumes/disk/J/Adult,N/NACR-476/NACR-476.mp4,NACR-476,,,
/Volumes/disk/J/Adult,N/NACR-478/NACR-478.mp4,NACR-478,/v/Ee66Q,1,
/Volumes/disk/G/Adult,N/NACR/NACR-502/NACR-502.mp4,NACR-502,/v/kv9RV,1,
/Volumes/disk/J/Adult,N/NACR-691-C/NACR-691.mp4,NACR-691,,,
/Volumes/disk/G/Adult,N/NACX/NACX-117/NACX-117.mp4,NACX-117,/v/zKm5vW,1,
/Volumes/disk/J/Adult,N/NACX-120/NACX-120.mp4,NACX-120,/v/2aRyVq,1,
/Volumes/disk/J/Adult,N/NACX/NACX-120/NACX-120.mp4,NACX-120,/v/2aRyVq,1,
/Volumes/disk/D/Adult,N/N-1/N-1042/N-1042.mkv,,,,
/Volumes/disk/G/Adult,7/7101/71015-271/71015-271.mp4,,,,
/Volumes/disk/G/Adult,F/FC2/FC2-880652/FC2-880652.mp4,,,,
/Volumes/disk/G/Adult,F/FCX/FC2-PPV-1174741/FC2-PPV.mp4,,,,
/Volumes/disk/G/Adult,F/FCX/FC2-PPV-2143054/FC2-PPV.mp4,,,,
/Volumes/disk/G/Adult,F/FCX/FC2-PPV-2246125_1/FC2-PPV.mp4,,,,
/Volumes/disk/G/Adult,F/FCX/FC2-PPV-2355314/FC2-PPV.mp4,,,,
/Volumes/disk/G/Adult,F/FCX/fc2-ppv-1940513/fc2-ppv.mp4,,,,
/Volumes/disk/G/Adult,N/N/N-0528/N-0528.mp4,,,,
/Volumes/disk/G/Adult,T/T/T-28634/T-28634.mp4,,,,
/Volumes/disk/J/Adult,F/FC2/FC2-2636471/FC2-2636471.mp4,,,,
/Volumes/disk/J/Adult,H/HD_T28-641/T28-641.mp4,,,,
/Volumes/disk/J/Adult,T/T/T-28616/T-28616.mp4,,,,
/Volumes/disk/J/Adult,xunlei/042018-644/042018-644.mp4,,,,
/Volumes/disk/J/Adult,xunlei/n0787-FHD/n0787_yume_kanasaki_dm_n_fhd.wmv,,,,
/Volumes/disk/J/Adult,xunlei/n1180-C/n1180-C.mp4,,,,
/Volumes/disk/D/Adult,unclass/neco-001/neco-001.mp4,NECO-001,,,
/Volumes/disk/J/Adult,N/NEOB/NEOB-012/NEOB-012.mp4,NEOB-012,/v/MmPkJv,1,
/Volumes/disk/J/Adult,N/nhdtb-238-C/[98t.tv]nhdtb-238.mp4,NHDTB-238,/v/gBJaZ,1,
/Volumes/disk/D/Adult,N/NHD/NHDTB-310/NHDTB-310.mp4,NHDTB-310,,,
/Volumes/disk/J/Adult,N/NHDTB/NHDTB-313/NHDTB-313.mp4,NHDTB-313,,,
/Volumes/disk/G/Adult,N/NHDTB/NHDTB-512/NHDTB-512.mp4,NHDTB-512,/v/AMdNP,1,
/Volumes/disk/J/Adult,N/NHDTB-578/NHDTB-578.mp4,NHDTB-578,/v/B1JQa,1,
/Volumes/disk/D/Adult,N/NHD/NHDTB-580/NHDTB-580.mp4,NHDTB-580,/v/NAbXg,1,
/Volumes/disk/J/Adult,N/NHDTB-593/NHDTB-593.mp4,NHDTB-593,/v/zaOAy,1,
/Volumes/disk/J/Adult,N/NHDTB-602/NHDTB-602.mp4,NHDTB-602,/v/kZXMz,1,
/Volumes/disk/J/Adult,N/NHDTB/NHDTB-604/NHDTB-604.mp4,NHDTB-604,/v/MveN1,1,
/Volumes/disk/J/Adult,N/NHDTB/NHDTB-651/NHDTB-651.mp4,NHDTB-651,/v/23Qzm,1,
/Volumes/disk/J/Adult,N/NHDTB/NHDTB-669/NHDTB-669.mp4,NHDTB-669,/v/rA9Nk,1,
/Volumes/disk/D/Adult,N/NHD/NHDTB-717/NHDTB-717.mp4,NHDTB-717,/v/B8gZ14,1,
/Volumes/disk/D/Adult,N/NHD/NHDTB-740/NHDTB-740.mp4,NHDTB-740,/v/5Er80M,1,
/Volumes/disk/J/Adult,N/NHDTB/NHDTB-744/NHDTB-744.mp4,NHDTB-744,/v/rmn9Qr,1,
/Volumes/disk/J/Adult,N/NHDTB/NHDTB-757/NHDTB-757.mp4,NHDTB-757,,,
/Volumes/disk/J/Adult,N/NHDTB-759/NHDTB-759.mp4,NHDTB-759,/v/mem2zM,1,
/Volumes/disk/D/Adult,N/NHD/nhdtb-77303/nhdtb-77303.mp4,NHDTB-77303,,,
/Volumes/disk/J/Adult,N/NHDTB-794/NHDTB-794.mp4,NHDTB-794,/v/Azxw2m,1,
/Volumes/disk/J/Adult,N/NHDTB/NHDTB-799/NHDTB-799.mp4,NHDTB-799,/v/8VQAN3,1,
/Volumes/disk/J/Adult,N/nhdtb-809/nhdtb-809.mp4,NHDTB-809,/v/k4NKOP,1,
/Volumes/disk/J/Adult,0/116NHDTB-80903/116NHDTB-80903.mp4,NHDTB-80903,,,
/Volumes/disk/J/Adult,0/116NHDTB-80904/116NHDTB-80904.mp4,NHDTB-80904,,,
/Volumes/disk/J/Adult,N/NHDTB/NHDTB-812/NHDTB-812.mp4,NHDTB-812,,,
/Volumes/disk/J/Adult,N/NHDTB/NHDTB-817/NHDTB-817.mp4,NHDTB-817,/v/YnXmqd,1,
/Volumes/disk/J/Adult,N/NHDTB/NHDTB-81701/NHDTB-81701.mp4,NHDTB-81701,/v/8Vrdxd,1,
/Volumes/disk/J/Adult,N/NHDTB/NHDTB-819/NHDTB-819.mp4,NHDTB-819,/v/1BvMyw,1,
/Volumes/disk/J/Adult,N/NHDTB-835/NHDTB-835.mp4,NHDTB-835,,,
/Volumes/disk/J/Adult,N/NHDTB-836/NHDTB-836.mp4,NHDTB-836,/v/bA6kYA,1,
/Volumes/disk/D/Adult,unclass/nhdtc-038/nhdtc-038.mp4,NHDTC-038,/v/mOQZ0y,1,
/Volumes/disk/J/Adult,N/NHVR/NHVR-215/NHVR-215.mp4,NHVR-215,,,
/Volumes/disk/D/Adult,N/NIM/NIMA-018/NIMA-018.mp4,NIMA-018,/v/K4eZn6,1,
/Volumes/disk/G/Adult,N/NKNOW/NKNOW-001/NKNOW-001.mp4,NKNOW-001,,,
/Volumes/disk/G/Adult,N/NKNOW/NKNOW-002/NKNOW-002.mp4,NKNOW-002,,,
/Volumes/disk/G/Adult,N/NKNOW/NKNOW-004/NKNOW-004.mp4,NKNOW-004,,,
/Volumes/disk/G/Adult,N/NKNOW/NKNOW-006/NKNOW-006.mp4,NKNOW-006,,,
/Volumes/disk/G/Adult,N/NKNOW/NKNOW-007/NKNOW-007.mp4,NKNOW-007,,,
/Volumes/disk/G/Adult,N/NKNOW/NKNOW-008/NKNOW-008.mp4,NKNOW-008,,,
/Volumes/disk/G/Adult,N/NKNOW/NKNOW-009/NKNOW-009.mp4,NKNOW-009,,,
/Volumes/disk/D/Adult,unclass/NNNC-038/nnnc-038.mp4,NNNC-038,,,
/Volumes/disk/G/Adult,N/NNPJ/NNPJ-318/NNPJ-318.mp4,NNPJ-318,,,
/Volumes/disk/D/Adult,N/NNP/nnpj-375/nnpj-375.mp4,NNPJ-375,/v/qxkAr,1,
/Volumes/disk/J/Adult,N/NNPJ/NNPJ-490/NNPJ-490.mp4,NNPJ-490,,,
/Volumes/disk/J/Adult,N/NNPJ/NNPJ-494/NNPJ-494.mp4,NNPJ-494,/v/8nJ4a,1,
/Volumes/disk/D/Adult,N/NNP/NNPJ-538/NNPJ-538.mp4,NNPJ-538,,,
/Volumes/disk/J/Adult,N/NNPJ-570/NNPJ-570.mp4,NNPJ-570,,,
/Volumes/disk/G/Adult,N/NOSKN/NOSKN-001/NOSKN-001.mp4,NOSKN-001,/v/0DwaE,1,
/Volumes/disk/G/Adult,N/NOSKN/NOSKN-012/NOSKN-012.mp4,NOSKN-012,/v/VwBKnn,1,
/Volumes/disk/J/Adult,0/702NOSKN-040/702NOSKN-040.mp4,NOSKN-040,,,
/Volumes/disk/J/Adult,N/NPH/NPH-035/NPH-035.mp4,NPH-035,/v/0RQwK7,1,
/Volumes/disk/J/Adult,N/NPH/NPH-049/NPH-049.mp4,NPH-049,/v/neEYRV,1,
/Volumes/disk/G/Adult,N/NPJB/NPJB-080/NPJB-080.mp4,NPJB-080,/v/zKZR3z,1,
/Volumes/disk/D/Adult,unclass/NPJS-094/npjs-094.mp4,NPJS-094,,,
/Volumes/disk/D/Adult,unclass/NPJS-113-UC/NPJS-113-UC.mp4,NPJS-113,,,
/Volumes/disk/D/Adult,unclass/NPJS-141/npjs-141.mp4,NPJS-141,,,
/Volumes/disk/D/Adult,unclass/NPJS-163/npjs-163.mp4,NPJS-163,/v/0ekW5J,1,
/Volumes/disk/G/Adult,N/NRS/NRS-043/NRS-043.mp4,NRS-043,,,
/Volumes/disk/G/Adult,N/NSBB/NSBB-004/NSBB-004.mp4,NSBB-004,/v/J2G1XW,1,
/Volumes/disk/J/Adult,0/702NSBB-004/702NSBB-004.mp4,NSBB-004,/v/J2G1XW,1,
/Volumes/disk/J/Adult,N/NSFS-230/NSFS-230.mp4,NSFS-230,/v/J23B0R,1,
/Volumes/disk/J/Adult,N/NSFS-242/NSFS-242.mp4,NSFS-242,/v/k40vk4,1,
/Volumes/disk/J/Adult,N/NSM-107/NSM-107.mp4,NSM-107,/v/8VVdN5,1,
/Volumes/disk/D/Adult,N/NTK/NTK-250/NTK-250.mp4,NTK-250,/v/9ezgg,1,
/Volumes/disk/D/Adult,N/NTK/ntk-515/ntk-515.mp4,NTK-515,,,
/Volumes/disk/G/Adult,N/NTK/NTK-706/NTK-706.mp4,NTK-706,,,
/Volumes/disk/G/Adult,N/NTK/NTK-713/NTK-713.mp4,NTK-713,,,
/Volumes/disk/J/Adult,0/300NTK-714/300NTK-714.mp4,NTK-714,/v/0gKB3,1,
/Volumes/disk/G/Adult,N/NTK/NTK-719/NTK-719.mp4,NTK-719,,,
/Volumes/disk/J/Adult,0/300NTK-760/300NTK-760.mp4,NTK-760,/v/B80WwM,1,
/Volumes/disk/J/Adult,N/NTK/NTK-769/NTK-769.mp4,NTK-769,,,
/Volumes/disk/J/Adult,0/300NTK-786/300NTK-786.mp4,NTK-786,/v/ZXvxdP,1,
/Volumes/disk/J/Adult,0/300NTK-801/300NTK-801.mp4,NTK-801,/v/D2XnVJ,1,
/Volumes/disk/J/Adult,N/NTK/NTK-818/NTK-818.mp4,NTK-818,,,
/Volumes/disk/J/Adult,N/NTLR/NTLR-005/NTLR-005.mp4,NTLR-005,/v/K4Gd3M,1,
/Volumes/disk/D/Adult,N/NTR/NTR-008/NTR-008.mp4,NTR-008,,,
/Volumes/disk/G/Adult,N/NTR-/NTR-013/NTR-013.mp4,NTR-013,,,
/Volumes/disk/D/Adult,N/NTR/ntr-028/ntr-028.mp4,NTR-028,/v/D2Y4M,1,
/Volumes/disk/J/Adult,0/348NTR-035/348NTR-035.mp4,NTR-035,/v/neq5X,1,
/Volumes/disk/J/Adult,0/348NTR-036/348NTR-036.mp4,NTR-036,/v/Dwd12,1,
/Volumes/disk/J/Adult,N/NTR/NTR-040/NTR-040.mp4,NTR-040,/v/pQM7q,1,
/Volumes/disk/J/Adult,0/348NTR-041/348NTR-041.mp4,NTR-041,/v/KkpaO,1,
/Volumes/disk/J/Adult,0/348NTR-042/348NTR-042.mp4,NTR-042,/v/a0kM3,1,
/Volumes/disk/J/Adult,0/348NTR-044/348NTR-044.mp4,NTR-044,/v/76vp0b,1,
/Volumes/disk/J/Adult,N/NTR/NTR-047/NTR-047.mp4,NTR-047,/v/kKB3N,1,
/Volumes/disk/J/Adult,0/348NTR-050/348NTR-050.mp4,NTR-050,/v/0R6O3,1,
/Volumes/disk/J/Adult,0/348NTR-053/348NTR-053.mp4,NTR-053,/v/Nwyy9w,1,
/Volumes/disk/J/Adult,0/348NTR-055/348NTR-055.mp4,NTR-055,/v/1BWrw,1,
/Volumes/disk/J/Adult,0/348NTR-058/348NTR-058.mp4,NTR-058,,,
/Volumes/disk/J/Adult,0/348NTR-061/348NTR-061.mp4,NTR-061,/v/mOPn5,1,
/Volumes/disk/J/Adult,0/348NTR-063/348NTR-063.mp4,NTR-063,/v/WwANe,1,
/Volumes/disk/J/Adult,0/348NTR-064/348NTR-064.mp4,NTR-064,/v/bAWXQB,1,
/Volumes/disk/D/Adult,O/OAE/OAE-135/OAE-135.mp4,OAE-135,/v/1AAd4,1,
/Volumes/disk/J/Adult,O/oae-135/[Thz.la]oae-135.mp4,OAE-135,/v/1AAd4,1,
/Volumes/disk/G/Adult,O/OAE/OAE-144/OAE-144.mp4,OAE-144,/v/0R223,1,
/Volumes/disk/D/Adult,O/OAE/oae-156/oae-156.mp4,OAE-156,/v/bKBd0,1,
/Volumes/disk/G/Adult,O/OAE/OAE-167/OAE-167.mp4,OAE-167,/v/P9axX,1,
/Volumes/disk/J/Adult,O/OAE/OAE-180/OAE-180.mp4,OAE-180,,,
/Volumes/disk/D/Adult,O/OAE/OAE-188/OAE-188.mkv,OAE-188,/v/9dbMX,1,
/Volumes/disk/J/Adult,O/OAE/OAE-199/OAE-199.mp4,OAE-199,/v/89vVE,1,
/Volumes/disk/G/Adult,O/OAE/OAE-206/OAE-206.mp4,OAE-206,,,
/Volumes/disk/J/Adult,O/OAE/OAE-206/OAE-206.mp4,OAE-206,,,
/Volumes/disk/D/Adult,unclass/OAE-214/oae-214.mp4,OAE-214,/v/KOvE0,1,
/Volumes/disk/J/Adult,O/OAE/OAE-218/OAE-218.mp4,OAE-218,,,
/Volumes/disk/J/Adult,O/OAE/oae-218/oae-218.mp4,OAE-218,,,
/Volumes/disk/G/Adult,O/OAE/OAE-221/OAE-221.mp4,OAE-221,,,
/Volumes/disk/G/Adult,O/OAE/OAE-222/OAE-222.mp4,OAE-222,,,
/Volumes/disk/G/Adult,O/OAE/OAE-223/OAE-223.mp4,OAE-223,,,
/Volumes/disk/D/Adult,O/OAE/OAE-225/OAE-225.mp4,OAE-225,/v/NwqPng,1,
/Volumes/disk/G/Adult,O/OAE/OAE-225/OAE-225.mp4,OAE-225,/v/NwqPng,1,
/Volumes/disk/D/Adult,unclass/OAE-258/oae-258.mp4,OAE-258,,,
/Volumes/disk/D/Adult,unclass/OAE-262/oae-262.mp4,OAE-262,/v/kKKw24,1,
/Volumes/disk/D/Adult,unclass/OAE-267/oae-267.mp4,OAE-267,,,
/Volumes/disk/G/Adult,O/OFJE/OFJE-186/OFJE-186.mp4,OFJE-186,/v/WQqKq,1,
/Volumes/disk/G/Adult,O/OFJE/OFJE-215/OFJE-215.mp4,OFJE-215,/v/Kn8Nb,1,
/Volumes/disk/G/Adult,O/OFJE/OFJE-218/OFJE-218.mp4,OFJE-218,/v/Op610,1,
/Volumes/disk/G/Adult,O/OFJE/OFJE-226/OFJE-226.mp4,OFJE-226,/v/nzD9a,1,
/Volumes/disk/G/Adult,O/OFJE/OFJE-241/OFJE-241.mp4,OFJE-241,/v/y5BRW,1,
/Volumes/disk/J/Adult,O/OFJE-241/ofje-241-B.mp4,OFJE-241,/v/y5BRW,1,
/Volumes/disk/J/Adult,O/OFJE-241/ofje-241-C.mp4,OFJE-241,/v/y5BRW,1,
/Volumes/disk/J/Adult,O/OFJE-241/ofje-241-D.mp4,OFJE-241,/v/y5BRW,1,
/Volumes/disk/J/Adult,O/OFJE-241/ofje-241.mp4,OFJE-241,/v/y5BRW,1,
/Volumes/disk/G/Adult,O/OFJE/OFJE-256/OFJE-256.mp4,OFJE-256,/v/7QyWd,1,
/Volumes/disk/J/Adult,O/OFJ/ofje-258/ofje-258.mp4,OFJE-258,/v/YzGNe,1,
/Volumes/disk/G/Adult,O/OFJE/OFJE-286/OFJE-286.mp4,OFJE-286,/v/nY656,1,
/Volumes/disk/G/Adult,O/OFJE/OFJE-294/OFJE-294.mp4,OFJE-294,/v/vQWnk,1,
/Volumes/disk/G/Adult,O/OFJE/OFJE-341/OFJE-341.mp4,OFJE-341,/v/k2G1z,1,
/Volumes/disk/J/Adult,O/OFJE-341/OFJE-341.mp4,OFJE-341,/v/k2G1z,1,
/Volumes/disk/J/Adult,O/OFJE-341/ofje-341_1.mp4,OFJE-341,/v/k2G1z,1,
/Volumes/disk/J/Adult,O/OKV/OKV-001/OKV-001.mp4,OKV-001,/v/5VMq8,1,
/Volumes/disk/J/Adult,O/OKV/OKV-002/OKV-002.mp4,OKV-002,/v/WgNNQ,1,
/Volumes/disk/D/Adult,unclass/OKX-011/okx-011.mp4,OKX-011,/v/V3DZX,1,
/Volumes/disk/D/Adult,O/OLD/OLDL-002/OLDL-002.mp4,OLDL-002,/v/akQdkg,1,
/Volumes/disk/G/Adult,O/OMNB/OMNB-002/OMNB-002.mp4,OMNB-002,,,
/Volumes/disk/J/Adult,0/326OMNB-002/326OMNB-002.mp4,OMNB-002,,,
/Volumes/disk/J/Adult,O/ONEX/ONEX-013/ONEX-013.mp4,ONEX-013,/v/rm6pKJ,1,
/Volumes/disk/G/Adult,O/ONEZ/ONEZ-248/ONEZ-248.mp4,ONEZ-248,,,
/Volumes/disk/J/Adult,O/ONEZ-337/ONEZ-337.mp4,ONEZ-337,,,
/Volumes/disk/G/Adult,O/ONSD/ONSD-448/ONSD-448.mp4,ONSD-448,/v/yWXa,1,
/Volumes/disk/G/Adult,O/ONSG/ONSG-031/ONSG-031.mp4,ONSG-031,/v/AJ3Gm,1,
/Volumes/disk/D/Adult,O/OPC/OPCYN-351/OPCYN-351.mp4,OPCYN-351,,,
/Volumes/disk/J/Adult,O/ORECO/ORECO-024/ORECO-024.mp4,ORECO-024,,,
/Volumes/disk/J/Adult,0/230ORECO-040/230ORECO-040.mp4,ORECO-040,/v/aOKkr,1,
/Volumes/disk/J/Adult,O/ORECO/ORECO-111/ORECO-111.mp4,ORECO-111,/v/35nGkz,1,
/Volumes/disk/G/Adult,O/ORECO/ORECO-141/ORECO-141.mp4,ORECO-141,/v/yrpvVX,1,
/Volumes/disk/G/Adult,O/ORECO/ORECO-167/ORECO-167.mp4,ORECO-167,/v/0Rd0Va,1,
/Volumes/disk/J/Adult,O/ORECO/ORECO-171/ORECO-171.mp4,ORECO-171,/v/Mm4w7J,1,
/Volumes/disk/D/Adult,O/ORE/ORECO-209/ORECO-209.mp4,ORECO-209,/v/ne7vGX,1,
/Volumes/disk/G/Adult,O/ORECO/ORECO-209/ORECO-209.mp4,ORECO-209,/v/ne7vGX,1,
/Volumes/disk/G/Adult,O/ORECO/ORECO-210/ORECO-210.mp4,ORECO-210,/v/9DQvAX,1,
/Volumes/disk/D/Adult,O/ORE/ORECO-232/ORECO-232.mp4,ORECO-232,,,
/Volumes/disk/J/Adult,O/ORECO/ORECO-250/ORECO-250.mp4,ORECO-250,,,
/Volumes/disk/J/Adult,0/230ORECO-257/230ORECO-257.mp4,ORECO-257,/v/Vw13vX,1,
/Volumes/disk/G/Adult,O/ORECO/ORECO-263/ORECO-263.mp4,ORECO-263,,,
/Volumes/disk/J/Adult,0/230ORECO-263/230ORECO-263.mp4,ORECO-263,,,
/Volumes/disk/J/Adult,O/ORECO/ORECO-279/ORECO-279.mp4,ORECO-279,,,
/Volumes/disk/J/Adult,0/230ORECO-294/230ORECO-294.mp4,ORECO-294,/v/Az0yxM,1,
/Volumes/disk/J/Adult,0/230ORECO-301/230ORECO-301.mp4,ORECO-301,/v/GM9vD5,1,
/Volumes/disk/D/Adult,O/ORE/ORECO-323/ORECO-323.mp4,ORECO-323,,,
/Volumes/disk/D/Adult,O/ORE/ORECO-324/ORECO-324.mp4,ORECO-324,/v/35Zrrw,1,
/Volumes/disk/J/Adult,0/230ORECO-337/230ORECO-337.mp4,ORECO-337,/v/RdxZaK,1,
/Volumes/disk/D/Adult,O/ORE/ORECO-340/ORECO-340.mp4,ORECO-340,,,
/Volumes/disk/J/Adult,O/ORECO/ORECO-349/ORECO-349.mp4,ORECO-349,,,
/Volumes/disk/D/Adult,O/ORE/ORECO-352/ORECO-352.mp4,ORECO-352,/v/XWkbRa,1,
/Volumes/disk/G/Adult,O/ORECO/ORECO-378/ORECO-378.mp4,ORECO-378,/v/vD2vYW,1,
/Volumes/disk/J/Adult,O/ORECO/ORECO-382/ORECO-382.mp4,ORECO-382,/v/d4J8m0,1,
/Volumes/disk/J/Adult,O/ORECO/ORECO-385/ORECO-385.mp4,ORECO-385,/v/B8ZW1d,1,
/Volumes/disk/J/Adult,O/ORECO/ORECO-393/ORECO-393.mp4,ORECO-393,,,
/Volumes/disk/J/Adult,O/ORECO/ORECO-411/ORECO-411.mp4,ORECO-411,,,
/Volumes/disk/J/Adult,0/230ORECO-436/230ORECO-436.mp4,ORECO-436,/v/k4nB4Y,1,
/Volumes/disk/J/Adult,O/ORECO/ORECO-438/ORECO-438.mp4,ORECO-438,,,
/Volumes/disk/J/Adult,O/ORECO/ORECO-455/ORECO-455.mp4,ORECO-455,/v/5Ez4Op,1,
/Volumes/disk/J/Adult,O/ORECO/ORECO-473/ORECO-473.mp4,ORECO-473,,,
/Volumes/disk/J/Adult,0/230ORECO-487/230ORECO-487.mp4,ORECO-487,,,
/Volumes/disk/J/Adult,0/230ORECO-493/230ORECO-493.mp4,ORECO-493,,,
/Volumes/disk/J/Adult,0/230ORECO-494/230ORECO-494.mp4,ORECO-494,,,
/Volumes/disk/J/Adult,0/230ORECO-500/230ORECO-500.mp4,ORECO-500,/v/K4vRMb,1,
/Volumes/disk/J/Adult,0/230ORECO-526/230ORECO-526.mp4,ORECO-526,,,
/Volumes/disk/J/Adult,0/765ORECS-014/765ORECS-014.mp4,ORECS-014,/v/76Mbkd,1,
/Volumes/disk/J/Adult,O/ORECS/ORECS-051/ORECS-051.mp4,ORECS-051,,,
/Volumes/disk/J/Adult,0/765ORECS-084/765ORECS-084.mp4,ORECS-084,/v/MmRNMJ,1,
/Volumes/disk/J/Adult,0/230OREMO-005/230OREMO-005.mp4,OREMO-005,/v/me1Kad,1,
/Volumes/disk/J/Adult,O/OREMO/OREMO-009/OREMO-009.mp4,OREMO-009,,,
/Volumes/disk/J/Adult,0/230OREMO-038/230OREMO-038.mp4,OREMO-038,/v/k4gbkJ,1,
/Volumes/disk/J/Adult,0/230OREMO-040/230OREMO-040.mp4,OREMO-040,/v/1BPqr9,1,
/Volumes/disk/J/Adult,0/230OREMO-048/230OREMO-048.mp4,OREMO-048,/v/bA8Vgv,1,
/Volumes/disk/J/Adult,0/230OREMO-077/230OREMO-077.mp4,OREMO-077,,,
/Volumes/disk/J/Adult,0/230OREMO-079/230OREMO-079.mp4,OREMO-079,/v/VwyP5A,1,
/Volumes/disk/J/Adult,0/230OREMO-080/230OREMO-080.mp4,OREMO-080,,,
/Volumes/disk/J/Adult,0/230OREMO-082/230OREMO-082.mp4,OREMO-082,,,
/Volumes/disk/J/Adult,0/230OREMO-085/230OREMO-085.mp4,OREMO-085,/v/akObg4,1,
/Volumes/disk/J/Adult,0/230OREMO-086/230OREMO-086.mp4,OREMO-086,,,
/Volumes/disk/J/Adult,O/OTI/OTIM-120/OTIM-120.mp4,OTIM-120,/v/Nw77P3,1,
/Volumes/disk/J/Adult,O/OTIM/OTIM-210/OTIM-210.mp4,OTIM-210,/v/p3ZzKZ,1,
/Volumes/disk/D/Adult,O/OTI/OTIM-243/OTIM-243.mp4,OTIM-243,/v/9D7375,1,
/Volumes/disk/J/Adult,O/OTIM/OTIM-260/OTIM-260.mp4,OTIM-260,,,
/Volumes/disk/J/Adult,O/OTIM/OTIM-270/OTIM-270.mp4,OTIM-270,/v/O2D4qK,1,
/Volumes/disk/J/Adult,0/393OTIM-300/393OTIM-300.mp4,OTIM-300,,,
/Volumes/disk/D/Adult,P/PAC/paco-1080/paco-1080.mp4,PACO-1080,,,
/Volumes/disk/D/Adult,P/PAC/paco-720/paco-720.mp4,PACO-720,,,
/Volumes/disk/J/Adult,P/parathd-3805/parathd-3805.mp4,PARATHD-3805,,,
/Volumes/disk/J/Adult,P/PBD/PBD-148/PBD-148.mp4,PBD-148,/v/J9QW,1,
/Volumes/disk/J/Adult,P/PBD/PBD-414/PBD-414.mp4,PBD-414,/v/J3dw2,1,
/Volumes/disk/G/Adult,P/PBD/PBD-420/PBD-420.mp4,PBD-420,/v/kxzON,1,
/Volumes/disk/D/Adult,P/PCD/PCDL-002/PCDL-002.mp4,PCDL-002,/v/yrXP8b,1,
/Volumes/disk/G/Adult,P/PED/PED-015/PED-015.mp4,PED-015,/v/1DkY9,1,
/Volumes/disk/G/Adult,P/PFES/PFES-022/PFES-022.mp4,PFES-022,/v/G8x4q,1,
/Volumes/disk/G/Adult,P/PFES/PFES-032/PFES-032.mp4,PFES-032,/v/rKPzk,1,
/Volumes/disk/J/Adult,P/PFE/PFES-043/PFES-043.mp4,PFES-043,/v/R7G6g,1,
/Volumes/disk/J/Adult,P/PFES/PFES-046/PFES-046.mp4,PFES-046,/v/k5YDJ,1,
/Volumes/disk/G/Adult,P/PGD/PGD-766/PGD-766.mp4,PGD-766,/v/7yGAM,1,
/Volumes/disk/G/Adult,P/PGD/PGD-879/PGD-879.mp4,PGD-879,,,
/Volumes/disk/G/Adult,P/PGOD/PGOD-071/PGOD-071.mp4,PGOD-071,,,
/Volumes/disk/J/Adult,P/PIH/PIH-006/PIH-006.mp4,PIH-006,/v/PDW42,1,
/Volumes/disk/J/Adult,P/PITV-027/PITV-027.mp4,PITV-027,,,
/Volumes/disk/J/Adult,P/PIYO-129/PIYO-129.mp4,PIYO-129,/v/vmmJO,1,
/Volumes/disk/D/Adult,P/PIY/PIYO-154/PIYO-154.mp4,PIYO-154,/v/5EEeKz,1,
/Volumes/disk/J/Adult,P/PIYO/PIYO-174/PIYO-174.mp4,PIYO-174,,,
/Volumes/disk/J/Adult,P/PIYO-179/PIYO-179.mp4,PIYO-179,,,
/Volumes/disk/G/Adult,P/PKPD/PKPD-113/PKPD-113.mp4,PKPD-113,,,
/Volumes/disk/J/Adult,P/PKPD/PKPD-182/PKPD-182.mp4,PKPD-182,,,
/Volumes/disk/J/Adult,P/PKPD/PKPD-186/PKPD-186.mp4,PKPD-186,,,
/Volumes/disk/J/Adult,P/PKPD/PKPD-191/PKPD-191.mp4,PKPD-191,,,
/Volumes/disk/J/Adult,P/PKPD/PKPD-195/PKPD-195.mp4,PKPD-195,,,
/Volumes/disk/J/Adult,P/PKPD/PKPD-206/PKPD-206.mp4,PKPD-206,/v/vDDQbz,1,
/Volumes/disk/J/Adult,P/PKPD/PKPD-224/PKPD-224.mp4,PKPD-224,,,
/Volumes/disk/J/Adult,P/PKPD/PKPD-228/PKPD-228.mp4,PKPD-228,,,
/Volumes/disk/J/Adult,P/PKPD/PKPD-243/PKPD-243.mp4,PKPD-243,,,
/Volumes/disk/J/Adult,P/PKPD/PKPD-248/PKPD-248.mp4,PKPD-248,,,
/Volumes/disk/J/Adult,P/PKPD/PKPD-249/PKPD-249.mp4,PKPD-249,,,
/Volumes/disk/D/Adult,unclass/PKPD-267/pkpd-267.mp4,PKPD-267,,,
/Volumes/disk/J/Adult,P/PKPD/PKPD-267/PKPD-267.mp4,PKPD-267,,,
/Volumes/disk/D/Adult,unclass/PKPD-338/pkpd-338.mp4,PKPD-338,,,
/Volumes/disk/D/Adult,unclass/PKPD-358/pkpd-358.mp4,PKPD-358,/v/deZ045,1,
/Volumes/disk/J/Adult,P/PKPL-029/PKPL-029.mp4,PKPL-029,,,
/Volumes/disk/J/Adult,P/PKPL-035/PKPL-035.mp4,PKPL-035,,,
/Volumes/disk/J/Adult,P/PKPR/PKPR-019/PKPR-019.mp4,PKPR-019,,,
/Volumes/disk/J/Adult,P/PKYS-005/PKYS-005.mp4,PKYS-005,/v/W1BZMK,1,
/Volumes/disk/D/Adult,P/PON/pon-1080/pon-1080.mp4,PON-1080,,,
/Volumes/disk/G/Adult,P/PON/PON-1080/PON-1080.mp4,PON-1080,,,
/Volumes/disk/D/Adult,P/PON/pondo-09241/pondo-09241.mp4,PONDO-09241,,,
/Volumes/disk/D/Adult,1/1PO/1PONDO-097/1PONDO-097.mp4,PONDO-097,,,
/Volumes/disk/G/Adult,P/PPPD/PPPD-445/PPPD-445.mp4,PPPD-445,/v/yr2nv,1,
/Volumes/disk/G/Adult,P/PPPD/PPPD-696/PPPD-696.mp4,PPPD-696,/v/ARnr0,1,
/Volumes/disk/J/Adult,P/pppd-950/pppd-950.mp4,PPPD-950,/v/q8yg3,1,
/Volumes/disk/J/Adult,P/PPPD/PPPD-992/PPPD-992.mp4,PPPD-992,/v/xzNBE,1,
/Volumes/disk/J/Adult,xunlei/pppe-013-C/pppe-013.mp4,PPPE-013,/v/3eaW3,1,
/Volumes/disk/J/Adult,P/PPPE/PPPE-028/PPPE-028.mp4,PPPE-028,/v/V5BZ2,1,
/Volumes/disk/D/Adult,P/PPP/pppe-055/pppe-055.mp4,PPPE-055,/v/vDPQOn,1,
/Volumes/disk/J/Adult,P/pppe-055/pppe-055.mp4,PPPE-055,/v/vDPQOn,1,
/Volumes/disk/J/Adult,P/PPPE-118-C/PPPE-118.mp4,PPPE-118,/v/0RAnKb,1,
/Volumes/disk/J/Adult,P/pppe-166/pppe-166.mp4,PPPE-166,/v/E2ByQx,1,
/Volumes/disk/J/Adult,P/PPT-123/PPT-123.mp4,PPT-123,/v/EM72A,1,
/Volumes/disk/J/Adult,P/PPT-123/ppt-123_1.mp4,PPT-123,/v/EM72A,1,
/Volumes/disk/D/Adult,P/PPT/PPT-130/PPT-130.mp4,PPT-130,/v/bA9OA6,1,
/Volumes/disk/J/Adult,P/PPT-135/PPT-135.mp4,PPT-135,,,
/Volumes/disk/J/Adult,xunlei/PPT-135/PPT-135.mp4,PPT-135,,,
/Volumes/disk/J/Adult,P/PPT-136/PPT-136.mp4,PPT-136,/v/k47vge,1,
/Volumes/disk/J/Adult,P/PPT-137/PPT-137.mp4,PPT-137,,,
/Volumes/disk/G/Adult,P/PPV/PPV-12189/PPV-12189.mp4,PPV-12189,,,
/Volumes/disk/G/Adult,F/FCX/FC2PPV-1218981/FC2PPV-1218981.mp4,PPV-121898,,,
/Volumes/disk/G/Adult,F/FC2/FC2-PPV1384955/FC2-PPV1384955.mp4,PPV-138495,,,
/Volumes/disk/G/Adult,P/PPV/PPV-1393/PPV-1393.mp4,PPV-1393,,,
/Volumes/disk/G/Adult,F/FCX/fc2ppv-1560667/fc2ppv-1560667.mp4,PPV-156066,,,
/Volumes/disk/G/Adult,F/FCX/FC2PPV-1602707-1/FC2PPV-1602707-1.mp4,PPV-160270,,,
/Volumes/disk/G/Adult,P/PPV/PPV-16202/PPV-16202.mp4,PPV-16202,,,
/Volumes/disk/J/Adult,P/PPV/PPV-17618/PPV-17618.mp4,PPV-17618,,,
/Volumes/disk/J/Adult,P/PPV/PPV-17886/PPV-17886.mp4,PPV-17886,,,
/Volumes/disk/J/Adult,P/PPV/PPV-18375/PPV-18375.mp4,PPV-18375,,,
/Volumes/disk/G/Adult,F/FC2/FC2-PPV1864525/FC2-PPV1864525.mp4,PPV-186452,,,
/Volumes/disk/G/Adult,P/PPV/PPV-18882/PPV-18882.mp4,PPV-18882,,,
/Volumes/disk/J/Adult,F/FC2PPV-1926027/FC2PPV-1926027.mp4,PPV-192602,,,
/Volumes/disk/J/Adult,P/PPV/PPV-22446/PPV-22446.mp4,PPV-22446,,,
/Volumes/disk/J/Adult,P/PPV/PPV-23644/PPV-23644.mp4,PPV-23644,,,
/Volumes/disk/J/Adult,P/PPV/PPV-23675/PPV-23675.mp4,PPV-23675,,,
/Volumes/disk/D/Adult,P/PPV/PPV-24863/PPV-24863.mp4,PPV-24863,,,
/Volumes/disk/G/Adult,F/FCX/FC2PPV-2486345-1/FC2PPV-2486345-1.mp4,PPV-248634,,,
/Volumes/disk/G/Adult,F/FCX/FC2PPV-2486345-2/FC2PPV-2486345-2.mp4,PPV-248634,,,
/Volumes/disk/G/Adult,F/FCX/FC2PPV-2486345-3/FC2PPV-2486345-3.mp4,PPV-248634,,,
/Volumes/disk/J/Adult,P/PPV/PPV-25069/PPV-25069.mp4,PPV-25069,,,
/Volumes/disk/D/Adult,P/PPV/PPV-25895/PPV-25895.mp4,PPV-25895,,,
/Volumes/disk/J/Adult,P/PPV/PPV-26088/PPV-26088.mp4,PPV-26088,,,
/Volumes/disk/G/Adult,F/FCX/FC2-PPV-2629971_1/FC2-PPV-2629971_1.mp4,PPV-262997,,,
/Volumes/disk/G/Adult,P/PPV/PPV-26582/PPV-26582.mp4,PPV-26582,,,
/Volumes/disk/D/Adult,P/PPV/PPV-27087/PPV-27087.mp4,PPV-27087,,,
/Volumes/disk/D/Adult,P/PPV/PPV-27242/PPV-27242.mp4,PPV-27242,,,
/Volumes/disk/D/Adult,P/PPV/PPV-27636/PPV-27636.mp4,PPV-27636,,,
/Volumes/disk/G/Adult,F/FCX/FC2-PPV-2763672/FC2-PPV-2763672.mp4,PPV-276367,,,
/Volumes/disk/J/Adult,P/PPV/PPV-27925/PPV-27925.mp4,PPV-27925,,,
/Volumes/disk/D/Adult,P/PPV/PPV-28024/PPV-28024.mp4,PPV-28024,,,
/Volumes/disk/G/Adult,F/FCX/FC2-PPV-2802445/FC2-PPV-2802445.mp4,PPV-280244,,,
/Volumes/disk/J/Adult,P/PPV/PPV-28249/PPV-28249.mp4,PPV-28249,,,
/Volumes/disk/G/Adult,F/FCX/FC2PPV-2932490-1/FC2PPV-2932490-1.mp4,PPV-293249,,,
/Volumes/disk/D/Adult,P/PPV/PPV-29358/PPV-29358.mp4,PPV-29358,,,
/Volumes/disk/G/Adult,F/FCX/FC2-PPV-2935820_1/FC2-PPV-2935820_1.mp4,PPV-293582,,,
/Volumes/disk/G/Adult,F/FCX/FC2-PPV-2935820_2/FC2-PPV-2935820_2.mp4,PPV-293582,,,
/Volumes/disk/G/Adult,F/FCX/FC2-PPV-2935820_3/FC2-PPV-2935820_3.mp4,PPV-293582,,,
/Volumes/disk/J/Adult,P/PPV/PPV-29554/PPV-29554.mp4,PPV-29554,,,
/Volumes/disk/G/Adult,P/PPV/PPV-30567/PPV-30567.mp4,PPV-30567,,,
/Volumes/disk/J/Adult,P/PPV/PPV-30824/PPV-30824.mp4,PPV-30824,,,
/Volumes/disk/J/Adult,P/PPV/PPV-30955/PPV-30955.mp4,PPV-30955,,,
/Volumes/disk/G/Adult,F/FCX/FC2PPV-3102900/FC2PPV-3102900.mp4,PPV-310290,,,
/Volumes/disk/J/Adult,P/PPV/PPV-31128/PPV-31128.mp4,PPV-31128,,,
/Volumes/disk/J/Adult,P/PPV/PPV-31146/PPV-31146.mp4,PPV-31146,,,
/Volumes/disk/D/Adult,P/PPV/PPV-31195/PPV-31195.mp4,PPV-31195,,,
/Volumes/disk/G/Adult,F/FCX/FC2-PPV-3121790_1/FC2-PPV-3121790_1.mp4,PPV-312179,,,
/Volumes/disk/G/Adult,F/FCX/FC2-PPV-3121790_2/FC2-PPV-3121790_2.mp4,PPV-312179,,,
/Volumes/disk/G/Adult,F/FCX/FC2-PPV-3121790_4/FC2-PPV-3121790_4.mp4,PPV-312179,,,
/Volumes/disk/G/Adult,F/FCX/FC2-PPV-3121790_5/FC2-PPV-3121790_5.mp4,PPV-312179,,,
/Volumes/disk/J/Adult,P/PPV/PPV-32322/PPV-32322.mp4,PPV-32322,,,
/Volumes/disk/D/Adult,P/PPV/PPV-32374/PPV-32374.mp4,PPV-32374,,,
/Volumes/disk/J/Adult,F/FC2PPV-3246216/FC2PPV-3246216.mp4,PPV-324621,,,
/Volumes/disk/J/Adult,P/PPV/PPV-32612/PPV-32612.mp4,PPV-32612,,,
/Volumes/disk/J/Adult,F/FC2-PPV-3280265/fc2-ppv-3280265_1.mp4,PPV-328026,,,
/Volumes/disk/J/Adult,F/FC2-PPV-3280265/fc2-ppv-3280265_2.mp4,PPV-328026,,,
/Volumes/disk/J/Adult,F/FC2-PPV-3280265/fc2-ppv-3280265_3.mp4,PPV-328026,,,
/Volumes/disk/G/Adult,F/FCX/FC2-PPV-3284333_1/FC2-PPV-3284333_1.mp4,PPV-328433,,,
/Volumes/disk/G/Adult,F/FCX/FC2-PPV-3284333_3/FC2-PPV-3284333_3.mp4,PPV-328433,,,
/Volumes/disk/G/Adult,F/FCX/FC2-PPV-3284333_4/FC2-PPV-3284333_4.mp4,PPV-328433,,,
/Volumes/disk/G/Adult,F/FCX/FC2-PPV-3284333_5/FC2-PPV-3284333_5.mp4,PPV-328433,,,
/Volumes/disk/G/Adult,F/FCX/FC2PPV-3292343-1/FC2PPV-3292343-1.mp4,PPV-329234,,,
/Volumes/disk/G/Adult,F/FCX/FC2PPV-3292343-2/FC2PPV-3292343-2.mp4,PPV-329234,,,
/Volumes/disk/G/Adult,F/FCX/FC2PPV-3292477/FC2PPV-3292477.mp4,PPV-329247,,,
/Volumes/disk/G/Adult,F/FCX/FC2-PPV-3319751/FC2-PPV-3319751.mp4,PPV-331975,,,
/Volumes/disk/D/Adult,P/PPV/PPV-33479/PPV-33479.mp4,PPV-33479,,,
/Volumes/disk/D/Adult,P/PPV/PPV-33632/PPV-33632.mp4,PPV-33632,,,
/Volumes/disk/G/Adult,F/FCX/FC2-PPV-3373316/FC2-PPV-3373316.mp4,PPV-337331,,,
/Volumes/disk/G/Adult,F/FCX/FC2-PPV-3381865_1/FC2-PPV-3381865_1.mp4,PPV-338186,,,
/Volumes/disk/G/Adult,F/FCX/FC2-PPV-3381976/FC2-PPV-3381976.mp4,PPV-338197,,,
/Volumes/disk/G/Adult,F/FCX/FC2-PPV-3381983/FC2-PPV-3381983.mp4,PPV-338198,,,
/Volumes/disk/G/Adult,F/FCX/FC2PPV-3393451/FC2PPV-3393451.mp4,PPV-339345,,,
/Volumes/disk/D/Adult,P/PPV/PPV-34079/PPV-34079.mp4,PPV-34079,,,
/Volumes/disk/G/Adult,F/FCX/FC2-PPV-3416644/FC2-PPV-3416644.mp4,PPV-341664,,,
/Volumes/disk/D/Adult,P/PPV/PPV-34528/PPV-34528.mp4,PPV-34528,,,
/Volumes/disk/D/Adult,P/PPV/PPV-35180/PPV-35180.mp4,PPV-35180,,,
/Volumes/disk/G/Adult,P/PPV/PPV-97585/PPV-97585.mp4,PPV-97585,,,
/Volumes/disk/J/Adult,P/PRED/PRED-034/PRED-034.mp4,PRED-034,/v/deq2M,1,
/Volumes/disk/J/Adult,P/pred-070/[Thz.la]pred-070.mp4,PRED-070,/v/5naVp,1,
/Volumes/disk/J/Adult,P/PRED/PRED-096/PRED-096.mp4,PRED-096,/v/rq7kv,1,
/Volumes/disk/J/Adult,P/PRED/PRED-099/PRED-099.mp4,PRED-099,/v/XBz95,1,
/Volumes/disk/G/Adult,P/PRED/PRED-179/PRED-179.mp4,PRED-179,/v/Yepqp,1,
/Volumes/disk/J/Adult,P/PRED/PRED-179/PRED-179.mp4,PRED-179,/v/Yepqp,1,
/Volumes/disk/G/Adult,P/PRED/PRED-197/PRED-197.mp4,PRED-197,/v/aBGRX,1,
/Volumes/disk/D/Adult,P/PRE/PRED-239/PRED-239.mp4,PRED-239,/v/w4NBz,1,
/Volumes/disk/G/Adult,P/PRED/PRED-239/PRED-239.mp4,PRED-239,/v/w4NBz,1,
/Volumes/disk/G/Adult,P/PRED/PRED-244/PRED-244.mp4,PRED-244,,,
/Volumes/disk/G/Adult,P/PRED/PRED-285/PRED-285.mp4,PRED-285,/v/n5YYY,1,
/Volumes/disk/J/Adult,P/pred-327/pred-327.mp4,PRED-327,/v/YbEdB,1,
/Volumes/disk/G/Adult,P/PRED/PRED-337/PRED-337.mp4,PRED-337,/v/NA6ON,1,
/Volumes/disk/D/Adult,P/PRE/pred-370/pred-370.mp4,PRED-370,,,
/Volumes/disk/J/Adult,P/pred-374-4k/pred-374.mp4,PRED-374,/v/839k5,1,
/Volumes/disk/J/Adult,P/PRED/PRED-397/PRED-397.mp4,PRED-397,/v/6VGxn,1,
/Volumes/disk/J/Adult,P/PRED-403-U/PRED-403.mp4,PRED-403,/v/8x3Gx,1,
/Volumes/disk/J/Adult,P/PRED-433/PRED-433.mp4,PRED-433,,,
/Volumes/disk/J/Adult,P/PRED-441-C_X1080X/PRED-441.mp4,PRED-441,,,
/Volumes/disk/D/Adult,P/PRE/PRED-450/PRED-450.mp4,PRED-450,/v/neDede,1,
/Volumes/disk/G/Adult,P/PRED/PRED-451/PRED-451.mp4,PRED-451,,,
/Volumes/disk/J/Adult,P/PRED/PRED-451/PRED-451.mp4,PRED-451,,,
/Volumes/disk/J/Adult,P/PRED/PRED-459/PRED-459.mp4,PRED-459,/v/PQ5xRX,1,
/Volumes/disk/J/Adult,P/PRED-471/PRED-471.mp4,PRED-471,,,
/Volumes/disk/J/Adult,P/PRED/PRED-477/PRED-477.mp4,PRED-477,/v/9DBM3V,1,
/Volumes/disk/D/Adult,P/PRE/PRED-483/PRED-483.mp4,PRED-483,/v/0RAnK0,1,
/Volumes/disk/J/Adult,P/PRED/PRED-497/PRED-497.mp4,PRED-497,/v/d4Bpgg,1,
/Volumes/disk/D/Adult,P/PRE/PRED-500/PRED-500.mp4,PRED-500,/v/W1vNVQ,1,
/Volumes/disk/D/Adult,P/PRE/PRED-505/PRED-505.mp4,PRED-505,/v/eKzM2N,1,
/Volumes/disk/J/Adult,P/PRED/PRED-510/PRED-510.mp4,PRED-510,/v/K4YZ66,1,
/Volumes/disk/J/Adult,P/pred-515/pred-515.mp4,PRED-515,/v/35ezJ1,1,
/Volumes/disk/J/Adult,P/PRED-530/PRED-530.mp4,PRED-530,,,
/Volumes/disk/J/Adult,P/pred-532/pred-532.mp4,PRED-532,/v/76ZMeP,1,
/Volumes/disk/J/Adult,P/PRTD/PRTD-020/PRTD-020.mp4,PRTD-020,,,
/Volumes/disk/J/Adult,P/PRTD/PRTD-023/PRTD-023.mp4,PRTD-023,,,
/Volumes/disk/J/Adult,P/PRTD/PRTD-026/PRTD-026.mp4,PRTD-026,/v/ZxW57,1,
/Volumes/disk/J/Adult,P/PRTD/PRTD-027/PRTD-027.mp4,PRTD-027,,,
/Volumes/disk/D/Adult,R/RBD/RBD-578/RBD-578.mp4,RBD-578,,,
/Volumes/disk/G/Adult,R/RBD/RBD-670/RBD-670.mp4,RBD-670,/v/76XVP,1,
/Volumes/disk/J/Adult,R/RBD/RBD-870/RBD-870.mp4,RBD-870,/v/87gx,1,
/Volumes/disk/G/Adult,R/RBD/RBD-911/RBD-911.mp4,RBD-911,/v/Pqmpe,1,
/Volumes/disk/J/Adult,R/RBD/RBD-917/RBD-917.mp4,RBD-917,/v/05arq,1,
/Volumes/disk/J/Adult,R/RBD/RBD-956/RBD-956.mp4,RBD-956,,,
/Volumes/disk/G/Adult,R/RBD/RBD-967/RBD-967.mp4,RBD-967,/v/MKen1,1,
/Volumes/disk/J/Adult,R/RBK/RBK-032/RBK-032.mp4,RBK-032,,,
/Volumes/disk/J/Adult,R/RBK/RBK-040/RBK-040.mp4,RBK-040,,,
/Volumes/disk/J/Adult,R/RBK-054/RBK-054.mp4,RBK-054,/v/7VQyV,1,
/Volumes/disk/J/Adult,R/RBK-075-C/RBK-075.mp4,RBK-075,,,
/Volumes/disk/G/Adult,R/RCTD/RCTD-493/RCTD-493.mp4,RCTD-493,,,
/Volumes/disk/G/Adult,R/RCTD/RCTD-514/RCTD-514.mp4,RCTD-514,/v/D2GMqK,1,
/Volumes/disk/J/Adult,R/RCTD-555/RCTD-555.mp4,RCTD-555,,,
/Volumes/disk/G/Adult,R/REAL/REAL-782/REAL-782.mp4,REAL-782,/v/bNNVE,1,
/Volumes/disk/G/Adult,R/REAL/REAL-796/REAL-796.mp4,REAL-796,/v/JkJWz,1,
/Volumes/disk/G/Adult,R/REAL/REAL-797/REAL-797.mp4,REAL-797,/v/m84ND,1,
/Volumes/disk/G/Adult,R/REAL/REAL-804/REAL-804.mp4,REAL-804,/v/PQQn2a,1,
/Volumes/disk/J/Adult,R/REAL-821/REAL-821.mp4,REAL-821,,,
/Volumes/disk/J/Adult,R/REAL-836/REAL-836.mp4,REAL-836,/v/W1apYR,1,
/Volumes/disk/J/Adult,R/REB/rebd-458/rebd-458.mp4,REBD-458,,,
/Volumes/disk/J/Adult,R/REBD/REBD-463/REBD-463.mp4,REBD-463,,,
/Volumes/disk/J/Adult,R/REBD/REBD-500/REBD-500.mp4,REBD-500,,,
/Volumes/disk/J/Adult,R/REBD/REBD-523/REBD-523.mp4,REBD-523,/v/JG0wA,1,
/Volumes/disk/J/Adult,R/REBD/REBD-545/REBD-545.mp4,REBD-545,,,
/Volumes/disk/D/Adult,R/REB/REBD-560/REBD-560.mp4,REBD-560,,,
/Volumes/disk/J/Adult,R/REB/rebd-636/rebd-636.mp4,REBD-636,/v/X2XzJ,1,
/Volumes/disk/J/Adult,R/REBD-651/REBD-651.mp4,REBD-651,,,
/Volumes/disk/G/Adult,R/REBD/REBD-688/REBD-688.mp4,REBD-688,/v/K4KD3M,1,
/Volumes/disk/J/Adult,R/REBD-695/REBD-695.mp4,REBD-695,/v/1BMznZ,1,
/Volumes/disk/J/Adult,R/REBD/REBD-708/REBD-708.mp4,REBD-708,,,
/Volumes/disk/J/Adult,R/REBD-714/REBD-714.mp4,REBD-714,,,
/Volumes/disk/J/Adult,R/REBD/REBD-716/REBD-716.mp4,REBD-716,,,
/Volumes/disk/D/Adult,R/REB/REBD-727/REBD-727.mp4,REBD-727,/v/0Rx5Ba,1,
/Volumes/disk/J/Adult,R/REBD/REBD-749/REBD-749.mp4,REBD-749,,,
/Volumes/disk/J/Adult,R/REBD-751/REBD-751.mp4,REBD-751,,,
/Volumes/disk/J/Adult,R/REBD/REBD-780/REBD-780.mp4,REBD-780,,,
/Volumes/disk/J/Adult,R/REBD-784/REBD-784.mp4,REBD-784,,,
/Volumes/disk/J/Adult,R/REBD-787/REBD-787.mp4,REBD-787,,,
/Volumes/disk/G/Adult,R/REBDB/REBDB-271/REBDB-271.mp4,REBDB-271,/v/9DnnX,1,
/Volumes/disk/D/Adult,R/REB/REBDB-476/REBDB-476.mkv,REBDB-476,/v/2Dz0N,1,
/Volumes/disk/G/Adult,R/REBDB/REBDB-476/REBDB-476.mp4,REBDB-476,/v/2Dz0N,1,
/Volumes/disk/J/Adult,R/REB/REBDB-559/REBDB-559.mkv,REBDB-559,,,
/Volumes/disk/J/Adult,R/REXD-490/REXD-490.mp4,REXD-490,,,
/Volumes/disk/J/Adult,R/ROOM-050/ROOM-050.mp4,ROOM-050,/v/VwkQnn,1,
/Volumes/disk/J/Adult,R/ROOM-050/room-050_1.mp4,ROOM-050,/v/VwkQnn,1,
/Volumes/disk/J/Adult,R/ROYD/ROYD-00011/ROYD-00011.mp4,ROYD-00011,,,
/Volumes/disk/J/Adult,R/ROYD/ROYD-006/ROYD-006.mp4,ROYD-006,/v/P1Ewr,1,
/Volumes/disk/J/Adult,R/ROYD/ROYD-046/ROYD-046.mp4,ROYD-046,/v/NpWWG,1,
/Volumes/disk/J/Adult,R/ROYD-082/ROYD-082.mp4,ROYD-082,/v/q6wVN,1,
/Volumes/disk/J/Adult,R/ROYD/ROYD-097/ROYD-097.mp4,ROYD-097,/v/bA483B,1,
/Volumes/disk/J/Adult,R/ROYD/ROYD-111/ROYD-111.mp4,ROYD-111,/v/akedpn,1,
/Volumes/disk/G/Adult,R/ROYD/ROYD-114/ROYD-114.mp4,ROYD-114,/v/GMPARb,1,
/Volumes/disk/D/Adult,R/ROY/ROYD-129/ROYD-129.mp4,ROYD-129,/v/8VyPEE,1,
/Volumes/disk/J/Adult,R/RSRVR/RSRVR-018/RSRVR-018.mp4,RSRVR-018,,,
/Volumes/disk/J/Adult,R/RVG/RVG-00131/RVG-00131.mp4,RVG-00131,,,
/Volumes/disk/G/Adult,R/RVG/RVG-004/RVG-004.mp4,RVG-004,/v/00R3,1,
/Volumes/disk/J/Adult,R/RVG/RVG-196/RVG-196.mp4,RVG-196,/v/Az1rpq,1,
/Volumes/disk/D/Adult,R/RVG/rvg-198/rvg-198.mp4,RVG-198,/v/451geZ,1,
/Volumes/disk/J/Adult,R/RVRSP/RVRSP-052/RVRSP-052.mp4,RVRSP-052,,,
/Volumes/disk/J/Adult,R/RVRSP/RVRSP-233/RVRSP-233.mp4,RVRSP-233,,,
/Volumes/disk/J/Adult,R/RVRSP/RVRSP-235/RVRSP-235.mp4,RVRSP-235,,,
/Volumes/disk/J/Adult,S/SABA/SABA-786/SABA-786.mp4,SABA-786,/v/meOEyD,1,
/Volumes/disk/J/Adult,S/SACE/SACE-007/SACE-007.mp4,SACE-007,/v/yrkyW,1,
/Volumes/disk/J/Adult,0/481SACZ-373/481SACZ-373.mp4,SACZ-373,,,
/Volumes/disk/G/Adult,S/SAME/SAME-002/SAME-002.mp4,SAME-002,/v/m8QP5,1,
/Volumes/disk/D/Adult,S/SAM/SAME-008/SAME-008.mp4,SAME-008,/v/6XQaM,1,
/Volumes/disk/G/Adult,S/SAME/SAME-014/SAME-014.mp4,SAME-014,,,
/Volumes/disk/J/Adult,S/SAME-014/SAME-014.mp4,SAME-014,,,
/Volumes/disk/J/Adult,S/SAME/SAME-014/SAME-014.mp4,SAME-014,,,
/Volumes/disk/G/Adult,S/SAME/SAME-019/SAME-019.mp4,SAME-019,/v/1BexxJ,1,
/Volumes/disk/G/Adult,S/SAME/SAME-032/SAME-032.mp4,SAME-032,,,
/Volumes/disk/J/Adult,S/SAME-032/SAME-032.mp4,SAME-032,,,
/Volumes/disk/J/Adult,S/SAME/SAME-032/SAME-032.mp4,SAME-032,,,
/Volumes/disk/G/Adult,S/SAME/SAME-038/SAME-038.mp4,SAME-038,,,
/Volumes/disk/G/Adult,S/SAME/SAME-045/SAME-045.mp4,SAME-045,,,
/Volumes/disk/D/Adult,S/SAM/SAME-050/SAME-050.mp4,SAME-050,/v/76mDa4,1,
/Volumes/disk/G/Adult,S/SAME/SAME-050/SAME-050.mp4,SAME-050,/v/76mDa4,1,
/Volumes/disk/J/Adult,S/SAME/SAME-052/SAME-052.mp4,SAME-052,,,
/Volumes/disk/J/Adult,S/SAME/SAME-055/SAME-055.mp4,SAME-055,/v/k4GAz4,1,
/Volumes/disk/J/Adult,S/SAME/SAME-079/SAME-079.mp4,SAME-079,,,
/Volumes/disk/J/Adult,S/SAN/SAN-168/SAN-168.mp4,SAN-168,/v/yr1nkX,1,
/Volumes/disk/J/Adult,VR/savr-202/savr-202-2.mp4,SAVR-202,/v/1B8en9,1,
/Volumes/disk/J/Adult,VR/savr-202/savr-202.mp4,SAVR-202,/v/1B8en9,1,
/Volumes/disk/J/Adult,S/SAVR/SAVR-261/SAVR-261.mp4,SAVR-261,,,
/Volumes/disk/G/Adult,S/SCOP/SCOP-601/SCOP-601.mp4,SCOP-601,/v/eqAzx,1,
/Volumes/disk/G/Adult,S/SCOP/SCOP-788/SCOP-788.mp4,SCOP-788,,,
/Volumes/disk/J/Adult,S/SCUTE/SCUTE-1294/SCUTE-1294.mp4,SCUTE-1294,/v/yrzeGA,1,
/Volumes/disk/J/Adult,0/229SCUTE-1404/229SCUTE-1404.mp4,SCUTE-1404,,,
/Volumes/disk/J/Adult,0/229SCUTE-1419/229SCUTE-1419.mp4,SCUTE-1419,,,
/Volumes/disk/J/Adult,S/SDAB/SDAB-063/SDAB-063.mp4,SDAB-063,,,
/Volumes/disk/J/Adult,S/SDAB-110-C/SDAB-110.mp4,SDAB-110,/v/wpXEB,1,
/Volumes/disk/J/Adult,S/SDAB/SDAB-117/SDAB-117.mp4,SDAB-117,/v/9Yzag,1,
/Volumes/disk/J/Adult,S/SDAB/SDAB-122/SDAB-122.mp4,SDAB-122,,,
/Volumes/disk/J/Adult,S/SDAB/SDAB-141/SDAB-141.mp4,SDAB-141,/v/GQxPm,1,
/Volumes/disk/J/Adult,S/SDAB/SDAB-187/SDAB-187.mp4,SDAB-187,,,
/Volumes/disk/J/Adult,S/SDAB/SDAB-203/SDAB-203.mp4,SDAB-203,,,
/Volumes/disk/J/Adult,S/SDAB/SDAB-205/SDAB-205.mp4,SDAB-205,/v/3bZ1z,1,
/Volumes/disk/J/Adult,S/SDAB-222/SDAB-222.mp4,SDAB-222,,,
/Volumes/disk/G/Adult,S/SDAB/SDAB-236/SDAB-236.mp4,SDAB-236,,,
/Volumes/disk/G/Adult,S/SDAB/SDAB-238/SDAB-238.mp4,SDAB-238,,,
/Volumes/disk/G/Adult,S/SDAB/SDAB-242/SDAB-242.mp4,SDAB-242,,,
/Volumes/disk/D/Adult,S/SDA/SDAB-249/SDAB-249.mp4,SDAB-249,,,
/Volumes/disk/J/Adult,S/SDAB/SDAB-252/SDAB-252.mp4,SDAB-252,,,
/Volumes/disk/J/Adult,S/SDAB/SDAB-259/SDAB-259.mp4,SDAB-259,,,
/Volumes/disk/J/Adult,S/SDAB/SDAB-262/SDAB-262.mp4,SDAB-262,,,
/Volumes/disk/J/Adult,S/SDAB-267/SDAB-267.mp4,SDAB-267,,,
/Volumes/disk/J/Adult,S/SDA/sdam-113/sdam-113.mp4,SDAM-113,/v/ZNXXnA,1,
/Volumes/disk/G/Adult,S/SDDE/SDDE-533/SDDE-533.mp4,SDDE-533,/v/mxmv,1,
/Volumes/disk/G/Adult,S/SDDE/SDDE-555/SDDE-555.mp4,SDDE-555,/v/1AdQn,1,
/Volumes/disk/G/Adult,S/SDDE/SDDE-588/SDDE-588.mp4,SDDE-588,/v/6D7pD,1,
/Volumes/disk/G/Adult,S/SDDE/SDDE-604/SDDE-604.mp4,SDDE-604,/v/R2X9g,1,
/Volumes/disk/D/Adult,S/SDD/SDDE-618/SDDE-618.mp4,SDDE-618,/v/2X3ky,1,
/Volumes/disk/G/Adult,S/SDDE/SDDE-618/SDDE-618.mp4,SDDE-618,/v/2X3ky,1,
/Volumes/disk/G/Adult,S/SDDE/SDDE-630/SDDE-630.mp4,SDDE-630,,,
/Volumes/disk/J/Adult,S/sdde-673/[98t.tv]sdde-673.mp4,SDDE-673,/v/O9QQA,1,
/Volumes/disk/G/Adult,S/SDDE/SDDE-678/SDDE-678.mp4,SDDE-678,/v/k4BvvP,1,
/Volumes/disk/J/Adult,S/SDD/SDDE-686/SDDE-686.mp4,SDDE-686,/v/k4qwJJ,1,
/Volumes/disk/J/Adult,S/SDD/SDDE-698/SDDE-698.mp4,SDDE-698,/v/D2a0dM,1,
/Volumes/disk/J/Adult,S/SDD/SDDE-709/SDDE-709.mp4,SDDE-709,,,
/Volumes/disk/J/Adult,S/SDD/sdde-720/sdde-720.mp4,SDDE-720,/v/Rkddbm,1,
/Volumes/disk/J/Adult,S/SDJS/SDJS-146/SDJS-146.mp4,SDJS-146,/v/ZVBrJ,1,
/Volumes/disk/D/Adult,S/SDJ/SDJS-189/SDJS-189.mp4,SDJS-189,,,
/Volumes/disk/D/Adult,S/SDJ/sdjs-193/sdjs-193.mp4,SDJS-193,,,
/Volumes/disk/D/Adult,S/SDJ/SDJS-196/SDJS-196.mp4,SDJS-196,,,
/Volumes/disk/J/Adult,S/SDJS/SDJS-201/SDJS-201.mp4,SDJS-201,,,
/Volumes/disk/J/Adult,S/SDJS/SDJS-206/SDJS-206.mp4,SDJS-206,,,
/Volumes/disk/J/Adult,S/SDMF/SDMF-020/SDMF-020.mp4,SDMF-020,/v/6rVNn,1,
/Volumes/disk/D/Adult,S/SDM/SDMF-031/SDMF-031.mp4,SDMF-031,/v/650ZpZ,1,
/Volumes/disk/G/Adult,S/SDMM/SDMM-087/SDMM-087.mp4,SDMM-087,/v/kqvN4,1,
/Volumes/disk/J/Adult,S/SDMM-138-C/SDMM-138.mp4,SDMM-138,/v/qDpBOD,1,
/Volumes/disk/J/Adult,S/SDMM/SDMM-145/SDMM-145.mp4,SDMM-145,,,
/Volumes/disk/G/Adult,S/SDMU/SDMU-554/SDMU-554.mp4,SDMU-554,/v/D25w2,1,
/Volumes/disk/G/Adult,S/SDMUA/SDMUA-026/SDMUA-026.mp4,SDMUA-026,/v/8VEbXK,1,
/Volumes/disk/J/Adult,S/SDMUA/SDMUA-040/SDMUA-040.mp4,SDMUA-040,/v/35WrAN,1,
/Volumes/disk/G/Adult,S/SDMUA/SDMUA-052/SDMUA-052.mp4,SDMUA-052,/v/k4yvv6,1,
/Volumes/disk/J/Adult,S/SDTH/SDTH-035/SDTH-035.mp4,SDTH-035,,,
/Volumes/disk/J/Adult,S/SDTH/SDTH-036/SDTH-036.mp4,SDTH-036,,,
/Volumes/disk/D/Adult,S/SEI/SEI-009/SEI-009.mp4,SEI-009,/v/K4BqBb,1,
/Volumes/disk/J/Adult,S/SEI/SEI-009/SEI-009.mp4,SEI-009,/v/K4BqBb,1,
/Volumes/disk/G/Adult,S/SERO/SERO-150/SERO-150.mp4,SERO-150,,,
/Volumes/disk/J/Adult,S/SGA/SGA-131/SGA-131.mp4,SGA-131,/v/dZvk5,1,
/Volumes/disk/J/Adult,S/SGA/SGA-132/SGA-132.mp4,SGA-132,,,
/Volumes/disk/J/Adult,S/SGA/SGA-136/SGA-136.mp4,SGA-136,,,
/Volumes/disk/J/Adult,S/SGA/SGA-138/SGA-138.mp4,SGA-138,/v/AQvqw,1,
/Volumes/disk/J/Adult,0/483SGK-125/483SGK-125.mp4,SGK-125,,,
/Volumes/disk/J/Adult,S/sgki-004/sgki-004.mp4,SGKI-004,/v/1B5aEZ,1,
/Volumes/disk/J/Adult,S/SHI/shibp-036/shibp-036.mp4,SHIBP-036,/v/qOGGa,1,
/Volumes/disk/J/Adult,0/307SHIC-250/307SHIC-250.mp4,SHIC-250,,,
/Volumes/disk/J/Adult,S/SHIND/SHIND-041/SHIND-041.mp4,SHIND-041,/v/0RdG77,1,
/Volumes/disk/J/Adult,S/SHIND-065/SHIND-065.mp4,SHIND-065,,,
/Volumes/disk/J/Adult,0/467SHINKI-153/467SHINKI-153.mp4,SHINKI-153,/v/4537B3,1,
/Volumes/disk/J/Adult,0/467SHINKI-165/467SHINKI-165.mp4,SHINKI-165,/v/0RnwqX,1,
/Volumes/disk/G/Adult,S/SHKD/SHKD-546/SHKD-546.mp4,SHKD-546,/v/d4YN9,1,
/Volumes/disk/J/Adult,S/SHKD/SHKD-680/SHKD-680.mp4,SHKD-680,/v/pkk95,1,
/Volumes/disk/G/Adult,S/SHKD/SHKD-869/SHKD-869.mp4,SHKD-869,/v/78RrB,1,
/Volumes/disk/G/Adult,S/SHKD/SHKD-884/SHKD-884.mp4,SHKD-884,/v/2q95w,1,
/Volumes/disk/G/Adult,S/SHKD/SHKD-921/SHKD-921.mp4,SHKD-921,,,
/Volumes/disk/G/Adult,S/SHKD/SHKD-930/SHKD-930.mp4,SHKD-930,/v/QkxPJ,1,
/Volumes/disk/G/Adult,S/SHKD/SHKD-946/SHKD-946.mp4,SHKD-946,/v/3Jn1a,1,
/Volumes/disk/G/Adult,S/SHKD/SHKD-951/SHKD-951.mp4,SHKD-951,/v/PY9R9,1,
/Volumes/disk/G/Adult,S/SHKD/SHKD-979/SHKD-979.mp4,SHKD-979,,,
/Volumes/disk/J/Adult,S/SHKD-983/SHKD-983.mp4,SHKD-983,,,
/Volumes/disk/J/Adult,S/SHKD/SHKD-986/SHKD-986.mp4,SHKD-986,,,
/Volumes/disk/G/Adult,S/SHKD/SHKD-995/SHKD-995.mp4,SHKD-995,/v/MzZ0Q,1,
/Volumes/disk/J/Adult,0/494SIKA-128/494SIKA-128.mp4,SIKA-128,/v/e0VpM,1,
/Volumes/disk/J/Adult,S/silk-145/silk-145.mp4,SILK-145,/v/O2JvV0,1,
/Volumes/disk/G/Adult,S/SIMM/SIMM-701/SIMM-701.mp4,SIMM-701,/v/27drq,1,
/Volumes/disk/D/Adult,S/SIM/SIMM-703/SIMM-703.ts,SIMM-703,,,
/Volumes/disk/J/Adult,0/345SIMM-709/345SIMM-709.mp4,SIMM-709,,,
/Volumes/disk/J/Adult,0/345SIMM-714/345SIMM-714.mp4,SIMM-714,,,
/Volumes/disk/G/Adult,S/SIMM/SIMM-729/SIMM-729.mp4,SIMM-729,/v/KX9Gb,1,
/Volumes/disk/J/Adult,0/345SIMM-732/345SIMM-732.mp4,SIMM-732,,,
/Volumes/disk/J/Adult,0/345SIMM-754/345SIMM-754.mp4,SIMM-754,,,
/Volumes/disk/G/Adult,S/SIMM/SIMM-761/SIMM-761.mp4,SIMM-761,,,
/Volumes/disk/G/Adult,S/SIMM/SIMM-762/SIMM-762.mp4,SIMM-762,/v/45DaG3,1,
/Volumes/disk/G/Adult,S/SIMM/SIMM-771/SIMM-771.mp4,SIMM-771,,,
/Volumes/disk/G/Adult,S/SIMM/SIMM-777/SIMM-777.mp4,SIMM-777,,,
/Volumes/disk/G/Adult,S/SIMM/SIMM-779/SIMM-779.mp4,SIMM-779,,,
/Volumes/disk/J/Adult,0/345SIMM-782/345SIMM-782.mp4,SIMM-782,/v/p3Deq5,1,
/Volumes/disk/J/Adult,S/SIMM/SIMM-782/SIMM-782.mp4,SIMM-782,/v/p3Deq5,1,
/Volumes/disk/G/Adult,S/SIMM/SIMM-784/SIMM-784.mp4,SIMM-784,,,
/Volumes/disk/J/Adult,S/SIMM/SIMM-784/SIMM-784.mp4,SIMM-784,,,
/Volumes/disk/G/Adult,S/SIMM/SIMM-788/SIMM-788.mp4,SIMM-788,,,
/Volumes/disk/G/Adult,S/SIMM/SIMM-792/SIMM-792.mp4,SIMM-792,/v/k4ry10,1,
/Volumes/disk/G/Adult,S/SIMM/SIMM-794/SIMM-794.mp4,SIMM-794,,,
/Volumes/disk/G/Adult,S/SIMM/SIMM-797/SIMM-797.mp4,SIMM-797,,,
/Volumes/disk/G/Adult,S/SIMM/SIMM-798/SIMM-798.mp4,SIMM-798,/v/E2mm34,1,
/Volumes/disk/J/Adult,0/345SIMM-798/345SIMM-798.mp4,SIMM-798,/v/E2mm34,1,
/Volumes/disk/J/Adult,0/345SIMM-800/345SIMM-800.mp4,SIMM-800,,,
/Volumes/disk/J/Adult,0/345SIMM-802/345SIMM-802.mp4,SIMM-802,,,
/Volumes/disk/J/Adult,0/345SIMM-814/345SIMM-814.mp4,SIMM-814,,,
/Volumes/disk/J/Adult,0/345SIMM-817/345SIMM-817.mp4,SIMM-817,,,
/Volumes/disk/J/Adult,S/SIMM/SIMM-817/SIMM-817.mp4,SIMM-817,,,
/Volumes/disk/J/Adult,S/SIMM/SIMM-821/SIMM-821.mp4,SIMM-821,,,
/Volumes/disk/D/Adult,S/SIM/SIMM-823/SIMM-823.mp4,SIMM-823,,,
/Volumes/disk/J/Adult,S/SIMM/SIMM-826/SIMM-826.mp4,SIMM-826,,,
/Volumes/disk/J/Adult,0/345SIMM-833/345SIMM-833.mp4,SIMM-833,,,
/Volumes/disk/J/Adult,0/345SIMM-836/345SIMM-836.mp4,SIMM-836,/v/VwWyyQ,1,
/Volumes/disk/J/Adult,S/SIMM/SIMM-841/SIMM-841.mp4,SIMM-841,,,
/Volumes/disk/J/Adult,0/345SIMM-853/345SIMM-853.mp4,SIMM-853,,,
/Volumes/disk/J/Adult,0/345SIMM-854/345SIMM-854.mp4,SIMM-854,,,
/Volumes/disk/J/Adult,0/345SIMM-855/345SIMM-855.mp4,SIMM-855,,,
/Volumes/disk/G/Adult,S/SIRO/SIRO-4238/SIRO-4238.mp4,SIRO-4238,/v/7Q71B,1,
/Volumes/disk/J/Adult,S/SIRO-4598/SIRO-4598.mp4,SIRO-4598,,,
/Volumes/disk/J/Adult,S/SIRO/SIRO-4609/SIRO-4609.mp4,SIRO-4609,,,
/Volumes/disk/J/Adult,S/SIRO/SIRO-4706/SIRO-4706.mp4,SIRO-4706,/v/J8pO8,1,
/Volumes/disk/D/Adult,S/SIR/SIRO-4854/SIRO-4854.mp4,SIRO-4854,,,
/Volumes/disk/J/Adult,S/SIRO/SIRO-4865/SIRO-4865.mp4,SIRO-4865,,,
/Volumes/disk/J/Adult,S/SIRO/SIRO-4899/SIRO-4899.mp4,SIRO-4899,,,
/Volumes/disk/J/Adult,S/SIRO-4971/SIRO-4971.mp4,SIRO-4971,,,
/Volumes/disk/J/Adult,S/SIRO/SIRO-4978/SIRO-4978.mp4,SIRO-4978,,,
/Volumes/disk/J/Adult,S/SIRO/SIRO-4988/SIRO-4988.mp4,SIRO-4988,,,
/Volumes/disk/J/Adult,S/SIRO/SIRO-5014/SIRO-5014.mp4,SIRO-5014,,,
/Volumes/disk/J/Adult,S/SIRO/SIRO-5019/SIRO-5019.mp4,SIRO-5019,,,
/Volumes/disk/J/Adult,S/SIRO/SIRO-5033/SIRO-5033.mp4,SIRO-5033,,,
/Volumes/disk/J/Adult,S/SIRO/SIRO-5046/SIRO-5046.mp4,SIRO-5046,,,
/Volumes/disk/D/Adult,S/SIR/SIRO-5047/SIRO-5047.mp4,SIRO-5047,,,
/Volumes/disk/J/Adult,S/SIRO/SIRO-5047/SIRO-5047.mp4,SIRO-5047,,,
/Volumes/disk/J/Adult,S/SIRO/SIRO-5070/SIRO-5070.mp4,SIRO-5070,,,
/Volumes/disk/J/Adult,S/SIRO/SIRO-5073/SIRO-5073.mp4,SIRO-5073,,,
/Volumes/disk/J/Adult,S/SIRO/SIRO-5083/SIRO-5083.mp4,SIRO-5083,,,
/Volumes/disk/J/Adult,S/SIRO/SIRO-5084/SIRO-5084.mp4,SIRO-5084,,,
/Volumes/disk/J/Adult,S/SIRO/SIRO-5099/SIRO-5099.mp4,SIRO-5099,/v/W1RWDB,1,
/Volumes/disk/J/Adult,S/SIRO/SIRO-5125/SIRO-5125.mp4,SIRO-5125,,,
/Volumes/disk/J/Adult,S/SIRO/SIRO-5134/SIRO-5134.mp4,SIRO-5134,,,
/Volumes/disk/J/Adult,S/SIRO-5163/SIRO-5163.mp4,SIRO-5163,,,
/Volumes/disk/J/Adult,S/SIRO-5164/SIRO-5164.mp4,SIRO-5164,,,
/Volumes/disk/J/Adult,S/SIRO-5165/SIRO-5165.mp4,SIRO-5165,,,
/Volumes/disk/J/Adult,VR/sivr00121pl/sivr00121.part1-icao.me.mp4,SIVR-00121,,,
/Volumes/disk/J/Adult,VR/sivr00121pl/sivr00121.part2-icao.me.mp4,SIVR-00121,,,
/Volumes/disk/J/Adult,VR/sivr00121pl/sivr00121.part3-icao.me.mp4,SIVR-00121,,,
/Volumes/disk/J/Adult,VR/sivr00121pl/sivr00121.part4-icao.me.mp4,SIVR-00121,,,
/Volumes/disk/J/Adult,S/SIVR/SIVR-00221-1/SIVR-00221.mp4,SIVR-00221,,,
/Volumes/disk/J/Adult,S/SIVR/SIVR-00221-2/SIVR-00221.mp4,SIVR-00221,,,
/Volumes/disk/J/Adult,S/SIVR/SIVR-00221-3/SIVR-00221.mp4,SIVR-00221,,,
/Volumes/disk/J/Adult,S/SIVR/SIVR-047/SIVR-047.mp4,SIVR-047,,,
/Volumes/disk/J/Adult,S/SIVR/SIVR-057/SIVR-057.mp4,SIVR-057,/v/xgvan,1,
/Volumes/disk/J/Adult,S/SIVR/SIVR-059-1/SIVR-059.mp4,SIVR-059,/v/pq7Ke,1,
/Volumes/disk/J/Adult,S/SIVR/SIVR-059-2/SIVR-059.mp4,SIVR-059,/v/pq7Ke,1,
/Volumes/disk/J/Adult,S/SIVR/SIVR-059-3/SIVR-059.mp4,SIVR-059,/v/pq7Ke,1,
/Volumes/disk/J/Adult,S/SIVR/SIVR-064-/SIVR-064.mp4,SIVR-064,/v/0pOm0,1,
/Volumes/disk/J/Adult,S/SIVR/SIVR-064-1/SIVR-064.mp4,SIVR-064,/v/0pOm0,1,
/Volumes/disk/J/Adult,S/SIV/SIVR-148/SIVR-148.mp4,SIVR-148,,,
/Volumes/disk/J/Adult,S/SIVR/SIVR-148/SIVR-148.mp4,SIVR-148,,,
/Volumes/disk/J/Adult,S/SIVR/SIVR-151/SIVR-151.mp4,SIVR-151,/v/YypQD,1,
/Volumes/disk/J/Adult,S/SIVR/SIVR-157/SIVR-157.mp4,SIVR-157,,,
/Volumes/disk/J/Adult,S/SIVR/SIVR-171-1/SIVR-171.mp4,SIVR-171,/v/kNXY4,1,
/Volumes/disk/J/Adult,S/SIVR/SIVR-171-2/SIVR-171.mp4,SIVR-171,/v/kNXY4,1,
/Volumes/disk/J/Adult,S/SIVR/SIVR-171-3/SIVR-171.mp4,SIVR-171,/v/kNXY4,1,
/Volumes/disk/J/Adult,S/SIVR/SIVR-171-4/SIVR-171.mp4,SIVR-171,/v/kNXY4,1,
/Volumes/disk/J/Adult,S/SIVR/SIVR-204/SIVR-204.mp4,SIVR-204,/v/QGmmp,1,
/Volumes/disk/J/Adult,S/SIVR/SIVR-212/SIVR-212.mp4,SIVR-212,/v/OndQz,1,
/Volumes/disk/J/Adult,S/SIVR/SIVR-224/SIVR-224.mp4,SIVR-224,,,
/Volumes/disk/D/Adult,S/SIV/sivr-231/sivr-231.mp4,SIVR-231,/v/p3Onew,1,
/Volumes/disk/J/Adult,S/SIVR/SIVR-235/SIVR-235.mp4,SIVR-235,,,
/Volumes/disk/D/Adult,S/SIV/SIVR-247/SIVR-247.mp4,SIVR-247,/v/8VaNX5,1,
/Volumes/disk/J/Adult,S/SIVR/SIVR-248/SIVR-248.mp4,SIVR-248,,,
/Volumes/disk/J/Adult,S/SIVR/SIVR-258/SIVR-258.mp4,SIVR-258,,,
/Volumes/disk/J/Adult,S/SIVR/SIVR-262/SIVR-262.mp4,SIVR-262,,,
/Volumes/disk/J/Adult,S/SIVR/SIVR-264/SIVR-264.mp4,SIVR-264,,,
/Volumes/disk/J/Adult,S/SIVR/SIVR-269/SIVR-269.mp4,SIVR-269,,,
/Volumes/disk/D/Adult,S/SIV/sivr-270/sivr-270.mp4,SIVR-270,/v/2ay9nm,1,
/Volumes/disk/J/Adult,S/SIVR/SIVR-272/SIVR-272.mp4,SIVR-272,/v/VwbpPW,1,
/Volumes/disk/D/Adult,S/SIV/sivr-274/sivr-274.mp4,SIVR-274,,,
/Volumes/disk/J/Adult,S/SIVR/SIVR-275/SIVR-275.mp4,SIVR-275,,,
/Volumes/disk/J/Adult,S/SIVR/SIVR-278/SIVR-278.mp4,SIVR-278,,,
/Volumes/disk/J/Adult,S/SIVR/SIVR-279/SIVR-279.mp4,SIVR-279,,,
/Volumes/disk/J/Adult,S/SIVR/SIVR-282/SIVR-282.mp4,SIVR-282,,,
/Volumes/disk/J/Adult,S/SIVR/SIVR-284/SIVR-284.mp4,SIVR-284,,,
/Volumes/disk/J/Adult,S/SIVR/SIVR-289/SIVR-289.mp4,SIVR-289,,,
/Volumes/disk/J/Adult,S/SKJK-002/SKJK-002.mp4,SKJK-002,,,
/Volumes/disk/J/Adult,S/SKJK/SKJK-003/SKJK-003.mp4,SKJK-003,,,
/Volumes/disk/J/Adult,S/SKJK/SKJK-004/SKJK-004.mp4,SKJK-004,,,
/Volumes/disk/J/Adult,S/SKJ/SKJK-012/SKJK-012.mp4,SKJK-012,,,
/Volumes/disk/G/Adult,S/SKJK/SKJK-015/SKJK-015.mp4,SKJK-015,,,
/Volumes/disk/J/Adult,S/SKJK/SKJK-015/SKJK-015.mp4,SKJK-015,,,
/Volumes/disk/J/Adult,S/SKJK/SKJK-016/SKJK-016.mp4,SKJK-016,,,
/Volumes/disk/J/Adult,S/SKJK/SKJK-019/SKJK-019.mp4,SKJK-019,,,
/Volumes/disk/D/Adult,S/SKM/skmj-231/skmj-231.mp4,SKMJ-231,/v/4Yr36,1,
/Volumes/disk/J/Adult,S/SKMJ/SKMJ-279/SKMJ-279.mp4,SKMJ-279,/v/xyXyV,1,
/Volumes/disk/J/Adult,S/SKMJ/SKMJ-308/SKMJ-308.mp4,SKMJ-308,/v/Wpxxg,1,
/Volumes/disk/G/Adult,S/SKMJ/SKMJ-343/SKMJ-343.mp4,SKMJ-343,,,
/Volumes/disk/J/Adult,S/SKMJ-383/SKMJ-383.mp4,SKMJ-383,/v/XWxX8M,1,
/Volumes/disk/J/Adult,S/SKMJ/SKMJ-400/SKMJ-400.mp4,SKMJ-400,/v/0RXYKq,1,
/Volumes/disk/J/Adult,S/SKMJ/SKMJ-411/SKMJ-411.mp4,SKMJ-411,/v/akgQBR,1,
/Volumes/disk/J/Adult,S/SKMJ-449/SKMJ-449.mp4,SKMJ-449,/v/MmQ26Q,1,
/Volumes/disk/J/Adult,xunlei/[JAV] [Uncensored] SKYHD-029 [1080p]/SKYHD-029.mp4,SKYHD-029,,,
/Volumes/disk/J/Adult,S/SMKCX-001/SMKCX-001.mp4,SMKCX-001,/v/5EZna9,1,
/Volumes/disk/D/Adult,S/SMR/SMR-011/SMR-011.mp4,SMR-011,,,
/Volumes/disk/G/Adult,S/SNIS/SNIS-067/SNIS-067.wmv,SNIS-067,/v/MO3v,1,
/Volumes/disk/D/Adult,S/SNI/SNIS-289/SNIS-289.mp4,SNIS-289,,,
/Volumes/disk/J/Adult,S/SNIS-402-U/SNIS-402.mp4,SNIS-402,,,
/Volumes/disk/J/Adult,S/SNIS-565-UC/SNIS-565.mp4,SNIS-565,/v/6d8Mn,1,
/Volumes/disk/J/Adult,S/SNIS/SNIS-604/SNIS-604.mp4,SNIS-604,/v/Mb8aR,1,
/Volumes/disk/G/Adult,S/SNIS/SNIS-621/SNIS-621.mp4,SNIS-621,,,
/Volumes/disk/G/Adult,S/SNIS/SNIS-654/SNIS-654.mp4,SNIS-654,/v/VwJwX,1,
/Volumes/disk/J/Adult,S/SNIS-696-U/SNIS-696.mp4,SNIS-696,/v/RdpO4,1,
/Volumes/disk/J/Adult,S/SNIS-735-UC/SNIS-735.mp4,SNIS-735,/v/NwXVb,1,
/Volumes/disk/G/Adult,S/SNIS/SNIS-745/SNIS-745.mp4,SNIS-745,/v/pk5W5,1,
/Volumes/disk/G/Adult,S/SNIS/SNIS-786/SNIS-786.mp4,SNIS-786,/v/Bz1v6,1,
/Volumes/disk/J/Adult,S/snis-851-C/snis-851.mp4,SNIS-851,/v/RkAz7,1,
/Volumes/disk/G/Adult,S/SNIS/SNIS-854/SNIS-854.mp4,SNIS-854,/v/O2yJ0,1,
/Volumes/disk/J/Adult,S/SNIS-854-U/SNIS-854.mp4,SNIS-854,/v/O2yJ0,1,
/Volumes/disk/G/Adult,S/SNIS/SNIS-866/SNIS-866.mp4,SNIS-866,/v/Az6Yq,1,
/Volumes/disk/J/Adult,S/SNIS/SNIS-887/SNIS-887.mp4,SNIS-887,/v/96wRX,1,
/Volumes/disk/J/Adult,S/SNIS/SNIS-891/SNIS-891.mp4,SNIS-891,/v/npPm,1,
/Volumes/disk/G/Adult,S/SNIS/SNIS-912/SNIS-912.mp4,SNIS-912,/v/qEY3,1,
/Volumes/disk/G/Adult,S/SNIS/SNIS-918/SNIS-918.mp4,SNIS-918,/v/qD9Ya,1,
/Volumes/disk/J/Adult,S/SNIS/SNIS-933/SNIS-933.mp4,SNIS-933,/v/7JBJ,1,
/Volumes/disk/J/Adult,S/SNIS/SNIS-956/SNIS-956.mp4,SNIS-956,/v/GpZm,1,
/Volumes/disk/J/Adult,S/SNIS/SNIS-964/SNIS-964.mp4,SNIS-964,/v/veYxY,1,
/Volumes/disk/J/Adult,S/SNKH/SNKH-001/SNKH-001.mp4,SNKH-001,/v/NgnRb,1,
/Volumes/disk/G/Adult,S/SORA/SORA-305/SORA-305.mp4,SORA-305,/v/RAO6D,1,
/Volumes/disk/D/Adult,S/SOR/SORA-466/SORA-466.mp4,SORA-466,/v/xvpJVE,1,
/Volumes/disk/J/Adult,S/SORA-469/SORA-469.mp4,SORA-469,,,
/Volumes/disk/J/Adult,S/SORA/SORA-474/SORA-474.mp4,SORA-474,,,
/Volumes/disk/J/Adult,S/SORA/SORA-487/SORA-487.mp4,SORA-487,,,
/Volumes/disk/J/Adult,0/748SPAY-229/748SPAY-229.mp4,SPAY-229,/v/wqdv1z,1,
/Volumes/disk/J/Adult,0/748SPAY-230/748SPAY-230.mp4,SPAY-230,/v/bAJp6A,1,
/Volumes/disk/J/Adult,0/748SPAY-231/748SPAY-231.mp4,SPAY-231,/v/XWJP6e,1,
/Volumes/disk/J/Adult,0/748SPAY-232/748SPAY-232.mp4,SPAY-232,,,
/Volumes/disk/J/Adult,0/748SPAY-271/748SPAY-271.mp4,SPAY-271,/v/5EyZ77,1,
/Volumes/disk/J/Adult,S/SPAY/SPAY-281/SPAY-281.mp4,SPAY-281,/v/me1KaD,1,
/Volumes/disk/J/Adult,0/748SPAY-282/748SPAY-282.mp4,SPAY-282,/v/p31Ka9,1,
/Volumes/disk/J/Adult,0/748SPAY-327/748SPAY-327.mp4,SPAY-327,,,
/Volumes/disk/J/Adult,S/sply-001/sply-001.mp4,SPLY-001,,,
/Volumes/disk/G/Adult,S/SPRO/SPRO-055/SPRO-055.mp4,SPRO-055,/v/GMZgwQ,1,
/Volumes/disk/G/Adult,S/SPRO/SPRO-056/SPRO-056.mp4,SPRO-056,/v/NwQJgb,1,
/Volumes/disk/G/Adult,S/SPRO/SPRO-086/SPRO-086.mp4,SPRO-086,/v/1BpV3d,1,
/Volumes/disk/J/Adult,S/SQB/SQB-156/SQB-156.mp4,SQB-156,/v/aXEEg,1,
/Volumes/disk/J/Adult,0/380SQB-217/380SQB-217.mp4,SQB-217,/v/akM6xW,1,
/Volumes/disk/J/Adult,S/SQB/SQB-223/SQB-223.mp4,SQB-223,,,
/Volumes/disk/J/Adult,S/SQB/SQB-225/SQB-225.mp4,SQB-225,/v/vDEOWO,1,
/Volumes/disk/J/Adult,0/380SQB-228/380SQB-228.mp4,SQB-228,/v/RdO7VK,1,
/Volumes/disk/J/Adult,S/SQTE/SQTE-220/SQTE-220.mp4,SQTE-220,/v/veGEO,1,
/Volumes/disk/J/Adult,S/SQTE390/avmans.com-SQTE390.mp4,SQTE-390,/v/ewND1,1,
/Volumes/disk/G/Adult,S/SQTE/SQTE-401/SQTE-401.mp4,SQTE-401,/v/kvAPY,1,
/Volumes/disk/G/Adult,S/SQTE/SQTE-433/SQTE-433.mp4,SQTE-433,/v/NwZY1x,1,
/Volumes/disk/J/Adult,S/SQTE-433/SQTE-433.mp4,SQTE-433,/v/NwZY1x,1,
/Volumes/disk/G/Adult,S/SQTE/SQTE-439/SQTE-439.mp4,SQTE-439,/v/GMW7Q5,1,
/Volumes/disk/J/Adult,S/SQT/sqte-461/sqte-461.mp4,SQTE-461,,,
/Volumes/disk/G/Adult,S/SQTE/SQTE-462/SQTE-462.mp4,SQTE-462,/v/bAxd5g,1,
/Volumes/disk/G/Adult,S/SQTE/SQTE-466/SQTE-466.mp4,SQTE-466,,,
/Volumes/disk/J/Adult,S/SQTE/SQTE-466/SQTE-466.mp4,SQTE-466,,,
/Volumes/disk/J/Adult,S/SQTE/SQTE-481/SQTE-481.mp4,SQTE-481,,,
/Volumes/disk/J/Adult,S/SQTE/SQTE-485/SQTE-485.mp4,SQTE-485,/v/YndkEx,1,
/Volumes/disk/J/Adult,S/SQTE/SQTE-489/SQTE-489.mp4,SQTE-489,,,
/Volumes/disk/D/Adult,S/SQT/sqte-490/sqte-490.mp4,SQTE-490,/v/MmGdn4,1,
/Volumes/disk/J/Adult,S/SQTE/SQTE-491/SQTE-491.mp4,SQTE-491,,,
/Volumes/disk/J/Adult,S/sqte-512/sqte-512.mp4,SQTE-512,/v/9DvbQX,1,
/Volumes/disk/J/Adult,S/SRT/SRTD-0310/SRTD-0310.mp4,SRTD-0310,/v/p345yq,1,
/Volumes/disk/G/Adult,S/SRTD/SRTD-0322/SRTD-0322.mp4,SRTD-0322,/v/Mm7GdA,1,
/Volumes/disk/J/Adult,0/324SRTD-0348/324SRTD-0348.mp4,SRTD-0348,,,
/Volumes/disk/J/Adult,0/324SRTD-0378/324SRTD-0378.mp4,SRTD-0378,,,
/Volumes/disk/G/Adult,S/SRYA/SRYA-060/SRYA-060.mp4,SRYA-060,,,
/Volumes/disk/G/Adult,S/SRYA/SRYA-067/SRYA-067.mp4,SRYA-067,/v/nezdQX,1,
/Volumes/disk/J/Adult,S/SS-052/SS-052.mp4,SS-052,/v/vb6QG,1,
/Volumes/disk/G/Adult,S/SS/SS-087/SS-087.mkv,SS-087,,,
/Volumes/disk/G/Adult,S/SSHN/SSHN-014/SSHN-014.mp4,SSHN-014,/v/4E9Ap,1,
/Volumes/disk/J/Adult,S/SSIS/SSIS-009/SSIS-009.mp4,SSIS-009,,,
/Volumes/disk/J/Adult,S/SSIS/SSIS-012/SSIS-012.mp4,SSIS-012,/v/32KeD,1,
/Volumes/disk/J/Adult,S/SSIS/SSIS-018/SSIS-018.mp4,SSIS-018,,,
/Volumes/disk/J/Adult,S/ssis-019-uncensored/ssis-019.mp4,SSIS-019,,,
/Volumes/disk/G/Adult,S/SSIS/SSIS-025/SSIS-025.mp4,SSIS-025,/v/DAZZK,1,
/Volumes/disk/G/Adult,S/SSIS/SSIS-032/SSIS-032.mp4,SSIS-032,,,
/Volumes/disk/G/Adult,S/SSIS/SSIS-033/SSIS-033.mp4,SSIS-033,/v/q4VqM,1,
/Volumes/disk/J/Adult,S/SSIS/SSIS-033/SSIS-033.mp4,SSIS-033,/v/q4VqM,1,
/Volumes/disk/G/Adult,S/SSIS/SSIS-036/SSIS-036.mp4,SSIS-036,/v/P0z1J,1,
/Volumes/disk/G/Adult,S/SSIS/SSIS-037/SSIS-037.mp4,SSIS-037,/v/p50JZ,1,
/Volumes/disk/G/Adult,S/SSIS/SSIS-039/SSIS-039.mp4,SSIS-039,/v/n5pQ4,1,
/Volumes/disk/G/Adult,S/SSIS/SSIS-045/SSIS-045.mp4,SSIS-045,,,
/Volumes/disk/J/Adult,S/SSIS-045/SSIS-045.mp4,SSIS-045,,,
/Volumes/disk/J/Adult,S/SSIS/SSIS-045/SSIS-045.mp4,SSIS-045,,,
/Volumes/disk/G/Adult,S/SSIS/SSIS-047/SSIS-047.mp4,SSIS-047,,,
/Volumes/disk/J/Adult,S/SSIS-047/SSIS-047.mp4,SSIS-047,,,
/Volumes/disk/G/Adult,S/SSIS/SSIS-049/SSIS-049.mp4,SSIS-049,,,
/Volumes/disk/G/Adult,S/SSIS/SSIS-057/SSIS-057.mp4,SSIS-057,,,
/Volumes/disk/J/Adult,S/SSIS-058/SSIS-058.mp4,SSIS-058,/v/EVbQ2,1,
/Volumes/disk/J/Adult,S/SSIS/SSIS-060/SSIS-060.mp4,SSIS-060,/v/39nJw,1,
/Volumes/disk/G/Adult,S/SSIS/SSIS-070/SSIS-070.mp4,SSIS-070,,,
/Volumes/disk/J/Adult,S/SSIS-070/SSIS-070.mp4,SSIS-070,,,
/Volumes/disk/G/Adult,S/SSIS/SSIS-083/SSIS-083.mp4,SSIS-083,/v/xRAmQ,1,
/Volumes/disk/J/Adult,S/ssis-093-C/ssis-093.mp4,SSIS-093,,,
/Volumes/disk/J/Adult,S/SSIS-098/SSIS-098.mp4,SSIS-098,,,
/Volumes/disk/J/Adult,S/SSIS/SSIS-098/SSIS-098.mp4,SSIS-098,,,
/Volumes/disk/D/Adult,S/SSI/ssis-102/ssis-102.mp4,SSIS-102,,,
/Volumes/disk/G/Adult,S/SSIS/SSIS-115/SSIS-115.mp4,SSIS-115,,,
/Volumes/disk/J/Adult,S/SSIS-115/SSIS-115.mp4,SSIS-115,,,
/Volumes/disk/G/Adult,S/SSIS/SSIS-117/SSIS-117.mp4,SSIS-117,/v/Aydpy,1,
/Volumes/disk/J/Adult,S/SSIS/SSIS-123/SSIS-123.mp4,SSIS-123,,,
/Volumes/disk/D/Adult,S/SSI/ssis-135/ssis-135.mp4,SSIS-135,/v/gbBVG,1,
/Volumes/disk/G/Adult,S/SSIS/SSIS-135/SSIS-135.mp4,SSIS-135,/v/gbBVG,1,
/Volumes/disk/J/Adult,S/SSIS/SSIS-140/SSIS-140.mp4,SSIS-140,/v/dKEb0,1,
/Volumes/disk/G/Adult,S/SSIS/SSIS-142/SSIS-142.mp4,SSIS-142,,,
/Volumes/disk/J/Adult,S/SSIS-145-U/SSIS-145.mp4,SSIS-145,/v/RgVb7,1,
/Volumes/disk/J/Adult,S/SSIS-147/SSIS-147.mp4,SSIS-147,/v/Avm0P,1,
/Volumes/disk/J/Adult,S/SSIS/SSIS-152/SSIS-152.mp4,SSIS-152,,,
/Volumes/disk/D/Adult,S/SSI/ssis-163/ssis-163.mp4,SSIS-163,/v/nn0W4,1,
/Volumes/disk/J/Adult,S/SSIS-169-U/SSIS-169.mp4,SSIS-169,/v/KdJWM,1,
/Volumes/disk/J/Adult,S/SSIS/SSIS-174/SSIS-174.mp4,SSIS-174,/v/XJRx5,1,
/Volumes/disk/J/Adult,S/SSIS-176/SSIS-176.mp4,SSIS-176,/v/5dD8D,1,
/Volumes/disk/J/Adult,S/SSIS/SSIS-176/SSIS-176.mp4,SSIS-176,/v/5dD8D,1,
/Volumes/disk/G/Adult,S/SSIS/SSIS-181/SSIS-181.mp4,SSIS-181,/v/PR600,1,
/Volumes/disk/J/Adult,S/SSIS-195-U/SSIS-195.mp4,SSIS-195,,,
/Volumes/disk/J/Adult,S/SSIS/SSIS-204/SSIS-204.mp4,SSIS-204,,,
/Volumes/disk/G/Adult,S/SSIS/SSIS-207/SSIS-207.mp4,SSIS-207,/v/nGZMX,1,
/Volumes/disk/J/Adult,S/SSIS-217/SSIS-217.mp4,SSIS-217,,,
/Volumes/disk/D/Adult,S/SSI/ssis-224/ssis-224.mp4,SSIS-224,,,
/Volumes/disk/J/Adult,S/SSIS-230/SSIS-230.mp4,SSIS-230,/v/vmmKk,1,
/Volumes/disk/J/Adult,S/SSIS/SSIS-233/SSIS-233.mp4,SSIS-233,,,
/Volumes/disk/G/Adult,S/SSIS/SSIS-236/SSIS-236.mp4,SSIS-236,/v/NeeJ3,1,
/Volumes/disk/J/Adult,S/SSIS/SSIS-236/SSIS-236.mp4,SSIS-236,/v/NeeJ3,1,
/Volumes/disk/J/Adult,S/SSIS/SSIS-238/SSIS-238.mp4,SSIS-238,,,
/Volumes/disk/J/Adult,S/SSI/ssis-240/ssis-240.mp4,SSIS-240,,,
/Volumes/disk/G/Adult,S/SSIS/SSIS-241/SSIS-241.mp4,SSIS-241,/v/DwevJ,1,
/Volumes/disk/G/Adult,S/SSIS/SSIS-245/SSIS-245.mp4,SSIS-245,,,
/Volumes/disk/G/Adult,S/SSIS/SSIS-260/SSIS-260.mp4,SSIS-260,/v/ZBgD8,1,
/Volumes/disk/G/Adult,S/SSIS/SSIS-262/SSIS-262.mp4,SSIS-262,/v/Ydy48,1,
/Volumes/disk/J/Adult,S/SSIS/SSIS-268/SSIS-268.mp4,SSIS-268,,,
/Volumes/disk/G/Adult,S/SSIS/SSIS-269/SSIS-269.mp4,SSIS-269,/v/WXPk8,1,
/Volumes/disk/G/Adult,S/SSIS/SSIS-270/SSIS-270.mp4,SSIS-270,/v/avpA3,1,
/Volumes/disk/G/Adult,S/SSIS/SSIS-277/SSIS-277.mp4,SSIS-277,,,
/Volumes/disk/G/Adult,S/SSIS/SSIS-280/SSIS-280.mp4,SSIS-280,/v/mBm4v,1,
/Volumes/disk/G/Adult,S/SSIS/SSIS-282/SSIS-282.mp4,SSIS-282,,,
/Volumes/disk/J/Adult,S/SSIS-282/SSIS-282.mp4,SSIS-282,,,
/Volumes/disk/J/Adult,S/ssis-298-C/ssis-298.mp4,SSIS-298,,,
/Volumes/disk/J/Adult,S/SSIS/SSIS-308/SSIS-308.mp4,SSIS-308,/v/dXWVe,1,
/Volumes/disk/J/Adult,S/ssis-310/ssis-310.mp4,SSIS-310,,,
/Volumes/disk/J/Adult,S/SSIS/SSIS-311/SSIS-311.mp4,SSIS-311,,,
/Volumes/disk/J/Adult,S/SSIS-317/SSIS-317.mp4,SSIS-317,/v/y1Zpd,1,
/Volumes/disk/J/Adult,S/SSIS/SSIS-340/SSIS-340.mp4,SSIS-340,/v/pEB4k,1,
/Volumes/disk/J/Adult,S/SSIS/SSIS-344/SSIS-344.mp4,SSIS-344,/v/YaXxK,1,
/Volumes/disk/D/Adult,S/SSI/ssis-361/ssis-361.mp4,SSIS-361,/v/rJ23R,1,
/Volumes/disk/J/Adult,S/ssis-369-4k/ssis-369.mp4,SSIS-369,/v/mXVxY,1,
/Volumes/disk/J/Adult,S/SSIS/SSIS-378/SSIS-378.mp4,SSIS-378,,,
/Volumes/disk/J/Adult,S/SSIS/SSIS-382/SSIS-382.mp4,SSIS-382,,,
/Volumes/disk/D/Adult,S/SSI/ssis-402/ssis-402.mp4,SSIS-402,,,
/Volumes/disk/J/Adult,S/SSIS-402/SSIS-402.mp4,SSIS-402,,,
/Volumes/disk/J/Adult,S/SSIS-415/SSIS-415.mp4,SSIS-415,,,
/Volumes/disk/J/Adult,S/SSIS/SSIS-421/SSIS-421.mp4,SSIS-421,/v/qNx99,1,
/Volumes/disk/D/Adult,S/SSI/SSIS-423/SSIS-423.mp4,SSIS-423,/v/7E2zZ,1,
/Volumes/disk/J/Adult,S/SSIS-430-U/SSIS-430.mp4,SSIS-430,,,
/Volumes/disk/J/Adult,S/SSIS/SSIS-434/SSIS-434.mp4,SSIS-434,/v/nrDDX,1,
/Volumes/disk/J/Adult,S/SSIS-443-C/SSIS-443.mp4,SSIS-443,,,
/Volumes/disk/J/Adult,S/SSIS-452-U/SSIS-452.mp4,SSIS-452,/v/8zky3,1,
/Volumes/disk/J/Adult,S/SSIS/SSIS-454/SSIS-454.mp4,SSIS-454,/v/4gZ1R,1,
/Volumes/disk/J/Adult,S/SSIS/SSIS-458/SSIS-458.mp4,SSIS-458,,,
/Volumes/disk/J/Adult,S/SSIS-463-U/SSIS-463.mp4,SSIS-463,/v/8VDpBW,1,
/Volumes/disk/D/Adult,S/SSI/ssis-465/ssis-465.mp4,SSIS-465,,,
/Volumes/disk/D/Adult,S/SSI/SSIS-468/SSIS-468.mp4,SSIS-468,/v/0Rvnp3,1,
/Volumes/disk/J/Adult,S/ssis-471-4k/ssis-471.mp4,SSIS-471,,,
/Volumes/disk/D/Adult,S/SSI/SSIS-475/SSIS-475.mp4,SSIS-475,,,
/Volumes/disk/J/Adult,S/ssis-486-C/ssis-486.mp4,SSIS-486,/v/neeQgX,1,
/Volumes/disk/D/Adult,S/SSI/SSIS-493/SSIS-493.mp4,SSIS-493,/v/wqKEpD,1,
/Volumes/disk/J/Adult,S/SSIS/SSIS-493/SSIS-493.mp4,SSIS-493,/v/wqKEpD,1,
/Volumes/disk/J/Adult,S/SSIS-498/SSIS-498.mp4,SSIS-498,,,
/Volumes/disk/J/Adult,S/SSIS/SSIS-498/SSIS-498.mp4,SSIS-498,,,
/Volumes/disk/D/Adult,S/SSI/SSIS-499/SSIS-499.mp4,SSIS-499,/v/1BAd4d,1,
/Volumes/disk/J/Adult,S/SSIS-499/SSIS-499.mp4,SSIS-499,/v/1BAd4d,1,
/Volumes/disk/J/Adult,S/SSIS/SSIS-506/SSIS-506.mp4,SSIS-506,,,
/Volumes/disk/J/Adult,S/ssis-506/ssis-506.mp4,SSIS-506,,,
/Volumes/disk/J/Adult,S/SSIS/SSIS-508/SSIS-508.mp4,SSIS-508,,,
/Volumes/disk/D/Adult,S/SSI/SSIS-513/SSIS-513.mp4,SSIS-513,/v/O2QD4k,1,
/Volumes/disk/G/Adult,S/SSIS/SSIS-519/SSIS-519.mp4,SSIS-519,,,
/Volumes/disk/J/Adult,S/SSIS/SSIS-519/SSIS-519.mp4,SSIS-519,,,
/Volumes/disk/G/Adult,S/SSIS/SSIS-520/SSIS-520.mp4,SSIS-520,,,
/Volumes/disk/J/Adult,S/SSIS-521/SSIS-521.mp4,SSIS-521,,,
/Volumes/disk/J/Adult,S/SSIS/SSIS-521/SSIS-521.mp4,SSIS-521,,,
/Volumes/disk/G/Adult,S/SSIS/SSIS-523/SSIS-523.mp4,SSIS-523,,,
/Volumes/disk/J/Adult,S/SSIS-525-C/SSIS-525.mp4,SSIS-525,/v/QVvDDM,1,
/Volumes/disk/D/Adult,S/SSI/SSIS-531/SSIS-531.mp4,SSIS-531,/v/g0O1Yq,1,
/Volumes/disk/J/Adult,S/SSIS-533/SSIS-533.mp4,SSIS-533,,,
/Volumes/disk/J/Adult,S/SSIS-534-C_X1080X/SSIS-534.mp4,SSIS-534,,,
/Volumes/disk/J/Adult,S/SSIS/SSIS-537/SSIS-537.mp4,SSIS-537,,,
/Volumes/disk/J/Adult,S/SSIS/SSIS-539/SSIS-539.mp4,SSIS-539,,,
/Volumes/disk/J/Adult,S/SSIS-560/SSIS-560.mp4,SSIS-560,/v/W1KVxK,1,
/Volumes/disk/G/Adult,S/SSIS/SSIS-563/SSIS-563.mp4,SSIS-563,,,
/Volumes/disk/J/Adult,S/SSIS/SSIS-565/SSIS-565.mp4,SSIS-565,,,
/Volumes/disk/J/Adult,S/SSIS/SSIS-566/SSIS-566.mp4,SSIS-566,,,
/Volumes/disk/J/Adult,S/SSIS/SSIS-567/SSIS-567.mp4,SSIS-567,,,
/Volumes/disk/J/Adult,S/SSI/SSIS-569/SSIS-569.mp4,SSIS-569,,,
/Volumes/disk/J/Adult,S/SSIS/SSIS-569/SSIS-569.mp4,SSIS-569,,,
/Volumes/disk/J/Adult,S/SSIS-578/SSIS-578.mp4,SSIS-578,,,
/Volumes/disk/J/Adult,xunlei/SSIS-578-C/SSIS-578.mp4,SSIS-578,,,
/Volumes/disk/D/Adult,S/SSI/ssis-586/ssis-586.mp4,SSIS-586,/v/W14M5q,1,
/Volumes/disk/J/Adult,S/SSIS-586/SSIS-586.mp4,SSIS-586,/v/W14M5q,1,
/Volumes/disk/J/Adult,S/SSIS/SSIS-591/SSIS-591.mp4,SSIS-591,,,
/Volumes/disk/J/Adult,S/SSIS-594-C/SSIS-594.mp4,SSIS-594,/v/65w96Z,1,
/Volumes/disk/G/Adult,S/SSIS/SSIS-595/SSIS-595.mp4,SSIS-595,/v/PQ8O7v,1,
/Volumes/disk/G/Adult,S/SSIS/SSIS-607/SSIS-607.mp4,SSIS-607,/v/MmEXER,1,
/Volumes/disk/J/Adult,S/SSI/ssis-607/ssis-607.mp4,SSIS-607,/v/MmEXER,1,
/Volumes/disk/D/Adult,S/SSI/SSIS-617/SSIS-617.mp4,SSIS-617,/v/AzMvZ0,1,
/Volumes/disk/D/Adult,S/SSI/SSIS-622/SSIS-622.mp4,SSIS-622,,,
/Volumes/disk/J/Adult,S/SSI/ssis-624/ssis-624.mp4,SSIS-624,,,
/Volumes/disk/D/Adult,S/SSI/SSIS-629/SSIS-629.mp4,SSIS-629,,,
/Volumes/disk/J/Adult,S/SSIS/SSIS-630/SSIS-630.mp4,SSIS-630,,,
/Volumes/disk/J/Adult,S/SSIS/SSIS-632/SSIS-632.mp4,SSIS-632,,,
/Volumes/disk/J/Adult,S/SSIS/SSIS-633/SSIS-633.mp4,SSIS-633,,,
/Volumes/disk/J/Adult,S/SSIS/SSIS-634/SSIS-634.mp4,SSIS-634,,,
/Volumes/disk/J/Adult,S/ssis-637-4k/ssis-637.mp4,SSIS-637,/v/ZXznAm,1,
/Volumes/disk/J/Adult,S/SSIS/SSIS-638/SSIS-638.mp4,SSIS-638,,,
/Volumes/disk/D/Adult,S/SSI/SSIS-639/SSIS-639.mp4,SSIS-639,,,
/Volumes/disk/J/Adult,S/SSIS-646-C/SSIS-646.mp4,SSIS-646,,,
/Volumes/disk/J/Adult,S/SSIS/SSIS-653/SSIS-653.mp4,SSIS-653,,,
/Volumes/disk/D/Adult,S/SSI/SSIS-654/SSIS-654.mp4,SSIS-654,/v/eK5J4N,1,
/Volumes/disk/J/Adult,S/SSIS-655-C/SSIS-655.mp4,SSIS-655,/v/PQ5qyE,1,
/Volumes/disk/J/Adult,S/SSIS-655/SSIS-655.mp4,SSIS-655,/v/PQ5qyE,1,
/Volumes/disk/J/Adult,S/SSIS/SSIS-661/SSIS-661.mp4,SSIS-661,,,
/Volumes/disk/J/Adult,S/ssis-663/ssis-663.mp4,SSIS-663,/v/D2GOD8,1,
/Volumes/disk/J/Adult,S/SSIS/SSIS-665/SSIS-665.mp4,SSIS-665,/v/45P6Ja,1,
/Volumes/disk/J/Adult,S/SSIS-666/SSIS-666.mp4,SSIS-666,/v/akn21O,1,
/Volumes/disk/J/Adult,S/SSI/ssis-667/ssis-667.mp4,SSIS-667,/v/xvmZ1V,1,
/Volumes/disk/J/Adult,S/SSIS/SSIS-667/SSIS-667.mp4,SSIS-667,/v/xvmZ1V,1,
/Volumes/disk/D/Adult,S/SSI/SSIS-669/SSIS-669.mp4,SSIS-669,,,
/Volumes/disk/J/Adult,S/SSIS-671/SSIS-671.mp4,SSIS-671,,,
/Volumes/disk/J/Adult,S/SSIS/SSIS-675/SSIS-675.mp4,SSIS-675,,,
/Volumes/disk/J/Adult,S/SSIS/SSIS-677/SSIS-677.mp4,SSIS-677,,,
/Volumes/disk/J/Adult,S/SSI/ssis-679/ssis-679.mp4,SSIS-679,/v/Az8bDK,1,
/Volumes/disk/J/Adult,S/SSIS-679/SSIS-679.mp4,SSIS-679,/v/Az8bDK,1,
/Volumes/disk/D/Adult,S/SSI/SSIS-681/SSIS-681.mp4,SSIS-681,/v/76wdBd,1,
/Volumes/disk/D/Adult,S/SSI/SSIS-685/SSIS-685.mp4,SSIS-685,/v/eKb2wp,1,
/Volumes/disk/J/Adult,S/ssis-685/ssis-685.mp4,SSIS-685,/v/eKb2wp,1,
/Volumes/disk/J/Adult,S/ssis-687/ssis-687.mp4,SSIS-687,,,
/Volumes/disk/J/Adult,S/SSI/ssis-690/ssis-690.mp4,SSIS-690,,,
/Volumes/disk/J/Adult,S/SSIS/SSIS-693/SSIS-693.mp4,SSIS-693,,,
/Volumes/disk/D/Adult,S/SSI/SSIS-696/SSIS-696.mp4,SSIS-696,,,
/Volumes/disk/J/Adult,S/SSIS-696/SSIS-696.mp4,SSIS-696,,,
/Volumes/disk/D/Adult,S/SSI/SSIS-697/SSIS-697.mp4,SSIS-697,,,
/Volumes/disk/D/Adult,S/SSI/SSIS-698/SSIS-698.mp4,SSIS-698,/v/5EWRKD,1,
/Volumes/disk/J/Adult,S/SSI/ssis-700/ssis-700.mp4,SSIS-700,/v/8VdWXE,1,
/Volumes/disk/D/Adult,S/SSI/ssis-704/ssis-704.mp4,SSIS-704,,,
/Volumes/disk/J/Adult,S/SSIS-706-C/SSIS-706.mp4,SSIS-706,,,
/Volumes/disk/J/Adult,S/SSIS/SSIS-712/SSIS-712.mp4,SSIS-712,,,
/Volumes/disk/J/Adult,S/SSIS/SSIS-713/SSIS-713.mp4,SSIS-713,,,
/Volumes/disk/J/Adult,S/SSIS/SSIS-715/SSIS-715.mp4,SSIS-715,/v/wq38p7,1,
/Volumes/disk/D/Adult,S/SSI/SSIS-717/SSIS-717.mp4,SSIS-717,/v/J29VxB,1,
/Volumes/disk/J/Adult,S/SSI/ssis-717/ssis-717.mp4,SSIS-717,/v/J29VxB,1,
/Volumes/disk/G/Adult,S/SSIS/SSIS-721/SSIS-721.mp4,SSIS-721,/v/YnJMe6,1,
/Volumes/disk/D/Adult,S/SSI/SSIS-740/SSIS-740.mp4,SSIS-740,/v/yrMaDZ,1,
/Volumes/disk/J/Adult,S/SSIS/SSIS-741/SSIS-741.mp4,SSIS-741,/v/ZXgB46,1,
/Volumes/disk/J/Adult,S/SSIS/SSIS-751/SSIS-751.mp4,SSIS-751,,,
/Volumes/disk/D/Adult,S/SSI/SSIS-753/SSIS-753.mp4,SSIS-753,,,
/Volumes/disk/D/Adult,S/SSI/SSIS-758/SSIS-758.mp4,SSIS-758,/v/NwxPqG,1,
/Volumes/disk/D/Adult,S/SSI/SSIS-767/SSIS-767.mp4,SSIS-767,,,
/Volumes/disk/D/Adult,S/SSI/SSIS-773/SSIS-773.mp4,SSIS-773,,,
/Volumes/disk/J/Adult,S/SSIS/SSIS-775/SSIS-775.mp4,SSIS-775,,,
/Volumes/disk/J/Adult,S/SSIS-779-C/SSIS-779.mp4,SSIS-779,,,
/Volumes/disk/J/Adult,S/SSIS/SSIS-781/SSIS-781.mp4,SSIS-781,/v/45r5rp,1,
/Volumes/disk/J/Adult,S/SSIS-783-C/SSIS-783.mp4,SSIS-783,/v/xv8v8B,1,
/Volumes/disk/D/Adult,S/SSI/ssis-785/ssis-785.mp4,SSIS-785,,,
/Volumes/disk/J/Adult,S/SSIS-787-U/SSIS-787.mp4,SSIS-787,,,
/Volumes/disk/J/Adult,S/SSIS/SSIS-788/SSIS-788.mp4,SSIS-788,,,
/Volumes/disk/J/Adult,S/SSIS/SSIS-790/SSIS-790.mp4,SSIS-790,,,
/Volumes/disk/J/Adult,S/SSIS/SSIS-792/SSIS-792.mp4,SSIS-792,,,
/Volumes/disk/D/Adult,S/SSI/SSIS-798/SSIS-798.mp4,SSIS-798,,,
/Volumes/disk/D/Adult,S/SSI/SSIS-801/SSIS-801.mp4,SSIS-801,/v/g08yOm,1,
/Volumes/disk/D/Adult,S/SSI/SSIS-804/SSIS-804.mp4,SSIS-804,,,
/Volumes/disk/D/Adult,S/SSI/ssis-810/ssis-810.mp4,SSIS-810,,,
/Volumes/disk/J/Adult,S/SSIS-812-C/SSIS-812.mp4,SSIS-812,,,
/Volumes/disk/J/Adult,S/SSIS/SSIS-813/SSIS-813.mp4,SSIS-813,,,
/Volumes/disk/J/Adult,S/SSIS/SSIS-828/SSIS-828.mp4,SSIS-828,,,
/Volumes/disk/J/Adult,S/SSIS/SSIS-829/SSIS-829.mp4,SSIS-829,,,
/Volumes/disk/J/Adult,S/SSIS/SSIS-835/SSIS-835.mp4,SSIS-835,/v/PQB9qX,1,
/Volumes/disk/D/Adult,S/SSI/SSIS-839/SSIS-839.mp4,SSIS-839,/v/MmvbqX,1,
/Volumes/disk/J/Adult,S/SSIS/SSIS-844/SSIS-844.mp4,SSIS-844,,,
/Volumes/disk/J/Adult,S/SSIS-853-C/SSIS-853.mp4,SSIS-853,,,
/Volumes/disk/J/Adult,S/SSIS/SSIS-864/SSIS-864.mp4,SSIS-864,,,
/Volumes/disk/J/Adult,S/SSIS/SSIS-865/SSIS-865.mp4,SSIS-865,/v/g0AykZ,1,
/Volumes/disk/J/Adult,S/SSIS/SSIS-867/SSIS-867.mp4,SSIS-867,,,
/Volumes/disk/J/Adult,S/SSIS/SSIS-887/SSIS-887.mp4,SSIS-887,,,
/Volumes/disk/J/Adult,S/SSIS-897-U/SSIS-897.mp4,SSIS-897,,,
/Volumes/disk/J/Adult,S/SSIS-907-C/SSIS-907.mp4,SSIS-907,,,
/Volumes/disk/J/Adult,S/ssis-942/ssis-942.mp4,SSIS-942,,,
/Volumes/disk/J/Adult,S/SSIS-966-C/SSIS-966.mp4,SSIS-966,,,
/Volumes/disk/J/Adult,S/SSNI/SSNI-004/SSNI-004.mp4,SSNI-004,/v/qkON,1,
/Volumes/disk/J/Adult,S/SSNI-024-C/SSNI-024.mp4,SSNI-024,/v/6VDa,1,
/Volumes/disk/D/Adult,S/SSN/ssni-064/ssni-064.mp4,SSNI-064,/v/P993X,1,
/Volumes/disk/J/Adult,S/SSNI/SSNI-066/SSNI-066.mp4,SSNI-066,/v/6dEMZ,1,
/Volumes/disk/J/Adult,S/SSNI-079-C/SSNI-079.mp4,SSNI-079,/v/wKxqn,1,
/Volumes/disk/J/Adult,S/SSNI/SSNI-116/SSNI-116.mp4,SSNI-116,/v/2mwdw,1,
/Volumes/disk/J/Adult,S/ssni-129-C/ssni-129.mp4,SSNI-129,/v/gyN0y,1,
/Volumes/disk/J/Adult,S/SSNI/SSNI-147/SSNI-147.mp4,SSNI-147,/v/1rE4,1,
/Volumes/disk/J/Adult,S/SSNI-154-C/SSNI-154.mp4,SSNI-154,/v/r3nmq,1,
/Volumes/disk/J/Adult,S/SSN/ssni-157/ssni-157.mp4,SSNI-157,/v/65nYM,1,
/Volumes/disk/J/Adult,S/ssni-180-c/ssni-180.mp4,SSNI-180,/v/5nrE6,1,
/Volumes/disk/D/Adult,S/SSN/ssni-186/ssni-186.mp4,SSNI-186,/v/0eeNE,1,
/Volumes/disk/J/Adult,S/SSNI-209-C/SSNI-209.mp4,SSNI-209,/v/QN8Bq,1,
/Volumes/disk/D/Adult,S/SSN/ssni-213/ssni-213.mp4,SSNI-213,/v/z40z4,1,
/Volumes/disk/J/Adult,S/SSNI-233-U/SSNI-233.mp4,SSNI-233,/v/yxQvd,1,
/Volumes/disk/J/Adult,S/SSNI/SSNI-233/SSNI-233.mp4,SSNI-233,/v/yxQvd,1,
/Volumes/disk/J/Adult,S/SSNI/SSNI-248/SSNI-248.mp4,SSNI-248,/v/96z4X,1,
/Volumes/disk/J/Adult,S/SSN/SSNI-266/SSNI-266.mp4,SSNI-266,/v/V4MZz,1,
/Volumes/disk/J/Adult,S/SSNI/SSNI-266/SSNI-266.mp4,SSNI-266,/v/V4MZz,1,
/Volumes/disk/J/Adult,S/SSNI/SSNI-281/SSNI-281.mp4,SSNI-281,/v/RkmG8,1,
/Volumes/disk/D/Adult,S/SSN/SSNI-286/SSNI-286.mp4,SSNI-286,/v/MbpY4,1,
/Volumes/disk/J/Adult,S/SSNI/SSNI-287/SSNI-287.mp4,SSNI-287,/v/ZNBqq,1,
/Volumes/disk/J/Adult,S/SSNI-289-C/SSNI-289.mp4,SSNI-289,/v/827EV,1,
/Volumes/disk/G/Adult,S/SSNI/SSNI-318/SSNI-318.mp4,SSNI-318,/v/P9pMe,1,
/Volumes/disk/G/Adult,S/SSNI/SSNI-328/SSNI-328.mp4,SSNI-328,/v/OX3BO,1,
/Volumes/disk/J/Adult,S/SSNI-331-U/SSNI-331.mp4,SSNI-331,/v/J0393,1,
/Volumes/disk/J/Adult,S/SSNI/SSNI-352/SSNI-352.mp4,SSNI-352,/v/82xeW,1,
/Volumes/disk/G/Adult,S/SSNI/SSNI-355/SSNI-355.mp4,SSNI-355,/v/kKmQe,1,
/Volumes/disk/J/Adult,S/ssni-357-C/ssni-357.mp4,SSNI-357,/v/Kmn00,1,
/Volumes/disk/G/Adult,S/SSNI/SSNI-358/SSNI-358.mp4,SSNI-358,/v/zkMAQ,1,
/Volumes/disk/J/Adult,S/SSNI/SSNI-373/SSNI-373.mp4,SSNI-373,/v/GOzbq,1,
/Volumes/disk/G/Adult,S/SSNI/SSNI-378/SSNI-378.mp4,SSNI-378,/v/1e43n,1,
/Volumes/disk/G/Adult,S/SSNI/SSNI-380/SSNI-380.mp4,SSNI-380,/v/qOZ9e,1,
/Volumes/disk/D/Adult,S/SSN/SSNI-385/SSNI-385.mp4,SSNI-385,/v/R5p7n,1,
/Volumes/disk/G/Adult,S/SSNI/SSNI-395/SSNI-395.mp4,SSNI-395,/v/9WmrX,1,
/Volumes/disk/J/Adult,S/ssni-411-C/ssni-411.mp4,SSNI-411,/v/xDQGE,1,
/Volumes/disk/G/Adult,S/SSNI/SSNI-412/SSNI-412.mp4,SSNI-412,/v/EZpY3,1,
/Volumes/disk/J/Adult,S/SSNI-413-U/SSNI-413.mp4,SSNI-413,/v/6xyVK,1,
/Volumes/disk/J/Adult,S/SSNI/SSNI-419/SSNI-419.mp4,SSNI-419,,,
/Volumes/disk/J/Adult,S/SSN/ssni-427/ssni-427.mp4,SSNI-427,/v/Qn3rq,1,
/Volumes/disk/J/Adult,S/SSN/ssni-429/ssni-429.mp4,SSNI-429,/v/by6Oa,1,
/Volumes/disk/G/Adult,S/SSNI/SSNI-434/SSNI-434.mp4,SSNI-434,/v/QnKJn,1,
/Volumes/disk/J/Adult,S/ssni-434-C/ssni-434.mp4,SSNI-434,/v/QnKJn,1,
/Volumes/disk/J/Adult,S/SSNI-447-U/SSNI-447.mp4,SSNI-447,/v/dE2d9,1,
/Volumes/disk/D/Adult,S/SSN/ssni-458/ssni-458.mp4,SSNI-458,/v/WQn4e,1,
/Volumes/disk/J/Adult,S/SSN/SSNI-458/SSNI-458.mp4,SSNI-458,/v/WQn4e,1,
/Volumes/disk/J/Adult,S/SSNI/SSNI-461/SSNI-461.mp4,SSNI-461,,,
/Volumes/disk/J/Adult,S/SSNI/SSNI-480/SSNI-480.mp4,SSNI-480,,,
/Volumes/disk/J/Adult,S/SSNI/SSNI-493/SSNI-493.mp4,SSNI-493,/v/8XyM9,1,
/Volumes/disk/D/Adult,S/SSN/ssni-497/ssni-497.mp4,SSNI-497,/v/zMy3Q,1,
/Volumes/disk/G/Adult,S/SSNI/SSNI-497/SSNI-497.mp4,SSNI-497,/v/zMy3Q,1,
/Volumes/disk/J/Adult,S/SSNI/SSNI-501/SSNI-501.mp4,SSNI-501,,,
/Volumes/disk/G/Adult,S/SSNI/SSNI-514/SSNI-514.mp4,SSNI-514,,,
/Volumes/disk/G/Adult,S/SSNI/SSNI-520/SSNI-520.mp4,SSNI-520,/v/wY29D,1,
/Volumes/disk/G/Adult,S/SSNI/SSNI-522/SSNI-522.mp4,SSNI-522,/v/dZJXg,1,
/Volumes/disk/J/Adult,S/SSNI-533-U/SSNI-533.mp4,SSNI-533,/v/XE9NP,1,
/Volumes/disk/G/Adult,S/SSNI/SSNI-546/SSNI-546.mp4,SSNI-546,/v/ypZqr,1,
/Volumes/disk/G/Adult,S/SSNI/SSNI-548/SSNI-548.mp4,SSNI-548,/v/Bb35M,1,
/Volumes/disk/G/Adult,S/SSNI/SSNI-549/SSNI-549.mp4,SSNI-549,,,
/Volumes/disk/J/Adult,S/SSNI/SSNI-549/SSNI-549.mp4,SSNI-549,,,
/Volumes/disk/G/Adult,S/SSNI/SSNI-561/SSNI-561.mp4,SSNI-561,/v/gOw4Q,1,
/Volumes/disk/J/Adult,S/SSNI/SSNI-565/SSNI-565.mp4,SSNI-565,,,
/Volumes/disk/G/Adult,S/SSNI/SSNI-567/SSNI-567.mp4,SSNI-567,/v/WdbWZ,1,
/Volumes/disk/G/Adult,S/SSNI/SSNI-569/SSNI-569.mp4,SSNI-569,/v/8XKwW,1,
/Volumes/disk/G/Adult,S/SSNI/SSNI-578/SSNI-578.mp4,SSNI-578,/v/wp482,1,
/Volumes/disk/D/Adult,S/SSN/SSNI-584/SSNI-584.mp4,SSNI-584,/v/7Kb9V,1,
/Volumes/disk/G/Adult,S/SSNI/SSNI-584/SSNI-584.mp4,SSNI-584,/v/7Kb9V,1,
/Volumes/disk/D/Adult,S/SSN/ssni-595/ssni-595.mp4,SSNI-595,/v/YqOmK,1,
/Volumes/disk/G/Adult,S/SSNI/SSNI-595/SSNI-595.mp4,SSNI-595,/v/YqOmK,1,
/Volumes/disk/J/Adult,S/SSNI/SSNI-604/SSNI-604.mp4,SSNI-604,,,
/Volumes/disk/J/Adult,S/SSNI-608-U/SSNI-608.mp4,SSNI-608,/v/g4gd7,1,
/Volumes/disk/D/Adult,S/SSN/ssni-618/ssni-618.mp4,SSNI-618,/v/K2Xmv,1,
/Volumes/disk/G/Adult,S/SSNI/SSNI-618/SSNI-618.mp4,SSNI-618,/v/K2Xmv,1,
/Volumes/disk/G/Adult,S/SSNI/SSNI-619/SSNI-619.mp4,SSNI-619,/v/zxvkE,1,
/Volumes/disk/J/Adult,S/SSNI/SSNI-626/SSNI-626.mp4,SSNI-626,/v/rPbqR,1,
/Volumes/disk/G/Adult,S/SSNI/SSNI-630/SSNI-630.mp4,SSNI-630,/v/nzgp4,1,
/Volumes/disk/J/Adult,S/ssni-633/ssni-633.mp4,SSNI-633,/v/z5Md5,1,
/Volumes/disk/J/Adult,S/SSNI/SSNI-639/SSNI-639.mp4,SSNI-639,,,
/Volumes/disk/G/Adult,S/SSNI/SSNI-643/SSNI-643.mp4,SSNI-643,/v/wkYvz,1,
/Volumes/disk/G/Adult,S/SSNI/SSNI-646/SSNI-646.mp4,SSNI-646,/v/Mq7VP,1,
/Volumes/disk/D/Adult,S/SSN/SSNI-647/SSNI-647.mp4,SSNI-647,/v/pqzrB,1,
/Volumes/disk/D/Adult,S/SSN/ssni-647/ssni-647.mp4,SSNI-647,/v/pqzrB,1,
/Volumes/disk/G/Adult,S/SSNI/SSNI-647/SSNI-647.mp4,SSNI-647,/v/pqzrB,1,
/Volumes/disk/J/Adult,S/SSNI-647-U/SSNI-647.mp4,SSNI-647,/v/pqzrB,1,
/Volumes/disk/J/Adult,S/SSNI/SSNI-651/SSNI-651.mp4,SSNI-651,,,
/Volumes/disk/J/Adult,S/SSNI/SSNI-655/SSNI-655.mp4,SSNI-655,,,
/Volumes/disk/G/Adult,S/SSNI/SSNI-658/SSNI-658.mp4,SSNI-658,/v/3rNxD,1,
/Volumes/disk/G/Adult,S/SSNI/SSNI-661/SSNI-661.mp4,SSNI-661,/v/J63ZA,1,
/Volumes/disk/J/Adult,S/ssni-663/ssni-663.mp4,SSNI-663,/v/QW3Rn,1,
/Volumes/disk/G/Adult,S/SSNI/SSNI-674/SSNI-674.mp4,SSNI-674,/v/YmQnz,1,
/Volumes/disk/G/Adult,S/SSNI/SSNI-675/SSNI-675.mp4,SSNI-675,/v/Kq81A,1,
/Volumes/disk/D/Adult,S/SSN/ssni-679/ssni-679.mp4,SSNI-679,/v/Q2B6K,1,
/Volumes/disk/G/Adult,S/SSNI/SSNI-679/SSNI-679.mp4,SSNI-679,/v/Q2B6K,1,
/Volumes/disk/J/Adult,S/SSNI/SSNI-697/SSNI-697.mp4,SSNI-697,,,
/Volumes/disk/G/Adult,S/SSNI/SSNI-704/SSNI-704.mp4,SSNI-704,/v/2X9NN,1,
/Volumes/disk/G/Adult,S/SSNI/SSNI-708/SSNI-708.mp4,SSNI-708,,,
/Volumes/disk/G/Adult,S/SSNI/SSNI-720/SSNI-720.mkv,SSNI-720,/v/kbGk6,1,
/Volumes/disk/J/Adult,S/SSNI/SSNI-725/SSNI-725.mp4,SSNI-725,/v/3W1MD,1,
/Volumes/disk/G/Adult,S/SSNI/SSNI-730/SSNI-730.mp4,SSNI-730,/v/WrBQ7,1,
/Volumes/disk/J/Adult,S/ssni-731/ssni-731.mp4,SSNI-731,/v/Ormpz,1,
/Volumes/disk/D/Adult,S/SSN/ssni-734/ssni-734.mp4,SSNI-734,/v/zb0xz,1,
/Volumes/disk/G/Adult,S/SSNI/SSNI-734/SSNI-734.mp4,SSNI-734,/v/zb0xz,1,
/Volumes/disk/G/Adult,S/SSNI/SSNI-738/SSNI-738.mp4,SSNI-738,/v/mbdOZ,1,
/Volumes/disk/J/Adult,S/SSNI/SSNI-742/SSNI-742.mp4,SSNI-742,,,
/Volumes/disk/J/Adult,S/SSNI/SSNI-753/SSNI-753.mp4,SSNI-753,,,
/Volumes/disk/D/Adult,S/SSN/ssni-759/ssni-759.mp4,SSNI-759,/v/8Zb9K,1,
/Volumes/disk/G/Adult,S/SSNI/SSNI-759/SSNI-759.mp4,SSNI-759,/v/8Zb9K,1,
/Volumes/disk/G/Adult,S/SSNI/SSNI-760/SSNI-760.mp4,SSNI-760,,,
/Volumes/disk/G/Adult,S/SSNI/SSNI-761/SSNI-761.mp4,SSNI-761,,,
/Volumes/disk/J/Adult,S/SSNI/SSNI-761/SSNI-761.mp4,SSNI-761,,,
/Volumes/disk/D/Adult,S/SSN/ssni-763/ssni-763.mp4,SSNI-763,/v/kbEe6,1,
/Volumes/disk/J/Adult,S/SSNI/SSNI-768/SSNI-768.mp4,SSNI-768,,,
/Volumes/disk/G/Adult,S/SSNI/SSNI-772/SSNI-772.mp4,SSNI-772,/v/Z33Ev,1,
/Volumes/disk/J/Adult,S/SSN/SSNI-772/SSNI-772.mp4,SSNI-772,/v/Z33Ev,1,
/Volumes/disk/G/Adult,S/SSNI/SSNI-795/SSNI-795.mp4,SSNI-795,/v/N7zdG,1,
/Volumes/disk/G/Adult,S/SSNI/SSNI-796/SSNI-796.mp4,SSNI-796,/v/5N7rD,1,
/Volumes/disk/D/Adult,S/SSN/ssni-805/ssni-805.mp4,SSNI-805,/v/02K43,1,
/Volumes/disk/G/Adult,S/SSNI/SSNI-805/SSNI-805.mp4,SSNI-805,/v/02K43,1,
/Volumes/disk/J/Adult,S/SSN/SSNI-805/SSNI-805.mp4,SSNI-805,/v/02K43,1,
/Volumes/disk/J/Adult,S/SSNI/SSNI-811/SSNI-811.mp4,SSNI-811,,,
/Volumes/disk/J/Adult,S/SSNI/SSNI-825/SSNI-825.mp4,SSNI-825,,,
/Volumes/disk/G/Adult,S/SSNI/SSNI-826/SSNI-826.mp4,SSNI-826,/v/n7KAY,1,
/Volumes/disk/G/Adult,S/SSNI/SSNI-832/SSNI-832.mp4,SSNI-832,,,
/Volumes/disk/J/Adult,S/SSNI/SSNI-836/SSNI-836.mp4,SSNI-836,,,
/Volumes/disk/J/Adult,S/SSNI/SSNI-838/SSNI-838.mp4,SSNI-838,,,
/Volumes/disk/G/Adult,S/SSNI/SSNI-848/SSNI-848.mp4,SSNI-848,/v/bzGYv,1,
/Volumes/disk/D/Adult,S/SSN/SSNI-858/SSNI-858.mp4,SSNI-858,/v/YzVX8,1,
/Volumes/disk/J/Adult,S/SSNI/SSNI-863/SSNI-863.mp4,SSNI-863,,,
/Volumes/disk/D/Adult,S/SSN/SSNI-865/SSNI-865.mp4,SSNI-865,/v/WzXz8,1,
/Volumes/disk/G/Adult,S/SSNI/SSNI-868/SSNI-868.mp4,SSNI-868,/v/x3zWB,1,
/Volumes/disk/G/Adult,S/SSNI/SSNI-873/SSNI-873.mp4,SSNI-873,,,
/Volumes/disk/J/Adult,S/SSN/SSNI-873/SSNI-873.mp4,SSNI-873,,,
/Volumes/disk/J/Adult,S/SSNI/SSNI-873/SSNI-873.mp4,SSNI-873,,,
/Volumes/disk/J/Adult,S/ssni-874/ssni-874.mp4,SSNI-874,,,
/Volumes/disk/J/Adult,S/SSN/ssni-875/ssni-875.mp4,SSNI-875,,,
/Volumes/disk/J/Adult,S/SSNI/SSNI-875/SSNI-875.mp4,SSNI-875,,,
/Volumes/disk/G/Adult,S/SSNI/SSNI-876/SSNI-876.mp4,SSNI-876,,,
/Volumes/disk/G/Adult,S/SSNI/SSNI-881/SSNI-881.mp4,SSNI-881,/v/nYex9,1,
/Volumes/disk/D/Adult,S/SSN/ssni-891/ssni-891.mp4,SSNI-891,/v/QbZ3n,1,
/Volumes/disk/J/Adult,S/SSN/SSNI-891/SSNI-891.mp4,SSNI-891,/v/QbZ3n,1,
/Volumes/disk/G/Adult,S/SSNI/SSNI-897/SSNI-897.mp4,SSNI-897,,,
/Volumes/disk/J/Adult,S/SSN/SSNI-897/SSNI-897.mp4,SSNI-897,,,
/Volumes/disk/J/Adult,S/SSNI/SSNI-897/SSNI-897.mp4,SSNI-897,,,
/Volumes/disk/G/Adult,S/SSNI/SSNI-901/SSNI-901.mp4,SSNI-901,/v/Nbm0x,1,
/Volumes/disk/J/Adult,S/SSNI/SSNI-913/SSNI-913.mp4,SSNI-913,,,
/Volumes/disk/G/Adult,S/SSNI/SSNI-916/SSNI-916.mp4,SSNI-916,/v/mPvny,1,
/Volumes/disk/G/Adult,S/SSNI/SSNI-930/SSNI-930.mp4,SSNI-930,/v/9GMyq,1,
/Volumes/disk/G/Adult,S/SSNI/SSNI-931/SSNI-931.mp4,SSNI-931,/v/Vg69W,1,
/Volumes/disk/G/Adult,S/SSNI/SSNI-939/SSNI-939.mp4,SSNI-939,/v/GKvZz,1,
/Volumes/disk/J/Adult,S/ssni-940/ssni-940.mp4,SSNI-940,/v/W4nwK,1,
/Volumes/disk/G/Adult,S/SSNI/SSNI-948/SSNI-948.mp4,SSNI-948,,,
/Volumes/disk/J/Adult,S/SSN/SSNI-948/SSNI-948.mp4,SSNI-948,,,
/Volumes/disk/J/Adult,S/SSNI/SSNI-950/SSNI-950.mp4,SSNI-950,,,
/Volumes/disk/G/Adult,S/SSNI/SSNI-953/SSNI-953.mp4,SSNI-953,/v/79VVV,1,
/Volumes/disk/G/Adult,S/SSNI/SSNI-955/SSNI-955.mp4,SSNI-955,/v/8wDDd,1,
/Volumes/disk/J/Adult,S/SSN/ssni-955/ssni-955.mp4,SSNI-955,/v/8wDDd,1,
/Volumes/disk/G/Adult,S/SSNI/SSNI-957/SSNI-957.mp4,SSNI-957,/v/Oqnnz,1,
/Volumes/disk/G/Adult,S/SSNI/SSNI-959/SSNI-959.mp4,SSNI-959,,,
/Volumes/disk/J/Adult,S/SSN/SSNI-959/SSNI-959.mp4,SSNI-959,,,
/Volumes/disk/J/Adult,S/SSNI/SSNI-959/SSNI-959.mp4,SSNI-959,,,
/Volumes/disk/J/Adult,S/SSNI/SSNI-973/SSNI-973.mp4,SSNI-973,,,
/Volumes/disk/G/Adult,S/SSNI/SSNI-975/SSNI-975.mp4,SSNI-975,,,
/Volumes/disk/J/Adult,S/SSN/SSNI-975/SSNI-975.mp4,SSNI-975,,,
/Volumes/disk/J/Adult,S/ssni-975-C/ssni-975.mp4,SSNI-975,,,
/Volumes/disk/G/Adult,S/SSNI/SSNI-977/SSNI-977.mp4,SSNI-977,/v/vQRqp,1,
/Volumes/disk/G/Adult,S/SSNI/SSNI-978/SSNI-978.mp4,SSNI-978,/v/1J0KJ,1,
/Volumes/disk/G/Adult,S/SSNI/SSNI-980/SSNI-980.mp4,SSNI-980,/v/AMJXP,1,
/Volumes/disk/G/Adult,S/SSNI/SSNI-987/SSNI-987.mp4,SSNI-987,/v/MZB0P,1,
/Volumes/disk/G/Adult,S/SSNI/SSNI-988/SSNI-988.mp4,SSNI-988,,,
/Volumes/disk/J/Adult,S/SSN/SSNI-988/SSNI-988.mp4,SSNI-988,,,
/Volumes/disk/J/Adult,S/SSNI/SSNI-988/SSNI-988.mp4,SSNI-988,,,
/Volumes/disk/G/Adult,S/SSNI/SSNI-989/SSNI-989.mp4,SSNI-989,/v/YN27e,1,
/Volumes/disk/G/Adult,S/SSNI/SSNI-992/SSNI-992.mp4,SSNI-992,,,
/Volumes/disk/J/Adult,S/SSNI/SSNI-996/SSNI-996.mp4,SSNI-996,,,
/Volumes/disk/G/Adult,S/SSPD/SSPD-156/SSPD-156.mp4,SSPD-156,/v/9p1Zq,1,
/Volumes/disk/J/Adult,S/SSPD/SSPD-172/SSPD-172.mp4,SSPD-172,/v/E2nZJA,1,
/Volumes/disk/J/Adult,S/STAR/STAR-379/STAR-379.mp4,STAR-379,/v/Xe7J1,1,
/Volumes/disk/G/Adult,S/STAR/STAR-395/STAR-395.mkv,STAR-395,/v/J0PNR,1,
/Volumes/disk/J/Adult,S/STAR/STAR-395/STAR-395.mp4,STAR-395,/v/J0PNR,1,
/Volumes/disk/J/Adult,S/STAR/STAR-396/STAR-396.mp4,STAR-396,,,
/Volumes/disk/J/Adult,S/STAR/STAR-404/STAR-404.mp4,STAR-404,/v/z4Vyz,1,
/Volumes/disk/J/Adult,S/STAR/STAR-469/STAR-469.mp4,STAR-469,,,
/Volumes/disk/J/Adult,S/star-478-C/star-478.mp4,STAR-478,/v/3nN13,1,
/Volumes/disk/J/Adult,"S/STAR-480/[STAR-480] 朝から晩まで挿れっぱなしチ○ポ大乱交！, 古川いおり.wmv",STAR-480,,,
/Volumes/disk/J/Adult,S/STAR/STAR-578/STAR-578.mp4,STAR-578,,,
/Volumes/disk/J/Adult,S/star-871/[Thz.la]star-871.mp4,STAR-871,/v/ZXPa7,1,
/Volumes/disk/J/Adult,S/STAR/STAR-927/STAR-927.mp4,STAR-927,/v/Xedma,1,
/Volumes/disk/G/Adult,S/STAR/STAR-931/STAR-931.mp4,STAR-931,,,
/Volumes/disk/J/Adult,S/STAR/STAR-971/STAR-971.mp4,STAR-971,/v/kKNQm,1,
/Volumes/disk/J/Adult,S/STAR/STAR-984/STAR-984.mp4,STAR-984,/v/1Apd4,1,
/Volumes/disk/J/Adult,S/STARS/STARS-002/STARS-002.mp4,STARS-002,/v/AqAWn,1,
/Volumes/disk/J/Adult,S/STA/STARS-003/STARS-003.mp4,STARS-003,/v/kKmge,1,
/Volumes/disk/D/Adult,S/STA/stars-080/stars-080.mp4,STARS-080,/v/Bb2dd,1,
/Volumes/disk/J/Adult,S/stars-086-C/stars-086.mp4,STARS-086,/v/AbxgK,1,
/Volumes/disk/D/Adult,S/STA/STARS-087/STARS-087.mp4,STARS-087,/v/kBVnY,1,
/Volumes/disk/G/Adult,S/STARS/STARS-087/STARS-087.mp4,STARS-087,/v/kBVnY,1,
/Volumes/disk/J/Adult,S/STARS/STARS-118/STARS-118.mp4,STARS-118,/v/0kq9X,1,
/Volumes/disk/G/Adult,S/STARS/STARS-120/STARS-120.mp4,STARS-120,/v/Z4MRA,1,
/Volumes/disk/D/Adult,S/STA/STARS-127/STARS-127.mp4,STARS-127,/v/aB8Vq,1,
/Volumes/disk/G/Adult,S/STARS/STARS-127/STARS-127.mp4,STARS-127,/v/aB8Vq,1,
/Volumes/disk/G/Adult,S/STARS/STARS-141/STARS-141.mp4,STARS-141,/v/AE0wP,1,
/Volumes/disk/J/Adult,S/Stars-141/STARS-141.mp4,STARS-141,/v/AE0wP,1,
/Volumes/disk/D/Adult,S/STA/STARS-152/STARS-152.mp4,STARS-152,,,
/Volumes/disk/G/Adult,S/STARS/STARS-154/STARS-154.mp4,STARS-154,/v/4Kg6a,1,
/Volumes/disk/G/Adult,S/STARS/STARS-157/STARS-157.mp4,STARS-157,/v/AEZEK,1,
/Volumes/disk/G/Adult,S/STARS/STARS-160/STARS-160.mp4,STARS-160,/v/D4mO8,1,
/Volumes/disk/G/Adult,S/STARS/STARS-161/STARS-161.mp4,STARS-161,/v/MYJYX,1,
/Volumes/disk/D/Adult,S/STA/stars-168/stars-168.mp4,STARS-168,,,
/Volumes/disk/G/Adult,S/STARS/STARS-174/STARS-174.mp4,STARS-174,/v/xg6ZO,1,
/Volumes/disk/G/Adult,S/STARS/STARS-190/STARS-190.mp4,STARS-190,/v/x4KzO,1,
/Volumes/disk/G/Adult,S/STARS/STARS-195/STARS-195.mp4,STARS-195,/v/8ZVPO,1,
/Volumes/disk/G/Adult,S/STARS/STARS-205/STARS-205.mp4,STARS-205,/v/Zxp7q,1,
/Volumes/disk/J/Adult,S/STARS-210/STARS-210 .mp4,STARS-210,/v/2X1gq,1,
/Volumes/disk/J/Adult,S/STARS/STARS-212/STARS-212.mp4,STARS-212,,,
/Volumes/disk/J/Adult,S/STARS/STARS-213/STARS-213.mp4,STARS-213,,,
/Volumes/disk/G/Adult,S/STARS/STARS-220/STARS-220.mp4,STARS-220,/v/VVJYQ,1,
/Volumes/disk/J/Adult,S/STARS/STARS-225/STARS-225.mp4,STARS-225,,,
/Volumes/disk/G/Adult,S/STARS/STARS-229/STARS-229.mp4,STARS-229,/v/aVveO,1,
/Volumes/disk/G/Adult,S/STARS/STARS-232/STARS-232.mp4,STARS-232,/v/3WexD,1,
/Volumes/disk/G/Adult,S/STARS/STARS-238/STARS-238.mp4,STARS-238,,,
/Volumes/disk/G/Adult,S/STARS/STARS-239/STARS-239.mp4,STARS-239,/v/a3W6p,1,
/Volumes/disk/J/Adult,S/STARS/STARS-239/STARS-239.mp4,STARS-239,/v/a3W6p,1,
/Volumes/disk/G/Adult,S/STARS/STARS-249/STARS-249.mp4,STARS-249,/v/9QeP6,1,
/Volumes/disk/J/Adult,S/STA/stars-261/stars-261.mp4,STARS-261,/v/zZO27,1,
/Volumes/disk/J/Adult,S/stars-266-C/stars-266.mp4,STARS-266,/v/KpxrM,1,
/Volumes/disk/J/Adult,S/STARS/STARS-280/STARS-280.mp4,STARS-280,/v/Pm1aN,1,
/Volumes/disk/J/Adult,S/STARS/STARS-281/STARS-281.mp4,STARS-281,,,
/Volumes/disk/G/Adult,S/STARS/STARS-286/STARS-286.mp4,STARS-286,/v/evgbp,1,
/Volumes/disk/J/Adult,S/stars-286/stars-286.mp4,STARS-286,/v/evgbp,1,
/Volumes/disk/G/Adult,S/STARS/STARS-287/STARS-287.mp4,STARS-287,/v/79DWB,1,
/Volumes/disk/G/Adult,S/STARS/STARS-295/STARS-295.mp4,STARS-295,/v/P6xw9,1,
/Volumes/disk/G/Adult,S/STARS/STARS-296/STARS-296.mp4,STARS-296,/v/Xg2O1,1,
/Volumes/disk/J/Adult,S/STARS/STARS-301/STARS-301.mp4,STARS-301,,,
/Volumes/disk/G/Adult,S/STARS/STARS-306/STARS-306.mp4,STARS-306,,,
/Volumes/disk/G/Adult,S/STARS/STARS-307/STARS-307.mp4,STARS-307,/v/r0JZk,1,
/Volumes/disk/G/Adult,S/STARS/STARS-308/STARS-308.mp4,STARS-308,,,
/Volumes/disk/J/Adult,S/STARS/STARS-319/STARS-319.mp4,STARS-319,,,
/Volumes/disk/J/Adult,S/STARS-351-U/STARS-351.mp4,STARS-351,,,
/Volumes/disk/J/Adult,S/STARS/STARS-370/STARS-370.mp4,STARS-370,,,
/Volumes/disk/J/Adult,S/STARS/STARS-376/STARS-376.mp4,STARS-376,,,
/Volumes/disk/J/Adult,S/STARS/STARS-381/STARS-381.mp4,STARS-381,/v/xkrDE,1,
/Volumes/disk/J/Adult,S/STARS/STARS-402/STARS-402.mp4,STARS-402,,,
/Volumes/disk/J/Adult,S/STARS/STARS-417/STARS-417.mp4,STARS-417,,,
/Volumes/disk/J/Adult,S/STARS/STARS-427/STARS-427.mp4,STARS-427,,,
/Volumes/disk/D/Adult,S/STA/stars-435/stars-435.mp4,STARS-435,,,
/Volumes/disk/D/Adult,S/STA/stars-439/stars-439.mp4,STARS-439,,,
/Volumes/disk/J/Adult,S/STARS-446/STARS-446.mp4,STARS-446,,,
/Volumes/disk/J/Adult,S/STARS/STARS-447/STARS-447.mp4,STARS-447,,,
/Volumes/disk/J/Adult,S/STARS-449/STARS-449.mp4,STARS-449,/v/rwpMR,1,
/Volumes/disk/G/Adult,S/STARS/STARS-458/STARS-458.mp4,STARS-458,/v/zJrqE,1,
/Volumes/disk/D/Adult,S/STA/STARS-475/STARS-475.mp4,STARS-475,,,
/Volumes/disk/J/Adult,S/STARS/STARS-485/STARS-485.mp4,STARS-485,,,
/Volumes/disk/D/Adult,S/STA/stars-512/stars-512.mp4,STARS-512,,,
/Volumes/disk/J/Adult,S/STARS/STARS-521/STARS-521.mp4,STARS-521,,,
/Volumes/disk/J/Adult,S/STARS/STARS-545/STARS-545.mp4,STARS-545,/v/0rEWb,1,
/Volumes/disk/J/Adult,S/STARS/STARS-578/STARS-578.mp4,STARS-578,,,
/Volumes/disk/J/Adult,S/STARS-583/STARS-583.mp4,STARS-583,,,
/Volumes/disk/J/Adult,S/stars-585/stars-585.mp4,STARS-585,,,
/Volumes/disk/J/Adult,S/STARS/STARS-598/STARS-598.mp4,STARS-598,,,
/Volumes/disk/J/Adult,S/STARS/STARS-630/STARS-630.mp4,STARS-630,,,
/Volumes/disk/D/Adult,S/STA/STARS-656/STARS-656.mp4,STARS-656,,,
/Volumes/disk/J/Adult,S/STA/stars-673/stars-673.mp4,STARS-673,/v/764pWM,1,
/Volumes/disk/J/Adult,S/stars-685-C/stars-685.mp4,STARS-685,,,
/Volumes/disk/J/Adult,S/STARS-694-C/STARS-694.mp4,STARS-694,/v/2amB9w,1,
/Volumes/disk/G/Adult,S/STARS/STARS-702/STARS-702.mp4,STARS-702,,,
/Volumes/disk/G/Adult,S/STARS/STARS-716/STARS-716.mp4,STARS-716,,,
/Volumes/disk/J/Adult,S/STARS-716/STARS-716.mp4,STARS-716,,,
/Volumes/disk/G/Adult,S/STARS/STARS-718/STARS-718.mp4,STARS-718,/v/76Yq94,1,
/Volumes/disk/J/Adult,S/STARS/STARS-719/STARS-719.mp4,STARS-719,,,
/Volumes/disk/J/Adult,S/STARS-723-U/STARS-723.mp4,STARS-723,/v/9DpmVp,1,
/Volumes/disk/G/Adult,S/STARS/STARS-724/STARS-724.mp4,STARS-724,,,
/Volumes/disk/G/Adult,S/STARS/STARS-733/STARS-733.mp4,STARS-733,,,
/Volumes/disk/G/Adult,S/STARS/STARS-739/STARS-739.mp4,STARS-739,,,
/Volumes/disk/D/Adult,S/STA/STARS-755/STARS-755.mp4,STARS-755,,,
/Volumes/disk/D/Adult,S/STA/STARS-758/STARS-758.mp4,STARS-758,,,
/Volumes/disk/J/Adult,S/STARS/STARS-760/STARS-760.mp4,STARS-760,,,
/Volumes/disk/D/Adult,S/STA/STARS-766/STARS-766.mp4,STARS-766,,,
/Volumes/disk/J/Adult,S/STARS/STARS-771/STARS-771.mp4,STARS-771,,,
/Volumes/disk/J/Adult,S/STARS-775/STARS-775.mp4,STARS-775,,,
/Volumes/disk/J/Adult,S/STARS-793-C/STARS-793.mp4,STARS-793,,,
/Volumes/disk/G/Adult,S/STARS/STARS-804/STARS-804.mp4,STARS-804,,,
/Volumes/disk/J/Adult,S/STARS-814-C/STARS-814.mp4,STARS-814,,,
/Volumes/disk/D/Adult,S/STA/STARS-818/STARS-818.mp4,STARS-818,,,
/Volumes/disk/J/Adult,S/STARS-821-C/STARS-821.mp4,STARS-821,/v/E2AJbA,1,
/Volumes/disk/J/Adult,S/STARS/STARS-840/STARS-840.mp4,STARS-840,,,
/Volumes/disk/J/Adult,S/STARS-842-C/STARS-842.mp4,STARS-842,,,
/Volumes/disk/J/Adult,S/STARS/STARS-847/STARS-847.mp4,STARS-847,,,
/Volumes/disk/J/Adult,S/STARS/STARS-857/STARS-857.mp4,STARS-857,,,
/Volumes/disk/J/Adult,S/stars-859/stars-859.mp4,STARS-859,,,
/Volumes/disk/J/Adult,S/STARS/STARS-863/STARS-863.mp4,STARS-863,,,
/Volumes/disk/J/Adult,S/STARS/STARS-864/STARS-864.mp4,STARS-864,,,
/Volumes/disk/D/Adult,S/STA/STARS-875/STARS-875.mp4,STARS-875,,,
/Volumes/disk/J/Adult,S/STARS/STARS-879/STARS-879.mp4,STARS-879,/v/AzOx9m,1,
/Volumes/disk/J/Adult,S/STARS/STARS-882/STARS-882.mp4,STARS-882,/v/MmGbX7,1,
/Volumes/disk/J/Adult,S/STARS/STARS-892/STARS-892.mp4,STARS-892,,,
/Volumes/disk/D/Adult,S/STA/STARS-894/STARS-894.mp4,STARS-894,,,
/Volumes/disk/J/Adult,S/stars-915-v/stars-915.mp4,STARS-915,,,
/Volumes/disk/J/Adult,S/STARS/STARS-916/STARS-916.mp4,STARS-916,,,
/Volumes/disk/J/Adult,S/STARS/STARS-920/STARS-920.mp4,STARS-920,/v/9D3p8X,1,
/Volumes/disk/J/Adult,S/STARS/STARS-936/STARS-936.mp4,STARS-936,,,
/Volumes/disk/J/Adult,S/stars-942-4k/stars-942.mp4,STARS-942,,,
/Volumes/disk/J/Adult,S/stars-950/stars-950.mp4,STARS-950,/v/d40Qv8,1,
/Volumes/disk/J/Adult,S/stars-963/stars-963.mp4,STARS-963,,,
/Volumes/disk/J/Adult,S/stars-964/stars-964.mp4,STARS-964,,,
/Volumes/disk/J/Adult,S/stars-975/stars-975.mp4,STARS-975,,,
/Volumes/disk/J/Adult,0/529STCV-118/529STCV-118.mp4,STCV-118,,,
/Volumes/disk/J/Adult,S/STC/STCV-239/STCV-239.mp4,STCV-239,/v/qD3E5a,1,
/Volumes/disk/J/Adult,0/529STCV-246/529STCV-246.mp4,STCV-246,,,
/Volumes/disk/J/Adult,0/529STCV-247-C_GG5/529STCV-247.mp4,STCV-247,,,
/Volumes/disk/D/Adult,S/STC/STCV-263/STCV-263.mp4,STCV-263,,,
/Volumes/disk/D/Adult,S/STC/STCV-267/STCV-267.mp4,STCV-267,/v/1Bm9pw,1,
/Volumes/disk/G/Adult,S/STCV/STCV-276/STCV-276.mp4,STCV-276,/v/8V17Xx,1,
/Volumes/disk/J/Adult,0/529STCV-285/529STCV-285.mp4,STCV-285,/v/XWwNqV,1,
/Volumes/disk/J/Adult,0/529STCV-289/529STCV-289.mp4,STCV-289,,,
/Volumes/disk/J/Adult,0/529STCV-297/529STCV-297.mp4,STCV-297,,,
/Volumes/disk/D/Adult,S/STC/STCV-299/STCV-299.mp4,STCV-299,,,
/Volumes/disk/J/Adult,S/STC/STCV-304/STCV-304.mp4,STCV-304,,,
/Volumes/disk/J/Adult,S/STCV/STCV-311/STCV-311.mp4,STCV-311,,,
/Volumes/disk/J/Adult,0/529STCV-318/529STCV-318.mp4,STCV-318,/v/zK2VYW,1,
/Volumes/disk/J/Adult,S/STCV/STCV-321/STCV-321.mp4,STCV-321,,,
/Volumes/disk/J/Adult,S/STCV/STCV-324/STCV-324.mp4,STCV-324,,,
/Volumes/disk/J/Adult,S/STCV/STCV-338/STCV-338.mp4,STCV-338,,,
/Volumes/disk/J/Adult,S/STCV/STCV-355/STCV-355.mp4,STCV-355,/v/45JOmv,1,
/Volumes/disk/J/Adult,0/529STCV-365/529STCV-365.mp4,STCV-365,/v/35Y9RD,1,
/Volumes/disk/J/Adult,S/STHS-010/STHS-010.mp4,STHS-010,/v/zKPaa6,1,
/Volumes/disk/J/Adult,S/STHS/STHS-012/STHS-012.mp4,STHS-012,/v/8VWd8V,1,
/Volumes/disk/J/Adult,S/STIME/STIME-012/STIME-012.mp4,STIME-012,/v/0R7Q0k,1,
/Volumes/disk/G/Adult,S/STKO/STKO-004/STKO-004.mp4,STKO-004,/v/gQB1q,1,
/Volumes/disk/J/Adult,S/STSK/STSK-023/STSK-023.mp4,STSK-023,/v/XXADM,1,
/Volumes/disk/J/Adult,S/STSK-026/STSK-026.mp4,STSK-026,/v/RVm78,1,
/Volumes/disk/J/Adult,S/STS/STSK-038/STSK-038.mp4,STSK-038,,,
/Volumes/disk/D/Adult,S/STS/STSK-042/STSK-042.mp4,STSK-042,/v/p3Pggw,1,
/Volumes/disk/D/Adult,S/STS/STSK-071/STSK-071.mp4,STSK-071,,,
/Volumes/disk/J/Adult,0/107STZY-008/107STZY-008.mp4,STZY-008,,,
/Volumes/disk/G/Adult,S/SUJI/SUJI-170/SUJI-170.mp4,SUJI-170,/v/5Emxz6,1,
/Volumes/disk/J/Adult,S/SUJI/SUJI-173/SUJI-173.mp4,SUJI-173,/v/B8a8Yr,1,
/Volumes/disk/J/Adult,S/SUJI-175/SUJI-175.mp4,SUJI-175,/v/O2Ann0,1,
/Volumes/disk/J/Adult,S/SUJI/SUJI-177/SUJI-177.mp4,SUJI-177,/v/Azr2AM,1,
/Volumes/disk/J/Adult,S/SUJI/SUJI-199/SUJI-199.mp4,SUJI-199,/v/PQNxJE,1,
/Volumes/disk/J/Adult,0/428SUKE-125/428SUKE-125.mp4,SUKE-125,/v/D2zRRM,1,
/Volumes/disk/G/Adult,S/SUKE/SUKE-145/SUKE-145.mp4,SUKE-145,/v/g0KMzQ,1,
/Volumes/disk/J/Adult,S/SUKE-147/SUKE-147.mp4,SUKE-147,,,
/Volumes/disk/G/Adult,S/SUKE/SUKE-157/SUKE-157.mp4,SUKE-157,/v/AzBZdK,1,
/Volumes/disk/D/Adult,S/SUK/SUKE-164/SUKE-164.mp4,SUKE-164,,,
/Volumes/disk/J/Adult,S/SUKE/SUKE-166/SUKE-166.mp4,SUKE-166,/v/76rMMJ,1,
/Volumes/disk/J/Adult,S/SUKE-181/SUKE-181.mp4,SUKE-181,,,
/Volumes/disk/D/Adult,S/SUN/SUN-035/SUN-035.mp4,SUN-035,/v/r5xZr,1,
/Volumes/disk/J/Adult,S/SUN/SUN-096/SUN-096.mp4,SUN-096,,,
/Volumes/disk/G/Adult,S/SUPA/SUPA-564/SUPA-564.mp4,SUPA-564,,,
/Volumes/disk/J/Adult,S/SUPA-628/SUPA-628.mp4,SUPA-628,,,
/Volumes/disk/G/Adult,S/SVDVD/SVDVD-739/SVDVD-739.mp4,SVDVD-739,,,
/Volumes/disk/J/Adult,S/SVDVD/SVDVD-811/SVDVD-811.mp4,SVDVD-811,/v/krAY0,1,
/Volumes/disk/J/Adult,S/SW/SW-906/SW-906.mp4,SW-906,/v/0RBX5a,1,
/Volumes/disk/J/Adult,S/sybi-005/sybi-005.mp4,SYBI-005,,,
/Volumes/disk/G/Adult,S/SYX/SYX-190/SYX-190.mp4,SYX-190,,,
/Volumes/disk/J/Adult,T/TDMN-004/TDMN-004.mp4,TDMN-004,,,
/Volumes/disk/J/Adult,T/TDMN/TDMN-004/TDMN-004.mp4,TDMN-004,,,
/Volumes/disk/J/Adult,T/TDMN/TDMN-005/TDMN-005.mp4,TDMN-005,,,
/Volumes/disk/J/Adult,T/TDMN/TDMN-007/TDMN-007.mp4,TDMN-007,,,
/Volumes/disk/G/Adult,T/TDMN/TDMN-008/TDMN-008.mp4,TDMN-008,,,
/Volumes/disk/G/Adult,T/TDMN/TDMN-009/TDMN-009.mp4,TDMN-009,/v/MmX7AJ,1,
/Volumes/disk/J/Adult,T/TDMN-009/TDMN-009.mp4,TDMN-009,/v/MmX7AJ,1,
/Volumes/disk/J/Adult,T/TDMN-011/TDMN-011.mp4,TDMN-011,/v/k4YydP,1,
/Volumes/disk/G/Adult,T/TDMN/TDMN-013/TDMN-013.mp4,TDMN-013,/v/k437qe,1,
/Volumes/disk/J/Adult,T/TDMN/TDMN-013/TDMN-013.mp4,TDMN-013,/v/k437qe,1,
/Volumes/disk/J/Adult,T/TDMN/TDMN-019/TDMN-019.mp4,TDMN-019,,,
/Volumes/disk/J/Adult,T/TEAM/TEAM-066/TEAM-066.mp4,TEAM-066,/v/1re4,1,
/Volumes/disk/J/Adult,T/TEAM/TEAM-067/TEAM-067.mp4,TEAM-067,/v/Y5Ex,1,
/Volumes/disk/J/Adult,T/TEAM-073-UC/TEAM-073.mp4,TEAM-073,/v/0g5E,1,
/Volumes/disk/G/Adult,T/TEK/TEK-098/TEK-098.mp4,TEK-098,/v/QkJ3q,1,
/Volumes/disk/J/Adult,T/TENN/TENN-012/TENN-012.mp4,TENN-012,/v/xvWyyB,1,
/Volumes/disk/J/Adult,T/TENN-015/TENN-015.mp4,TENN-015,,,
/Volumes/disk/G/Adult,T/TIGR/TIGR-007/TIGR-007.mp4,TIGR-007,,,
/Volumes/disk/J/Adult,T/tki-081/[Thz.la]tki-081.mp4,TKI-081,/v/6d0y7,1,
/Volumes/disk/J/Adult,T/TKOU/TKOU-001/TKOU-001.mp4,TKOU-001,,,
/Volumes/disk/J/Adult,T/TMAVR/TMAVR-172/TMAVR-172.mp4,TMAVR-172,/v/Nw9rGB,1,
/Volumes/disk/J/Adult,0/354TMGV-008/354TMGV-008.mp4,TMGV-008,,,
/Volumes/disk/J/Adult,0/354TMGV-009/354TMGV-009.mp4,TMGV-009,,,
/Volumes/disk/J/Adult,0/354TMGV-010/354TMGV-010.mp4,TMGV-010,,,
/Volumes/disk/J/Adult,T/TMY/TMY-006/TMY-006.mp4,TMY-006,,,
/Volumes/disk/J/Adult,xunlei/TRE-117/TRE-117A.mp4,TRE-117A,,,
/Volumes/disk/J/Adult,xunlei/TRE-117/TRE-117B.mp4,TRE-117B,,,
/Volumes/disk/J/Adult,xunlei/TRE-117/TRE-117C.mp4,TRE-117C,,,
/Volumes/disk/J/Adult,T/TRE-181/TRE-181.mp4,TRE-181,/v/m5YPd,1,
/Volumes/disk/J/Adult,T/TRE-181/tre-181_1.mp4,TRE-181,/v/m5YPd,1,
/Volumes/disk/J/Adult,xunlei/TRE-181/TRE-181.mp4,TRE-181,/v/m5YPd,1,
/Volumes/disk/J/Adult,xunlei/TRE-181/tre-181_1.mp4,TRE-181,/v/m5YPd,1,
/Volumes/disk/J/Adult,T/TRE-196/TRE-196.mp4,TRE-196,/v/PQMmva,1,
/Volumes/disk/D/Adult,T/TRE/TRE-217/TRE-217.mp4,TRE-217,/v/medqXv,1,
/Volumes/disk/J/Adult,T/TYSF/TYSF-021/TYSF-021.mp4,TYSF-021,/v/bAAWqP,1,
/Volumes/disk/J/Adult,T/TYSF/TYSF-024/TYSF-024.mp4,TYSF-024,/v/NwRD4g,1,
/Volumes/disk/G/Adult,T/TYSF/TYSF-029/TYSF-029.mp4,TYSF-029,/v/vDrZNG,1,
/Volumes/disk/D/Adult,T/TYS/TYSF-034/TYSF-034.mp4,TYSF-034,/v/9DQgNg,1,
/Volumes/disk/G/Adult,T/TYSF/TYSF-034/TYSF-034.mp4,TYSF-034,/v/9DQgNg,1,
/Volumes/disk/G/Adult,U/UMSO/UMSO-458/UMSO-458.mp4,UMSO-458,/v/KzD7P,1,
/Volumes/disk/J/Adult,U/UMSO/UMSO-464/UMSO-464.mp4,UMSO-464,/v/meOEQM,1,
/Volumes/disk/J/Adult,U/UMSO/UMSO-499/UMSO-499.mp4,UMSO-499,/v/rm9DaJ,1,
/Volumes/disk/D/Adult,U/UMS/UMSO-501/UMSO-501.mp4,UMSO-501,/v/VwJvB2,1,
/Volumes/disk/J/Adult,U/UMSO/UMSO-511/UMSO-511.mp4,UMSO-511,/v/5EZnX8,1,
/Volumes/disk/J/Adult,U/UMSO/UMSO-516/UMSO-516.mp4,UMSO-516,/v/W18ReQ,1,
/Volumes/disk/D/Adult,U/URA/URAM-002/URAM-002.mkv,URAM-002,/v/MmBrk,1,
/Volumes/disk/G/Adult,U/URE/URE-052/URE-052.mp4,URE-052,/v/pxZQq,1,
/Volumes/disk/J/Adult,U/URH/URHJ-003/URHJ-003.mp4,URHJ-003,,,
/Volumes/disk/G/Adult,U/URKK/URKK-062/URKK-062.mp4,URKK-062,/v/JrQpA,1,
/Volumes/disk/G/Adult,U/URKK/URKK-085/URKK-085.mp4,URKK-085,,,
/Volumes/disk/J/Adult,U/URKK-095/URKK-095.mp4,URKK-095,/v/D2pDQa,1,
/Volumes/disk/J/Adult,0/2023-10-12 URVRSP-276 5K Erika Ozaki/urvrsp00276vrv1uhqf1.mp4,URVRSP-00276V,,,
/Volumes/disk/J/Adult,0/2023-10-12 URVRSP-276 5K Erika Ozaki/urvrsp00276vrv1uhqf2.mp4,URVRSP-00276V,,,
/Volumes/disk/J/Adult,0/2023-10-12 URVRSP-276 5K Erika Ozaki/urvrsp00276vrv1uhqf3.mp4,URVRSP-00276V,,,
/Volumes/disk/G/Adult,U/USBA/USBA-055/USBA-055.mp4,USBA-055,/v/QVJWe4,1,
/Volumes/disk/G/Adult,U/USBA/USBA-058/USBA-058.mp4,USBA-058,/v/g0Pr8G,1,
/Volumes/disk/J/Adult,U/usba-060/usba-060.mp4,USBA-060,/v/GMEx62,1,
/Volumes/disk/J/Adult,0/771UZU-002/771UZU-002.mp4,UZU-002,/v/45w4zE,1,
/Volumes/disk/J/Adult,V/VEMA/VEMA-166/VEMA-166.mp4,VEMA-166,/v/2ObVZ,1,
/Volumes/disk/J/Adult,V/VIXEN/VIXEN-1810-5/VIXEN-1810.mp4,VIXEN-1810,,,
/Volumes/disk/D/Adult,V/VOT/VOTAN-016/VOTAN-016.mp4,VOTAN-016,/v/rmqd9v,1,
/Volumes/disk/D/Adult,V/VOT/VOTAN-018/VOTAN-018.mp4,VOTAN-018,/v/YnxV1B,1,
/Volumes/disk/G/Adult,V/VOTAN/VOTAN-021/VOTAN-021.mp4,VOTAN-021,,,
/Volumes/disk/J/Adult,0/354VOV-117/354VOV-117.mp4,VOV-117,,,
/Volumes/disk/J/Adult,VR/vrkm00220pl/vrkm00220.part1-icao.me.mp4,VRKM-00220,,,
/Volumes/disk/J/Adult,VR/vrkm00220pl/vrkm00220.part2-icao.me.mp4,VRKM-00220,,,
/Volumes/disk/J/Adult,VR/vrkm00220pl/vrkm00220.part3-icao.me.mp4,VRKM-00220,,,
/Volumes/disk/J/Adult,VR/vrkm-1152/vrkm-1152-2.mp4,VRKM-1152,/v/meXRer,1,
/Volumes/disk/J/Adult,VR/vrkm-1152/vrkm-1152-3.mp4,VRKM-1152,/v/meXRer,1,
/Volumes/disk/J/Adult,VR/vrkm-1152/vrkm-1152.mp4,VRKM-1152,/v/meXRer,1,
/Volumes/disk/J/Adult,VR/VRKM-545/VRKM-545_A.mp4,VRKM-545,/v/vnA38,1,
/Volumes/disk/J/Adult,VR/VRKM-545/VRKM-545_B.mp4,VRKM-545,/v/vnA38,1,
/Volumes/disk/J/Adult,VR/VRKM-545/VRKM-545_C.mp4,VRKM-545,/v/vnA38,1,
/Volumes/disk/J/Adult,VR/VRKM-545/VRKM-545_D.mp4,VRKM-545,/v/vnA38,1,
/Volumes/disk/J/Adult,VR/VRKM-545/VRKM-545_E.mp4,VRKM-545,/v/vnA38,1,
/Volumes/disk/J/Adult,VR/VRKM-545/VRKM-545_F.mp4,VRKM-545,/v/vnA38,1,
/Volumes/disk/J/Adult,VR/VRKM-545/VRKM-545_G.mp4,VRKM-545,/v/vnA38,1,
/Volumes/disk/J/Adult,VR/VRKM-545/VRKM-545_H.mp4,VRKM-545,/v/vnA38,1,
/Volumes/disk/G/Adult,W/WAAA/WAAA-017/WAAA-017.mp4,WAAA-017,/v/dP6xM,1,
/Volumes/disk/J/Adult,W/waaa-018/waaa-018.mp4,WAAA-018,/v/Nb3XN,1,
/Volumes/disk/G/Adult,W/WAAA/WAAA-019/WAAA-019.mp4,WAAA-019,/v/YgPAd,1,
/Volumes/disk/J/Adult,W/waaa-020-C/waaa-020.mp4,WAAA-020,,,
/Volumes/disk/J/Adult,W/waaa-054/waaa-054.mp4,WAAA-054,/v/aWEPq,1,
/Volumes/disk/D/Adult,W/WAA/waaa-087/waaa-087.mp4,WAAA-087,/v/A8az0,1,
/Volumes/disk/D/Adult,W/WAA/WAAA-098/WAAA-098.mp4,WAAA-098,/v/bJKWv,1,
/Volumes/disk/J/Adult,W/WAAA/WAAA-117/WAAA-117.mp4,WAAA-117,/v/Zkz3X,1,
/Volumes/disk/G/Adult,W/WAAA/WAAA-126/WAAA-126.mp4,WAAA-126,/v/26Y9Z,1,
/Volumes/disk/J/Adult,W/WAAA/WAAA-128/WAAA-128.mp4,WAAA-128,/v/vvMZn,1,
/Volumes/disk/J/Adult,W/WAAA/WAAA-133/WAAA-133.mp4,WAAA-133,/v/xQkMQ,1,
/Volumes/disk/J/Adult,W/WAAA-154/WAAA-154.mp4,WAAA-154,/v/qzg8D,1,
/Volumes/disk/J/Adult,W/WAAA/WAAA-155/WAAA-155.mp4,WAAA-155,/v/edAbr,1,
/Volumes/disk/J/Adult,W/WAAA/WAAA-163/WAAA-163.mp4,WAAA-163,/v/Am0PM,1,
/Volumes/disk/D/Adult,W/WAA/WAAA-177/WAAA-177.mp4,WAAA-177,/v/XnEg4,1,
/Volumes/disk/J/Adult,W/WAAA/WAAA-195/WAAA-195.mp4,WAAA-195,/v/RddAqg,1,
/Volumes/disk/J/Adult,W/WAAA/WAAA-211/WAAA-211.mp4,WAAA-211,,,
/Volumes/disk/G/Adult,W/WAAA/WAAA-234/WAAA-234.mp4,WAAA-234,/v/g03zXq,1,
/Volumes/disk/J/Adult,W/waaa-250/waaa-250.mp4,WAAA-250,/v/bA7BPa,1,
/Volumes/disk/D/Adult,W/WAA/WAAA-255/WAAA-255.mp4,WAAA-255,/v/wqya8e,1,
/Volumes/disk/D/Adult,W/WAA/waaa-256/waaa-256.mp4,WAAA-256,/v/p3XNxk,1,
/Volumes/disk/J/Adult,W/WAAA-256/WAAA-256.mp4,WAAA-256,/v/p3XNxk,1,
/Volumes/disk/J/Adult,W/WAAA/WAAA-263/WAAA-263.mp4,WAAA-263,/v/1BmeEY,1,
/Volumes/disk/J/Adult,W/WAAA-269/WAAA-269.mp4,WAAA-269,/v/akp5a3,1,
/Volumes/disk/D/Adult,W/WAA/waaa-276/waaa-276.mp4,WAAA-276,,,
/Volumes/disk/J/Adult,W/WAAA/WAAA-282/WAAA-282.mp4,WAAA-282,/v/meakXy,1,
/Volumes/disk/J/Adult,W/WAAA-292/WAAA-292.mp4,WAAA-292,/v/W1XpPR,1,
/Volumes/disk/J/Adult,W/waaa-316/waaa-316.mp4,WAAA-316,/v/MmaGGP,1,
/Volumes/disk/J/Adult,W/WANZ-105-U/WANZ-105.mp4,WANZ-105,/v/KkEyA,1,
/Volumes/disk/J/Adult,W/wanz-332-C/wanz-332.mp4,WANZ-332,/v/96Q6p,1,
/Volumes/disk/J/Adult,W/WAN/WANZ-350/WANZ-350.mkv,WANZ-350,/v/AqXqy,1,
/Volumes/disk/D/Adult,W/WAN/WANZ-359/WANZ-359.mp4,WANZ-359,/v/96e4R,1,
/Volumes/disk/J/Adult,W/wanz-373-uncensored/wanz-373.mp4,WANZ-373,/v/Rk8kg,1,
/Volumes/disk/J/Adult,W/WANZ/WANZ-403/WANZ-403.mp4,WANZ-403,/v/96Q6g,1,
/Volumes/disk/J/Adult,W/WANZ-528-U/WANZ-528.mp4,WANZ-528,/v/GZEpb,1,
/Volumes/disk/J/Adult,W/WANZ/WANZ-763/WANZ-763.mp4,WANZ-763,/v/OXk1v,1,
/Volumes/disk/J/Adult,W/WANZ/WANZ-791/WANZ-791.mp4,WANZ-791,/v/4D3a6,1,
/Volumes/disk/J/Adult,W/WANZ/WANZ-870/WANZ-870.mp4,WANZ-870,/v/wYR6e,1,
/Volumes/disk/G/Adult,W/WANZ/WANZ-905/WANZ-905.mp4,WANZ-905,/v/AEB5y,1,
/Volumes/disk/J/Adult,W/WANZ/WANZ-905/WANZ-905.mp4,WANZ-905,/v/AEB5y,1,
/Volumes/disk/J/Adult,W/wanz-953/wanz-953.mp4,WANZ-953,/v/kDK1J,1,
/Volumes/disk/G/Adult,W/WANZ/WANZ-976/WANZ-976.mp4,WANZ-976,/v/g37GN,1,
/Volumes/disk/G/Adult,W/WSABO/WSABO-001/WSABO-001.mp4,WSABO-001,,,
/Volumes/disk/G/Adult,X/XRW/XRW-378/XRW-378.mp4,XRW-378,/v/9a28,1,
/Volumes/disk/J/Adult,X/XVSR/XVSR-506/XVSR-506.mp4,XVSR-506,/v/5KWG7,1,
/Volumes/disk/J/Adult,X/XVSR-652/XVSR-652.mp4,XVSR-652,,,
/Volumes/disk/G/Adult,X/XVSR/XVSR-665/XVSR-665.mp4,XVSR-665,/v/vDDQKz,1,
/Volumes/disk/J/Adult,X/XVSR/XVSR-668/XVSR-668.mp4,XVSR-668,,,
/Volumes/disk/J/Adult,0/46NSM-031/aaxv.xyz-346NSM.mp4,XYZ-346N,,,
/Volumes/disk/G/Adult,Y/YMDD/YMDD-057/YMDD-057.mkv,YMDD-057,/v/d4gM0,1,
/Volumes/disk/G/Adult,Y/YMDD/YMDD-173/YMDD-173.mp4,YMDD-173,,,
/Volumes/disk/G/Adult,Y/YMDD/YMDD-177/YMDD-177.mp4,YMDD-177,,,
/Volumes/disk/G/Adult,Y/YMDD/YMDD-190/YMDD-190.mp4,YMDD-190,/v/X7AZ1,1,
/Volumes/disk/G/Adult,Y/YMDD/YMDD-191/YMDD-191.mp4,YMDD-191,/v/a3GyW,1,
/Volumes/disk/G/Adult,Y/YMDD/YMDD-197/YMDD-197.mp4,YMDD-197,,,
/Volumes/disk/G/Adult,Y/YMDD/YMDD-216/YMDD-216.mp4,YMDD-216,,,
/Volumes/disk/G/Adult,Y/YMDD/YMDD-302/YMDD-302.mp4,YMDD-302,/v/rm4q0q,1,
/Volumes/disk/G/Adult,Y/YMDD/YMDD-314/YMDD-314.mp4,YMDD-314,/v/J2qNyA,1,
/Volumes/disk/J/Adult,Y/YMDD-322/YMDD-322.mp4,YMDD-322,,,
/Volumes/disk/G/Adult,Y/YMDS/YMDS-010/YMDS-010.mp4,YMDS-010,,,
/Volumes/disk/J/Adult,Y/YMYM-002/YMYM-002.mp4,YMYM-002,/v/k4br74,1,
/Volumes/disk/J/Adult,Y/YMYM-004/YMYM-004.mp4,YMYM-004,,,
/Volumes/disk/J/Adult,0/777YMYM-011/777YMYM-011.mp4,YMYM-011,/v/Rdx5kK,1,
/Volumes/disk/J/Adult,0/777YMYM-013/777YMYM-013.mp4,YMYM-013,/v/mearOr,1,
/Volumes/disk/J/Adult,0/777YMYM-026/777YMYM-026.mp4,YMYM-026,/v/RdDZ8m,1,
/Volumes/disk/D/Adult,Y/YRH/YRH-344/YRH-344.mp4,YRH-344,/v/rmXZwZ,1,
/Volumes/disk/G/Adult,Y/YSN/YSN-590/YSN-590.mp4,YSN-590,/v/Nwkb23,1,
/Volumes/disk/G/Adult,Y/YSN/YSN-591/YSN-591.mp4,YSN-591,/v/O2MGKv,1,
/Volumes/disk/G/Adult,Y/YSS/YSS-104/YSS-104.mp4,YSS-104,/v/k4yMGJ,1,
/Volumes/disk/J/Adult,Y/YSS/YSS-110/YSS-110.mp4,YSS-110,/v/PQrkN9,1,
/Volumes/disk/J/Adult,Y/YST/YST-260/YST-260.mp4,YST-260,/v/q28XM,1,
/Volumes/disk/G/Adult,Y/YST/YST-278/YST-278.mp4,YST-278,/v/p3N5Vk,1,
/Volumes/disk/G/Adult,Y/YST/YST-285/YST-285.mp4,YST-285,/v/wq78De,1,
/Volumes/disk/G/Adult,Y/YST/YST-286/YST-286.mp4,YST-286,/v/B8XJWG,1,
/Volumes/disk/G/Adult,Y/YST/YST-287/YST-287.mp4,YST-287,/v/ne5Nge,1,
/Volumes/disk/G/Adult,Y/YST/YST-288/YST-288.mp4,YST-288,/v/J2GQZ8,1,
/Volumes/disk/J/Adult,Y/YST-290/YST-290.mp4,YST-290,/v/D2EYk2,1,
/Volumes/disk/J/Adult,Y/YUJ-009/YUJ-009.mp4,YUJ-009,,,
/Volumes/disk/J/Adult,Y/YUJ/YUJ-010/YUJ-010.mp4,YUJ-010,,,
/Volumes/disk/J/Adult,Y/YVG/YVG-056/YVG-056.mp4,YVG-056,,,
/Volumes/disk/G/Adult,Z/ZEX/ZEX-408/ZEX-408.mp4,ZEX-408,/v/5M3KB,1,
/Volumes/disk/G/Adult,Z/ZMAR/ZMAR-081/ZMAR-081.mp4,ZMAR-081,/v/d497qQ,1,
/Volumes/disk/J/Adult,Z/ZOCM-019/ZOCM-019.mp4,ZOCM-019,,,
/Volumes/disk/J/Adult,Z/ZOCM/ZOCM-054/ZOCM-054.mp4,ZOCM-054,/v/ne7krw,1,
/Volumes/disk/G/Adult,Z/ZRO/ZRO-094/ZRO-094.mkv,ZRO-094,,,
